date,dow,prev_close,open,open2,gap,gapdays,close,h,l,c30,c60,c120,filled,fill30,fill60,rng1h,idx,gatr
2023-10-03,1,18.23,17.85,17.94,-2.0844761382336707,1,17.24,18.19,17.02,18.1,17.48,17.34,False,False,False,4.089635854341739,1,
2023-10-04,2,17.24,17.39,17.53,0.8700696055684576,1,17.98,18.09,17.32,17.55,17.32,17.69,False,False,False,2.01265094882117,2,
2023-10-05,3,17.98,17.94,17.96,-0.22246941045606095,1,17.76,17.99,17.25,17.68,17.55,17.39,True,True,True,3.1772575250835935,3,
2023-10-06,4,17.76,17.32,17.43,-2.4774774774774855,1,18.67,18.84,17.2,17.42,17.7,17.99,True,False,False,2.944572748267907,4,
2023-10-09,0,18.67,18.3,18.17,-1.9817889662560262,3,18.94,19.03,18.07,18.45,18.37,18.37,True,False,False,2.3497267759562823,5,
2023-10-10,1,18.94,19.0,19.01,0.31678986272438703,1,19.26,19.68,18.92,19.14,19.34,19.56,True,True,True,2.2631578947368407,6,
2023-10-11,2,19.26,19.46,19.62,1.038421599169248,1,19.68,19.7,19.2,19.48,19.44,19.42,True,False,False,1.69578622816032,7,
2023-10-12,3,19.68,19.73,19.72,0.2540650406504197,1,19.44,20.02,19.05,19.71,19.82,19.83,True,True,True,1.824632539280281,8,
2023-10-13,4,19.44,19.54,19.5,0.5144032921810648,1,18.69,19.62,18.48,19.57,19.3,18.85,True,True,True,1.8935516888434034,9,
2023-10-16,0,18.69,18.91,19.11,1.1771000535045317,3,19.32,19.49,18.88,19.1,19.36,19.37,False,False,False,2.5383395029085163,10,
2023-10-17,1,19.32,18.75,18.71,-2.9503105590062084,1,19.14,19.4,18.42,18.53,18.93,19.11,True,False,False,3.146666666666666,11,
2023-10-18,2,19.14,18.73,18.96,-2.14211076280042,1,18.31,19.08,18.16,18.86,18.82,18.73,False,False,False,2.0288307528029845,12,
2023-10-19,3,18.31,18.57,18.53,1.419989077007111,1,17.85,18.75,17.71,18.46,18.29,18.3,True,False,True,1.8847603661820216,13,
2023-10-20,4,17.85,17.75,17.61,-0.5602240896358635,1,17.03,17.84,17.01,17.67,17.41,17.09,False,False,False,2.53521126760563,14,
2023-10-23,0,17.03,16.83,16.77,-1.1743981209630272,3,17.21,17.7,16.53,16.95,17.05,17.31,True,False,True,3.50564468211527,15,
2023-10-24,1,17.21,17.44,17.55,1.3364323067983852,1,17.68,17.78,17.2,17.61,17.68,17.52,True,False,False,1.777522935779809,16,
2023-10-25,2,17.68,17.3,17.07,-2.149321266968318,1,16.37,17.33,16.28,16.99,16.86,16.95,False,False,False,3.0635838150288874,17,
2023-10-26,3,16.37,16.18,16.2,-1.1606597434331123,1,15.4,16.31,15.24,15.88,15.83,15.63,False,False,False,3.955500618046964,18,
2023-10-27,4,15.4,15.78,15.84,2.467532467532463,1,15.66,16.11,15.47,15.84,15.85,16.05,False,False,False,1.5842839036755387,19,
2023-10-30,0,15.66,15.97,16.07,1.9795657726692228,3,16.15,16.34,15.78,16.25,15.89,15.89,False,False,False,3.0056355666875416,20,
2023-10-31,1,16.15,16.16,16.02,0.06191950464398133,1,16.39,16.43,15.8,15.9,16.08,16.02,True,True,True,2.413366336633667,21,0.0122243483477609
2023-11-01,2,16.39,16.5,16.56,0.6711409395973034,1,17.24,17.3,16.48,16.59,16.87,16.73,False,False,False,2.4848484848484858,22,0.13606631296122915
2023-11-02,3,17.24,17.87,17.85,3.6542923433874774,1,18.15,18.18,17.7,17.86,17.89,17.95,False,False,False,1.5668718522663745,23,0.7368196264768234
2023-11-03,4,18.15,18.35,18.37,1.1019283746556585,1,18.8,18.98,18.31,18.61,18.42,18.53,False,False,False,2.2888283378746683,24,0.22545349425568917
2023-11-06,0,18.8,18.89,18.94,0.4787234042553212,3,18.91,19.1,18.66,18.95,18.93,18.96,True,False,False,1.4293276866066866,25,0.10414437182309509
2023-11-07,1,18.91,19.17,19.03,1.3749338974087921,1,19.58,19.68,18.98,19.26,19.41,19.57,False,False,False,2.295252999478358,26,0.30891162902997893
2023-11-08,2,19.58,19.6,19.68,0.10214504596528506,1,19.46,19.71,19.21,19.6,19.45,19.44,True,True,True,1.5306122448979627,27,0.023039504282866226
2023-11-09,3,19.46,19.66,19.59,1.0277492291880685,1,19.12,19.85,19.1,19.73,19.5,19.68,True,False,False,1.5259409969481217,28,0.2318637635781981
2023-11-10,4,19.12,19.37,19.34,1.3075313807531463,1,20.27,20.31,19.28,19.55,19.39,19.78,False,False,False,1.6004130098089764,29,0.2986949599624072
2023-11-13,0,20.27,20.12,20.05,-0.7400098667982191,3,20.28,20.36,19.87,19.96,20.09,20.28,True,False,False,1.4413518886679877,30,0.17005285217266491
2023-11-14,1,20.28,21.23,21.27,4.684418145956615,1,21.53,21.57,21.14,21.42,21.49,21.45,False,False,False,1.7428167687235092,31,1.0863362592525394
2023-11-15,2,21.53,21.8,21.83,1.2540640966093752,1,21.61,21.88,21.3,21.64,21.72,21.8,True,False,False,1.2844036697247758,32,0.3020339161028559
2023-11-16,3,21.61,21.38,21.36,-1.0643220731142988,1,21.49,21.6,21.16,21.53,21.47,21.22,False,False,False,1.4967259120673542,33,0.2634789244099213
2023-11-17,4,21.49,21.43,21.43,-0.2791996277338282,1,21.63,21.74,21.28,21.48,21.46,21.41,True,True,True,0.9799346710219359,34,0.0722870436664561
2023-11-20,0,21.63,21.57,21.83,-0.2773925104022079,3,22.38,22.39,21.57,21.97,21.83,22.03,True,True,True,1.993509503940657,35,0.07425056232119384
2023-11-21,1,22.38,22.04,22.02,-1.5192135835567444,1,21.93,22.07,21.64,21.93,21.68,21.77,False,False,False,1.8148820326678703,36,0.42455309626304
2023-11-22,2,21.93,22.28,22.56,1.5959872321021473,1,22.22,22.7,22.02,22.27,22.25,22.26,False,False,False,3.0520646319569105,37,0.4547427550588909
2023-11-24,4,22.22,22.12,22.18,-0.4500450045004434,2,22.08,22.22,21.92,22.11,21.98,22.03,True,True,True,1.1754068716093942,38,0.13399047607408573
2023-11-27,0,22.08,22.0,21.95,-0.36231884057970065,3,22.1,22.36,21.88,22.03,22.06,22.11,True,True,True,1.454545454545456,39,0.11703030456399185
2023-11-28,1,22.1,21.9,21.99,-0.9049773755656187,1,22.09,22.29,21.83,21.86,21.94,22.17,True,False,False,0.9132420091324331,40,0.3014337625901307
2023-11-29,2,22.09,22.61,22.78,2.354006337709369,1,22.27,22.86,22.14,22.81,22.45,22.19,False,False,False,2.21141088014153,41,0.8028843527878392
2023-11-30,3,22.27,22.15,22.18,-0.5388414907947947,1,21.7,22.22,21.42,21.92,21.8,21.57,False,False,False,2.4379232505643302,42,0.18604909242393114
2023-12-01,4,21.7,21.74,21.57,0.18433179723502668,1,22.14,22.22,21.46,21.65,21.52,21.86,True,True,True,1.6559337626494914,43,0.0651732570602373
2023-12-04,0,22.14,21.45,21.5,-3.1165311653116534,3,21.29,21.5,20.86,21.36,21.0,21.06,False,False,False,2.4708624708624765,44,1.0863442687755875
2023-12-05,1,21.29,21.16,21.15,-0.6106153123532132,1,21.59,21.84,21.13,21.41,21.56,21.51,True,True,True,2.930056710775052,45,0.21535060141566062
2023-12-06,2,21.59,22.14,21.88,2.547475683186673,1,21.47,22.14,21.38,21.8,21.57,21.64,True,False,True,2.845528455284548,46,0.8824709319213172
2023-12-07,3,21.47,21.74,21.86,1.257568700512346,1,22.1,22.26,21.56,21.63,21.97,21.88,False,False,False,1.9319227230910843,47,0.4372918170641901
2023-12-08,4,22.1,21.82,21.87,-1.2669683257918618,1,22.47,22.49,21.79,21.99,22.41,22.22,True,True,True,3.116406966086158,48,0.43549598754059304
2023-12-11,0,22.47,22.33,22.48,-0.6230529595015577,3,22.94,23.03,22.31,22.67,22.62,22.64,True,True,True,1.8808777429467163,49,0.21641941093338207
2023-12-12,1,22.94,22.99,22.86,0.21795989537922722,1,23.42,23.43,22.78,23.08,23.08,23.2,True,True,True,1.7398869073510161,50,0.07856512984890507
2023-12-13,2,23.42,23.69,23.84,1.1528608027327136,1,24.38,24.46,23.55,23.7,23.77,23.68,False,False,False,1.0552975939214857,51,0.41264177036435684
2023-12-14,3,24.38,24.62,24.73,0.9844134536505456,1,24.25,24.85,23.77,24.73,24.49,24.38,True,False,False,1.584077985377744,52,0.3412596807284
2023-12-15,4,24.25,24.47,24.5,0.9072164948453532,1,24.58,24.89,24.36,24.61,24.8,24.85,False,False,False,1.471189211279115,53,0.3053621583854593
2023-12-18,0,24.58,24.74,24.82,0.6509357200976451,3,25.24,25.29,24.68,24.88,24.98,24.97,False,False,False,1.2530315278900515,54,0.21870278571130009
2023-12-19,1,25.24,25.21,25.3,-0.11885895404118996,1,25.41,25.47,25.17,25.32,25.38,25.4,True,True,True,0.912336374454569,55,0.039721543589554355
2023-12-20,2,25.41,25.23,25.27,-0.708382526564344,1,24.59,25.63,24.56,25.38,25.54,25.49,True,False,True,1.4665081252477108,56,0.24753681953721543
2023-12-21,3,24.59,24.94,24.98,1.4233428222854894,1,24.77,25.09,24.47,24.81,24.73,24.83,True,False,True,2.0048115477145148,57,0.47823761918264207
2023-12-22,4,24.77,25.29,25.28,2.0993136859103645,1,25.22,25.46,24.82,25.38,25.4,25.28,False,False,False,0.8303677342823285,58,0.7121338198914352
2023-12-26,1,25.22,25.32,25.41,0.3965107057890549,4,25.58,25.58,25.31,25.46,25.46,25.44,False,False,False,0.8293838862559275,59,0.1318783221687163
2023-12-27,2,25.58,25.67,25.75,0.3518373729476387,1,25.62,25.82,25.51,25.77,25.62,25.6,True,False,True,1.168679392286705,60,0.11923185853815721
2023-12-28,3,25.62,25.96,25.86,1.3270882123341154,1,25.79,26.0,25.7,25.85,25.86,25.79,False,False,False,1.0015408320493127,61,0.456636262513354
2023-12-29,4,25.79,25.69,25.69,-0.3877471888328765,1,25.46,25.75,25.0,25.71,25.69,25.02,False,False,False,0.5060334760607201,62,0.13824485411052692
2024-01-02,1,25.46,24.66,24.52,-3.142183817753341,4,23.77,24.71,23.77,24.25,24.07,24.24,False,False,False,2.7169505271695122,63,1.1342927837187446
2024-01-03,2,23.77,23.58,23.63,-0.799326882625162,1,23.5,23.76,23.25,23.6,23.46,23.51,False,False,False,1.6963528413910185,64,0.28691161886795824
2024-01-04,3,23.5,22.93,23.04,-2.4255319148936194,1,23.08,23.48,22.89,22.96,23.17,23.4,False,False,False,1.6572176188399435,65,0.8836415649032491
2024-01-05,4,23.08,22.93,23.08,-0.6499133448873429,1,22.97,23.45,22.74,23.02,23.3,23.22,True,True,True,2.136938508504152,66,0.24019175252653188
2024-01-08,0,22.97,23.18,23.32,0.9142359599477512,3,24.4,24.44,23.16,23.68,23.73,23.75,False,False,False,2.502157031924065,67,0.33999177083901433
2024-01-09,1,24.4,23.83,24.02,-2.336065573770496,1,24.53,24.7,23.8,23.99,24.09,24.32,True,False,False,1.5526647083508225,68,0.8330889845689441
2024-01-10,2,24.53,24.58,24.66,0.20383204239704522,1,25.04,25.2,24.42,24.57,24.66,24.7,True,True,True,1.2611879576891731,69,0.07196099176367081
2024-01-11,3,25.04,25.22,25.35,0.7188498402555865,1,25.14,25.48,24.2,25.11,24.81,24.39,True,True,True,3.806502775574944,70,0.25401209774638667
2024-01-12,4,25.14,25.33,25.25,0.7557677008750874,1,25.16,25.48,24.92,25.23,25.14,25.22,True,False,True,1.8160284247927394,71,0.25685558700457095
2024-01-16,1,25.16,24.93,24.97,-0.9141494435612074,4,25.15,25.45,24.67,24.93,25.27,25.28,True,False,True,2.6073004412354535,72,0.31953653996974996
2024-01-17,2,25.15,24.53,24.24,-2.465208747514902,1,24.72,24.79,23.93,24.01,24.21,24.5,False,False,False,2.77211577660008,73,0.881072177461685
2024-01-18,3,24.72,25.29,25.44,2.305825242718451,1,25.78,25.85,25.05,25.43,25.44,25.68,False,False,False,1.1466982997232074,74,0.8048356027990985
2024-01-19,4,25.78,26.15,26.15,1.4352211016291694,1,27.27,27.3,26.05,26.24,26.28,26.45,False,False,False,1.0707456978967402,75,0.49492986907288655
2024-01-22,0,27.27,27.7,27.9,1.5768243491015799,3,27.37,27.95,27.25,27.75,27.5,27.53,True,False,False,1.6967509025270717,76,0.5120635318752298
2024-01-23,1,27.37,27.5,27.19,0.4749725977347463,1,27.68,27.73,27.14,27.44,27.39,27.29,True,True,True,1.309090909090907,77,0.15865962706453388
2024-01-24,2,27.68,28.48,28.31,2.8901734104046284,1,28.16,28.94,28.06,28.37,28.58,28.55,False,False,False,1.369382022471912,78,0.9709542205205252
2024-01-25,3,28.16,28.62,28.53,1.6335227272727293,1,28.22,28.76,27.76,28.36,28.66,28.62,True,False,False,1.4325646401118104,79,0.5436749985473394
2024-01-26,4,28.22,27.84,27.88,-1.3465627214741316,1,27.69,28.19,27.59,27.8,27.95,28.09,False,False,False,1.29310344827586,80,0.430765033618952
2024-01-29,0,27.69,27.81,27.82,0.43336944745393513,3,28.55,28.59,27.67,27.85,27.8,27.85,True,False,False,0.9349154980222998,81,0.1365650060314436
2024-01-30,1,28.55,28.34,28.37,-0.7355516637478132,1,27.97,28.45,27.8,28.38,28.31,28.25,False,False,False,1.1291460832745246,82,0.22418634049361524
2024-01-31,2,27.97,27.09,27.17,-3.1462281015373628,1,26.33,27.48,26.29,26.95,26.74,26.79,False,False,False,1.88261351052048,83,0.9681622012050899
2024-02-01,3,26.33,26.64,26.77,1.1773642233194215,1,27.24,27.31,26.45,26.63,26.93,26.52,False,False,False,1.6891891891891866,84,0.35909074562384374
2024-02-02,4,27.24,27.59,27.62,1.284875183553602,1,28.63,28.83,27.4,27.98,27.95,28.35,False,False,False,2.6458861906487874,85,0.3856160816949776
2024-02-05,0,28.63,28.59,28.65,-0.13971358714635063,3,28.46,28.7,27.79,28.51,28.13,28.06,True,True,True,2.273522210563129,86,0.04035042842664196
2024-02-06,1,28.46,28.69,28.63,0.8081517919887649,1,28.31,28.81,27.82,28.27,28.13,28.27,True,True,True,2.823283373997904,87,0.23310951042249084
2024-02-07,2,28.31,28.85,28.72,1.907453196750275,1,29.15,29.32,28.58,28.71,29.28,29.1,False,False,False,2.461005199306762,88,0.5671429406090626
2024-02-08,3,29.15,29.15,29.1,0.0,1,29.29,29.44,29.01,29.22,29.16,29.28,True,True,True,0.9605488850771787,89,0.0
2024-02-09,4,29.29,29.51,29.46,0.7511095937180023,1,30.13,30.3,29.36,29.68,29.81,29.88,False,False,False,1.5249068112504212,90,0.2334255125397638
2024-02-12,0,30.13,30.1,30.19,-0.09956853634250917,3,29.78,30.56,29.63,30.16,30.12,30.42,True,True,True,0.7308970099667854,91,0.03187956876474522
2024-02-13,1,29.78,28.11,28.11,-5.6077904633982545,1,28.36,28.93,27.72,28.34,28.67,28.74,False,False,False,2.739238705087156,92,1.7705744388732227
2024-02-14,2,28.36,28.9,28.89,1.9040902679830607,1,29.3,29.37,28.43,28.89,29.12,28.72,False,False,False,1.695501730103813,93,0.590231987691208
2024-02-15,3,29.3,29.4,29.32,0.3412969283276279,1,29.5,29.6,28.86,29.03,29.04,29.11,True,True,True,1.768707482993196,94,0.10621260330009642
2024-02-16,4,29.5,29.56,29.49,0.20338983050847137,1,28.69,29.59,28.55,28.83,28.79,29.27,True,True,True,3.518267929634639,95,0.06393850862746175
2024-02-20,1,28.69,28.29,28.38,-1.394214011850825,4,28.03,28.57,27.28,27.81,27.54,27.85,False,False,False,3.7115588547189846,96,0.4471601249832121
2024-02-21,2,28.03,27.48,27.52,-1.9621833749554063,1,27.69,27.7,26.91,27.38,27.38,27.46,False,False,False,1.2736535662299906,97,0.6094547149742073
2024-02-22,3,27.69,29.41,29.27,6.211628746840003,1,30.09,30.29,29.24,29.51,29.68,29.67,False,False,False,1.700102006120367,98,1.9077248097102444
2024-02-23,4,30.09,30.4,30.56,1.0302426055167846,1,29.81,30.6,29.61,30.28,30.12,29.91,True,False,False,1.6447368421052633,99,0.3140929383482575
2024-02-26,0,29.81,29.97,29.96,0.536732640053672,3,29.76,30.17,29.71,29.8,29.98,29.97,True,True,True,1.4014014014013954,100,0.1642297020645685
2024-02-27,1,29.76,29.98,29.95,0.7392473118279508,1,29.96,30.04,29.43,29.83,29.93,29.76,True,True,True,1.4676450967311465,101,0.22836240554142742
2024-02-28,2,29.96,29.51,29.52,-1.502002670226965,1,29.48,29.76,29.27,29.37,29.41,29.69,False,False,False,1.1521518129447639,102,0.4732962562912245
2024-02-29,3,29.48,30.05,30.17,1.9335142469470767,1,30.24,30.42,29.39,30.15,29.98,29.79,True,False,False,1.4975041597337746,103,0.6154087429323787
2024-03-01,4,30.24,30.37,30.56,0.42989417989418577,1,31.56,31.75,30.36,30.55,30.79,31.04,False,False,False,1.6792887718142955,104,0.13896331892472946
2024-03-04,0,31.56,31.55,31.43,-0.03168567807350087,3,31.19,31.63,31.15,31.38,31.34,31.42,True,True,True,0.8557844690966706,105,0.010023899639672712
2024-03-05,1,31.19,30.54,30.24,-2.0840012824623333,1,29.51,30.54,29.01,30.07,29.67,29.64,False,False,False,3.012442698100845,106,0.6998151762815297
2024-03-06,2,29.51,30.36,30.31,2.8803795323619097,1,30.05,30.71,29.67,30.09,29.94,30.33,False,False,False,2.6350461133069736,107,0.9384558239429397
2024-03-07,3,30.05,30.76,30.8,2.3627287853577483,1,31.41,31.65,30.45,30.82,31.05,31.29,False,False,False,1.9505851755526704,108,0.770115288522921
2024-03-08,4,31.41,31.46,31.6,0.15918497293856415,1,30.02,32.06,29.88,31.81,32.01,30.82,True,True,True,2.352193261284165,109,0.05077948324333387
2024-03-11,0,30.02,29.7,29.39,-1.065956029313797,3,29.67,29.93,29.27,29.32,29.47,29.48,False,False,False,1.8518518518518543,110,0.3128223989554605
2024-03-12,1,29.67,30.14,29.92,1.5840916750926803,1,30.94,31.01,29.48,30.06,30.4,30.84,True,True,True,3.0856005308560044,111,0.47154190130457874
2024-03-13,2,30.94,30.71,30.54,-0.7433742727860349,1,30.2,30.71,29.98,30.27,30.29,30.18,False,False,False,2.018886356235757,112,0.21492773088933295
2024-03-14,3,30.2,30.43,30.43,0.761589403973506,1,29.95,30.55,29.39,29.78,30.14,29.97,True,True,True,3.154781465658892,113,0.2265054143455986
2024-03-15,4,29.95,29.34,29.32,-2.03672787979966,1,28.89,29.46,28.64,29.07,29.12,29.11,False,False,False,2.419904567143834,114,0.6007485307629824
2024-03-18,0,28.89,29.93,30.09,3.5998615437867754,3,29.69,30.4,29.64,29.96,30.35,30.11,False,False,False,1.670564650851988,115,1.0574741826846614
2024-03-19,1,29.69,29.27,29.2,-1.4146177164028328,1,29.91,29.98,28.84,29.02,28.95,29.21,True,False,False,1.6057396651861937,116,0.4216123263370038
2024-03-20,2,29.91,30.03,29.96,0.4012036108324901,1,30.84,30.91,29.68,29.75,29.93,29.87,True,True,True,1.3986013986014043,117,0.12077171072400031
2024-03-21,3,30.84,31.87,31.72,3.3398184176394397,1,31.21,31.97,31.21,31.67,31.73,31.72,False,False,False,1.2550988390335804,118,0.9872198962382233
2024-03-22,4,31.21,31.12,31.05,-0.2883691124639487,1,31.31,31.57,30.95,31.09,31.11,31.21,True,False,True,1.0282776349614404,119,0.08675944146623588
2024-03-25,0,31.31,30.74,30.8,-1.8205046311082773,3,31.0,31.31,30.53,30.85,31.01,31.1,True,False,False,2.0494469746258916,120,0.558340522002776
2024-03-26,1,31.0,31.3,31.4,0.967741935483879,1,30.69,31.5,30.64,31.41,31.23,31.3,True,False,False,0.9584664536741236,121,0.2923081910875646
2024-03-27,2,30.69,31.28,31.04,1.9224503095470746,1,30.96,31.3,30.35,30.7,30.53,30.46,True,True,True,3.0370843989769796,122,0.5744940808621524
2024-03-28,3,30.96,30.95,30.82,-0.03229974160207094,1,30.76,31.11,30.7,30.98,30.87,30.96,True,True,True,1.2600969305331198,123,0.009457732323221316
2024-04-01,0,30.76,30.96,31.2,0.6501950585175553,4,30.96,31.49,30.56,31.38,31.13,30.83,True,False,False,2.0025839793281572,124,0.19643221737332234
2024-04-02,1,30.96,29.93,29.83,-3.3268733850129184,1,30.13,30.21,29.5,29.74,29.68,29.82,False,False,False,1.503508185766787,125,1.0295544255476927
2024-04-03,2,30.13,29.69,29.84,-1.460338533023553,1,30.31,30.72,29.69,29.84,30.52,30.68,True,False,True,2.9302795554058516,126,0.4460530260107157
2024-04-04,3,30.31,31.17,31.21,2.837347410095692,1,28.88,31.3,28.87,31.05,31.01,30.98,True,False,False,1.28328521013796,127,0.8875363253064841
2024-04-05,4,28.88,29.19,29.14,1.07340720221607,1,29.93,30.46,29.02,29.52,29.51,29.88,False,False,False,2.4323398424117877,128,0.31428445812302475
2024-04-08,0,29.93,30.1,29.91,0.5679919812896728,3,29.94,30.32,29.66,29.97,30.15,30.13,True,True,True,1.6611295681063123,129,0.16382801713280393
2024-04-09,1,29.94,30.4,30.21,1.5364061456245803,1,30.26,30.46,29.28,30.17,29.87,29.6,True,False,True,2.105263157894739,130,0.47564333662805963
2024-04-10,2,30.26,29.17,29.25,-3.6021150033046956,1,29.42,29.63,29.03,29.37,29.37,29.37,False,False,False,1.6455262255742213,131,1.0872234517616814
2024-04-11,3,29.42,29.81,29.81,1.3256288239292813,1,30.85,31.02,29.34,29.78,29.53,29.71,True,False,True,1.677289500167729,132,0.4192159690474014
2024-04-12,4,30.85,29.93,29.98,-2.9821717990275554,1,29.35,30.17,29.06,30.13,29.84,29.77,False,False,False,1.4032743067156757,133,0.8968687204639373
2024-04-15,0,29.35,30.09,29.78,2.5212947189096946,3,27.88,30.1,27.71,29.95,29.58,29.42,True,False,False,2.3263542705217777,134,0.7594434641466582
2024-04-16,1,27.88,27.8,27.9,-0.2869440459110417,1,27.88,28.39,27.62,27.98,27.81,28.04,True,True,True,1.834532374100725,135,0.08021190035154521
2024-04-17,2,27.88,28.25,28.12,1.3271162123386082,1,26.85,28.25,26.67,27.96,27.76,27.38,True,True,True,2.407079646017698,136,0.369788564489614
2024-04-18,3,26.85,26.94,26.76,0.3351955307262511,1,26.34,27.27,26.26,26.65,26.85,27.09,True,True,True,2.115812917594656,137,0.09124048414885773
2024-04-19,4,26.34,26.13,26.03,-0.7972665148063829,1,24.74,26.23,24.42,25.96,25.6,25.41,False,False,False,3.0233448143895876,138,0.21804582849858248
2024-04-22,0,24.74,25.18,25.11,1.7784963621665373,3,25.45,25.88,24.58,25.17,24.77,24.83,True,False,True,2.5019857029388364,139,0.45795893962518414
2024-04-23,1,25.45,25.8,25.79,1.3752455795677854,1,26.54,26.8,25.74,26.13,26.41,26.5,False,False,False,2.6744186046511675,140,0.3402342586370685
2024-04-24,2,26.54,27.16,27.17,2.33609645817634,1,26.84,27.45,26.41,27.18,27.14,26.82,True,False,False,1.3991163475699522,141,0.566929653393054
2024-04-25,3,26.84,25.44,25.25,-5.216095380029806,1,26.42,26.59,25.24,25.45,25.81,25.69,False,False,False,2.4764150943396324,142,1.2494573425822397
2024-04-26,4,26.42,27.01,27.17,2.233156699470107,1,27.64,27.93,26.88,27.41,27.45,27.64,False,False,False,2.8507960014809313,143,0.520772148651077
2024-04-29,0,27.64,28.04,28.1,1.447178002894356,3,27.98,28.16,27.44,27.79,27.91,27.83,True,True,True,1.961483594864482,144,0.32769005920117084
2024-04-30,1,27.98,27.64,27.73,-1.2151536812008534,1,26.4,27.92,26.37,27.81,27.62,27.34,False,False,False,1.1939218523878503,145,0.27651722539347173
2024-05-01,2,26.4,26.09,26.01,-1.174242424242422,1,25.76,27.39,25.63,25.98,25.94,25.87,True,False,False,1.5714833269451902,146,0.2577197707387933
2024-05-02,3,25.76,26.45,26.29,2.678571428571419,1,26.77,26.92,25.6,26.09,26.09,26.19,True,False,True,3.5538752362948873,147,0.5674806042680833
2024-05-03,4,26.77,28.16,28.07,5.192379529323876,1,28.35,28.53,27.86,28.34,28.08,28.1,False,False,False,2.3792613636363695,148,1.1337468031500955
2024-05-06,0,28.35,28.71,28.68,1.2698412698412653,3,29.28,29.29,28.55,28.87,28.8,28.81,False,False,False,1.2190874259839704,149,0.28522018590522896
2024-05-07,1,29.28,29.35,29.43,0.23907103825135945,1,29.28,29.61,29.14,29.26,29.25,29.52,True,True,True,0.8858603066439575,150,0.053466897414838614
2024-05-08,2,29.28,28.74,28.83,-1.8442622950819776,1,29.24,29.5,28.73,29.14,29.32,29.24,True,False,True,2.157272094641618,151,0.4232509229742697
2024-05-09,3,29.24,29.25,29.21,0.034199726402195374,1,29.39,29.49,28.87,29.1,29.07,29.45,True,True,True,1.538461538461536,152,0.00779305525561205
2024-05-10,4,29.39,29.68,29.86,0.9867301803334394,1,29.57,30.03,29.27,29.93,29.46,29.5,True,False,False,1.9878706199460912,153,0.23422828318708894
2024-05-13,0,29.57,29.96,29.77,1.3189042948934748,3,29.78,29.97,29.49,29.74,29.82,29.71,True,True,True,1.33511348464619,154,0.31740401007228386
2024-05-14,1,29.78,29.68,29.73,-0.335795836131636,1,30.35,30.44,29.64,29.76,30.11,30.09,True,True,True,1.6846361185983827,155,0.0874866923975798
2024-05-15,2,30.35,30.84,30.9,1.6144975288303165,1,31.74,31.8,30.53,30.7,30.94,31.26,False,False,False,1.4915693904020664,156,0.42104159655850204
2024-05-16,3,31.74,31.68,31.7,-0.1890359168241873,1,31.55,32.09,31.49,31.83,31.87,32.02,True,True,True,0.8207070707070644,157,0.05026498173876654
2024-05-17,4,31.55,31.54,31.49,-0.0316957210776625,1,31.48,31.67,31.01,31.47,31.61,31.56,True,True,True,0.729232720355106,158,0.00864107252556654
2024-05-20,0,31.48,31.5,31.73,0.06353240152476847,3,32.12,32.25,31.47,32.04,32.05,32.05,True,True,True,1.9047619047619093,159,0.018542488402198715
2024-05-21,1,32.12,31.7,31.82,-1.3075965130759593,1,32.28,32.32,31.67,31.82,31.94,32.06,True,False,False,0.8517350157728694,160,0.39720635126067166
2024-05-22,2,32.28,32.33,32.4,0.15489467162328463,1,32.24,32.49,31.71,32.43,32.39,32.47,True,True,True,0.6495515001546578,161,0.04857032816664121
2024-05-23,3,32.24,33.25,33.02,3.132754342431765,1,31.76,33.25,31.4,32.57,32.79,32.79,True,False,False,2.255639097744361,162,1.004650418120465
2024-05-24,4,31.76,32.13,32.18,1.164987405541562,1,32.68,32.93,31.97,32.06,32.47,32.81,False,False,False,1.649548708372241,163,0.3720674959692456
2024-05-28,1,32.68,32.93,32.88,0.7649938800489586,4,33.03,33.04,32.4,32.63,32.79,32.95,True,True,True,1.5183723048891589,164,0.24788055752107482
2024-05-29,2,33.03,32.11,32.27,-2.7853466545564642,1,32.31,32.72,32.1,32.45,32.57,32.56,False,False,False,1.7128620367486675,165,0.9117555799641729
2024-05-30,3,32.31,32.07,31.88,-0.7428040854224771,1,31.27,32.14,30.99,31.98,31.89,31.65,False,False,False,1.3408169628936693,166,0.25871945951563224
2024-05-31,4,31.27,31.3,31.17,0.09593859929646342,1,31.23,31.43,29.48,31.0,30.38,29.95,True,True,True,3.4185303514377003,167,0.03536149971959538
2024-06-03,0,31.23,31.87,31.89,2.049311559398026,3,31.55,32.07,30.48,31.66,31.79,31.38,True,False,False,1.7257609036711663,168,0.7384760690296793
2024-06-04,1,31.55,31.5,31.27,-0.15847860538827918,1,31.8,32.06,31.13,31.27,31.4,31.3,True,True,True,1.523809523809525,169,0.0545435486004751
2024-06-05,2,31.8,32.56,32.47,2.3899371069182385,1,33.72,33.73,32.32,32.56,32.77,33.14,False,False,False,1.4127764127764153,170,0.8172718131742808
2024-06-06,3,33.72,33.86,33.86,0.41518386714116673,1,33.67,33.93,33.42,33.49,33.75,33.69,True,True,True,1.329001772002371,171,0.13564811366040444
2024-06-07,4,33.67,33.54,33.32,-0.38610038610039643,1,33.57,34.15,33.31,33.52,33.54,33.7,True,True,True,1.1031604054859794,172,0.12861042819700957
2024-06-10,0,33.57,33.29,33.42,-0.834078045874298,3,33.93,34.02,33.24,33.31,33.54,33.82,True,False,False,0.9011715229798654,173,0.27606292404705246
2024-06-11,1,33.93,33.65,33.77,-0.8252284114353081,1,34.64,34.65,33.32,33.52,33.82,33.97,True,False,False,1.5156017830609154,174,0.27412100475115436
2024-06-12,2,34.64,35.51,35.68,2.511547344110854,1,35.97,36.5,35.35,35.97,36.25,36.2,False,False,False,2.5344973246972646,175,0.802932347939801
2024-06-13,3,35.97,36.78,36.77,2.251876563803168,1,36.56,36.93,36.03,36.75,36.44,36.47,False,False,False,1.9303969548667776,176,0.7137204313079551
2024-06-14,4,36.56,36.47,36.51,-0.2461706783369877,1,37.09,37.09,36.36,36.82,36.74,36.71,True,True,True,1.3984096517685716,177,0.0801448551035922
2024-06-17,0,37.09,37.12,37.03,0.08088433540036633,3,38.44,38.85,36.83,37.11,37.08,37.43,True,True,True,1.2122844827586283,178,0.026287118264979495
2024-06-18,1,38.44,38.41,38.5,-0.07804370447450637,1,38.44,38.61,38.03,38.32,38.34,38.2,True,True,True,0.807081489195528,179,0.024054758188025483
2024-06-20,3,38.44,38.72,38.47,0.7284079084287187,2,37.54,38.82,37.11,38.65,38.28,38.41,True,False,True,2.117768595041323,180,0.2279045013595226
2024-06-21,4,37.54,37.43,37.46,-0.293020777836972,1,37.21,37.75,36.86,37.07,37.15,37.33,True,False,False,1.7098584023510568,181,0.08840832134655692
2024-06-24,0,37.21,36.9,37.11,-0.8331093791991484,3,35.94,37.31,35.9,37.04,36.73,36.84,True,False,True,1.951219512195119,182,0.2514925489478343
2024-06-25,1,35.94,36.39,36.31,1.252086811352271,1,37.14,37.21,36.18,36.39,36.65,36.94,False,False,False,1.5663643858202811,183,0.3881811764561138
2024-06-26,2,37.14,36.79,36.76,-0.9423801830910072,1,37.24,37.34,36.71,37.01,36.97,36.96,True,True,True,1.5493340581679813,184,0.29287830751012345
2024-06-27,3,37.24,37.15,37.48,-0.24167561761547773,1,37.49,37.84,36.96,37.54,37.65,37.17,True,True,True,1.85733512786004,185,0.07538002498473902
2024-06-28,4,37.49,37.64,37.48,0.400106695118696,1,36.81,38.75,36.72,38.07,38.43,37.82,True,True,True,3.4006376195536694,186,0.12394910103422317
2024-07-01,0,36.81,37.05,36.86,0.6519967400162807,3,37.5,37.64,36.21,36.61,36.89,36.97,True,True,True,2.5371120107962155,187,0.1964818215587977
2024-07-02,1,37.5,37.14,37.38,-0.9599999999999942,1,38.67,38.68,37.11,37.59,37.57,37.93,True,True,True,1.8309100700053842,188,0.30001524347508896
2024-07-03,2,38.67,38.47,38.74,-0.5171967933798927,1,39.59,39.65,38.47,38.79,38.72,39.21,True,True,True,1.1177540940992974,189,0.16357933691884863
2024-07-05,4,39.59,39.78,39.9,0.4799191715079587,2,40.82,40.91,39.71,40.2,40.22,40.46,False,False,False,1.6591251885369447,190,0.15151373517416333
2024-07-08,0,40.82,40.9,40.85,0.19598236158744342,3,41.11,41.23,40.64,40.91,40.85,41.08,True,True,True,0.8068459657701844,191,0.06318338136859065
2024-07-09,1,41.11,41.45,41.69,0.827049379712963,1,41.18,41.74,40.81,41.61,41.33,41.24,True,False,False,1.1097708082026558,192,0.26690899159091935
2024-07-10,2,41.18,41.66,41.54,1.1656143759106286,1,42.47,42.59,41.33,41.68,41.74,41.62,False,False,False,1.0561689870379207,193,0.3777619443902044
2024-07-11,3,42.47,42.48,42.45,0.023546032493526603,1,39.69,42.52,39.35,42.32,41.24,40.29,True,True,True,3.507532956685504,194,0.007547649464415292
2024-07-12,4,39.69,39.75,39.72,0.15117157974300355,1,40.28,41.46,39.65,40.32,40.36,40.97,True,True,True,2.314465408805036,195,0.04587706152787948
2024-07-15,0,40.28,40.75,40.84,1.1668321747765553,3,40.63,41.8,40.11,40.82,41.15,41.44,True,False,False,1.496932515337422,196,0.3471793176661133
2024-07-16,1,40.63,40.96,41.06,0.8122077282795903,1,40.67,41.17,39.86,40.54,40.2,40.42,True,True,True,2.880859374999999,197,0.23570231112116108
2024-07-17,2,40.67,38.65,38.51,-4.966805999508239,1,37.07,38.77,37.04,38.36,37.9,37.89,False,False,False,2.7684346701164304,198,1.4167660924942271
2024-07-18,3,37.07,37.9,37.67,2.239007283517669,1,36.53,37.94,35.77,37.49,37.38,36.12,True,False,False,1.899736147757253,199,0.6475896677107237
2024-07-19,4,36.53,36.4,36.55,-0.3558718861210064,1,35.49,36.98,35.22,36.49,36.03,35.72,True,True,True,2.6373626373626204,200,0.09701471067944714
2024-07-22,0,35.49,36.82,36.57,3.747534516765283,3,37.06,37.31,36.05,36.9,36.85,36.2,False,False,False,2.0912547528517194,201,1.015821011003135
2024-07-23,1,37.06,36.86,36.97,-0.5396654074473872,1,36.7,37.56,36.57,37.13,37.19,37.44,True,True,True,1.6820401519262196,202,0.14424225492664972
2024-07-24,2,36.7,35.11,34.79,-4.332425068119905,1,32.69,35.18,32.52,34.42,34.28,33.78,False,False,False,2.8766733124465906,203,1.175814150548925
2024-07-25,3,32.69,32.77,32.47,0.24472315692873892,1,31.59,33.66,31.06,31.83,32.07,32.7,True,True,True,5.370765944461402,204,0.062399064177687584
2024-07-26,4,31.59,32.49,32.17,2.8490028490028463,1,32.57,33.16,31.89,32.32,32.36,32.22,False,False,False,2.246845183133273,205,0.6730477836381593
2024-07-29,0,32.57,33.12,32.99,1.688670555726124,3,32.72,33.58,32.25,33.49,33.16,32.63,True,False,False,2.3248792270531284,206,0.39180350573199973
2024-07-30,1,32.72,33.14,33.09,1.2836185819070867,1,31.34,33.29,30.67,32.82,32.51,31.79,True,True,True,2.4743512371756196,207,0.30266038567499415
2024-07-31,2,31.34,33.49,33.2,6.860242501595404,1,34.1,34.49,33.18,33.59,33.83,34.08,False,False,False,2.418632427590332,208,1.5439073727843073
2024-08-01,3,34.1,34.28,34.46,0.5278592375366653,1,31.66,35.1,30.85,34.93,33.88,32.92,True,False,True,3.5589264877479545,209,0.11921890281990134
2024-08-02,4,31.66,29.81,29.29,-5.843335439039798,1,29.36,30.35,28.5,29.43,29.01,28.96,False,False,False,6.205971150620602,210,1.1939365417484673
2024-08-05,0,29.36,24.57,25.2,-16.314713896457768,3,26.84,28.09,24.4,26.15,26.06,27.2,False,False,False,11.640211640211652,211,3.2283063535136245
2024-08-06,1,26.84,27.06,27.22,0.8196721311475308,1,27.48,28.87,26.57,27.35,27.43,27.54,True,True,True,4.323725055432366,212,0.14298851114160654
2024-08-07,2,27.48,28.78,28.94,4.730713245997098,1,26.6,29.24,26.5,29.07,28.67,28.82,True,False,False,2.362751911049339,213,0.7825528459834747
2024-08-08,3,26.6,27.71,27.68,4.172932330827073,1,29.0,29.17,27.0,27.63,28.39,28.4,False,False,False,5.160591844099602,214,0.6550880765617256
2024-08-09,4,29.0,28.74,28.89,-0.8965517241379395,1,29.45,29.75,28.5,28.62,28.91,28.99,True,True,True,2.5748086290883734,215,0.14033901176589325
2024-08-12,0,29.45,29.6,29.73,0.5093378607810006,3,29.63,30.19,29.05,29.13,29.87,29.56,True,True,True,3.277027027027023,216,0.0798552352104894
2024-08-13,1,29.63,30.48,30.68,2.8687141410732364,1,31.8,31.85,30.45,30.82,30.86,31.17,False,False,False,1.6076115485564368,217,0.45080967113364284
2024-08-14,2,31.8,31.99,31.84,0.597484276729543,1,31.84,32.31,30.93,31.43,31.34,31.83,True,True,True,3.2510159424820344,218,0.09287487730943088
2024-08-15,3,31.84,33.06,33.11,3.831658291457285,1,34.21,34.31,32.99,33.6,33.68,33.79,False,False,False,2.2686025408348454,219,0.5963571696481313
2024-08-16,4,34.21,33.79,33.85,-1.2277111955568576,1,34.32,34.62,33.59,33.78,34.15,33.95,True,False,True,1.9828351583308512,220,0.1936922317550089
2024-08-19,0,34.32,34.33,34.25,0.029137529137512885,3,35.65,35.67,33.94,34.25,34.37,34.61,True,True,True,1.4564520827264784,221,0.004662663033743882
2024-08-20,1,35.65,35.43,35.69,-0.6171107994389913,1,35.42,36.02,35.04,35.99,35.48,35.29,True,True,True,1.8628281117696972,222,0.09749014968229806
2024-08-21,2,35.42,35.58,35.47,0.45172219085261034,1,35.93,36.32,35.21,35.79,35.76,35.71,True,False,False,1.4614952220348598,223,0.0713171619492168
2024-08-22,3,35.93,36.42,36.43,1.3637628722515949,1,34.21,36.57,33.95,36.32,35.99,35.42,True,False,True,2.0867655134541403,224,0.2231591543182205
2024-08-23,4,34.21,35.09,34.88,2.5723472668810254,1,35.27,35.85,34.25,35.05,35.74,35.15,False,False,False,2.878312909660866,225,0.42349053806511144
2024-08-26,0,35.27,35.13,35.28,-0.3969379075701718,3,34.24,35.32,33.76,34.9,34.34,34.31,True,True,True,2.931966979789357,226,0.06500044045361542
2024-08-27,1,34.24,33.85,33.81,-1.139018691588789,1,34.52,34.74,33.43,33.95,34.42,34.42,True,False,True,2.954209748892171,227,0.1858729227078896
2024-08-28,2,34.52,34.39,34.42,-0.37659327925840813,1,33.3,34.55,32.57,34.04,34.15,33.13,True,True,True,2.151788310555379,228,0.06354770089247505
2024-08-29,3,33.3,33.71,34.21,1.2312312312312335,1,33.15,34.71,32.89,34.46,34.24,34.38,True,False,False,3.114802729160499,229,0.2045763124357657
2024-08-30,4,33.15,34.05,33.93,2.714932126696823,1,34.35,34.43,33.09,34.22,33.99,33.57,True,False,False,1.7033773861967645,230,0.47895077172156547
2024-09-03,1,34.35,33.62,33.33,-2.1251819505094693,4,31.15,33.65,30.64,33.06,32.79,32.15,False,False,False,3.0933967876264106,231,0.38257305878668485
2024-09-04,2,31.15,30.51,30.74,-2.0545746388442976,1,30.91,31.68,30.32,30.98,31.07,31.18,True,False,False,2.5893149786955068,232,0.39122052039744704
2024-09-05,3,30.91,30.57,30.69,-1.099967648010347,1,31.0,31.85,30.36,31.38,31.63,30.48,True,True,True,4.2198233562316085,233,0.21783259087655515
2024-09-06,4,31.0,30.8,30.74,-0.6451612903225823,1,28.48,30.97,28.36,29.9,29.4,28.73,False,False,False,5.129870129870124,234,0.1339264984432364
2024-09-09,0,28.48,29.28,29.39,2.8089887640449396,3,29.56,29.73,28.67,29.55,29.24,28.99,False,False,False,1.7759562841530039,235,0.5792416417438213
2024-09-10,1,29.56,29.89,29.97,1.1163734776725276,1,30.35,30.45,29.1,29.91,30.0,29.97,True,False,True,2.1077283372365425,236,0.2319511169186371
2024-09-11,2,30.35,30.57,30.32,0.7248764415156428,1,32.28,32.47,28.89,30.07,29.41,29.56,True,True,True,4.056264311416416,237,0.14957535200168215
2024-09-12,3,32.28,32.31,32.35,0.09293680297397522,1,33.27,33.43,31.95,32.29,32.71,32.46,True,True,True,2.537913958526784,238,0.017865206747091557
2024-09-13,4,33.27,33.07,33.27,-0.6011421701232478,1,33.68,33.92,33.04,33.35,33.35,33.64,True,True,True,1.9352887813728472,239,0.11526178826302472
2024-09-16,0,33.68,33.2,32.74,-1.4251781472684022,3,33.2,33.34,32.53,33.18,32.97,32.93,False,False,False,2.0783132530120625,240,0.2767946368975917
2024-09-17,1,33.2,33.84,33.73,1.9277108433734869,1,33.24,34.11,32.74,33.68,33.86,33.7,True,False,False,1.684397163120568,241,0.37662072131302865
2024-09-18,2,33.24,33.5,33.32,0.7821901323706415,1,32.82,34.36,32.7,33.38,33.35,33.18,True,True,True,1.2537313432835873,242,0.15431168255797112
2024-09-19,3,32.82,35.14,35.0,7.068860450944547,1,35.29,35.89,34.71,34.94,35.53,35.56,False,False,False,2.41889584519067,243,1.3650775841933394
2024-09-20,4,35.29,35.08,35.18,-0.5950694247662258,1,35.03,35.33,34.15,34.89,34.89,34.4,True,True,True,1.6248574686431023,244,0.11465092790229255
2024-09-23,0,35.03,35.31,35.19,0.7993148729660282,3,35.31,35.56,35.02,35.27,35.43,35.39,True,False,False,1.302747097139623,245,0.15990244296994574
2024-09-24,1,35.31,35.63,35.54,0.906258850184094,1,35.82,36.04,34.7,35.4,34.88,35.52,True,False,True,2.7224249228178468,246,0.18696364897848053
2024-09-25,2,35.82,35.57,35.81,-0.6979341150195384,1,35.83,36.24,35.53,36.04,36.01,35.89,True,True,True,1.8836097835254475,247,0.1450024437981472
2024-09-26,3,35.83,37.47,37.16,4.577169969299466,1,36.57,37.51,35.79,37.05,36.63,36.15,True,False,False,2.4552975713904313,248,0.9698297939430238
2024-09-27,4,36.57,36.8,36.7,0.6289308176100628,1,35.96,36.82,35.71,36.52,36.43,36.2,True,True,True,1.440217391304351,249,0.13492887287027627
2024-09-30,0,35.96,35.72,35.97,-0.6674082313681939,3,36.18,36.3,35.1,35.86,35.76,35.97,True,True,True,1.987681970884661,250,0.14693927744304439
2024-10-01,1,36.18,36.13,35.74,-0.13819789939192306,1,34.68,36.21,33.85,35.03,34.31,34.26,True,True,True,5.590921671740944,251,0.030620335081179426
2024-10-02,2,34.68,34.5,34.52,-0.519031141868509,1,34.84,35.25,33.93,34.34,34.83,35.08,True,False,True,2.6956521739130426,252,0.11817056655975938
2024-10-03,3,34.84,34.36,34.68,-1.3777267508610858,1,34.78,35.4,34.2,34.93,34.63,34.78,True,True,True,3.2596041909196667,253,0.315945508437819
2024-10-04,4,34.78,35.98,35.92,3.450258769407699,1,35.97,36.07,34.9,35.25,35.02,35.13,False,False,False,3.168426903835466,254,0.8039627585852641
2024-10-07,0,35.97,35.52,35.57,-1.2510425354461896,3,34.77,35.78,34.53,35.38,35.75,35.65,False,False,False,1.3513513513513424,255,0.31039738889450613
2024-10-08,1,34.77,35.3,35.18,1.5243025596778592,1,36.31,36.48,35.15,35.59,35.74,35.98,False,False,False,1.898016997167144,256,0.3786710106376102
2024-10-09,2,36.31,36.25,36.13,-0.16524373450840235,1,37.2,37.31,36.03,36.15,36.58,36.81,True,True,True,1.6551724137931074,257,0.04143567619499499
2024-10-10,3,37.2,36.66,36.75,-1.4516129032258185,1,37.06,37.47,36.36,36.67,36.9,37.07,True,False,False,1.6639388979814498,258,0.405595350955413
2024-10-11,4,37.06,36.58,36.61,-1.295196977873725,1,37.15,37.39,36.45,36.67,37.2,37.05,True,False,True,2.3783488244942523,259,0.36991590146595926
2024-10-14,0,37.15,37.72,37.89,1.534320323014815,3,38.09,38.4,37.6,38.36,38.21,37.71,False,False,False,1.9353128313891752,260,0.43878309588528336
2024-10-15,1,38.09,38.16,38.2,0.18377526909947317,1,36.57,38.32,36.07,38.15,37.53,36.88,True,True,True,2.148846960167716,261,0.05279655700951315
2024-10-16,2,36.57,36.61,36.35,0.10937927262784086,1,36.57,36.74,35.83,35.91,36.5,36.4,True,True,True,2.2125102431029835,262,0.030610950320040693
2024-10-17,3,36.57,37.78,37.31,3.308722996992075,1,36.65,37.79,36.62,37.02,37.11,37.15,False,False,False,2.8851244044467874,263,0.9591254458973892
2024-10-18,4,36.65,37.25,37.07,1.6371077762619368,1,37.33,37.57,37.07,37.3,37.41,37.48,False,False,False,1.2348993288590626,264,0.47636411995879346
2024-10-21,0,37.33,37.03,37.11,-0.8036431824269941,3,37.53,37.7,36.6,37.37,37.46,36.67,True,True,True,1.8903591682419736,265,0.2409291060565231
2024-10-22,1,37.53,36.9,36.9,-1.6786570743405393,1,37.64,37.97,36.72,37.21,37.35,37.31,True,False,True,2.1951219512195186,266,0.49261242723422644
2024-10-23,2,37.64,37.09,37.0,-1.461211477151958,1,35.9,37.22,35.14,37.07,36.99,36.39,False,False,False,1.6716095982744605,267,0.4311635583695461
2024-10-24,3,35.9,36.7,36.47,2.2284122562674202,1,36.74,36.89,36.12,36.5,36.39,36.53,False,False,False,1.1171662125340505,268,0.624276529935737
2024-10-25,4,36.74,37.35,37.57,1.660315732172024,1,37.38,38.49,37.19,38.18,38.42,38.11,False,False,False,3.052208835341367,269,0.4819523124855741
2024-10-28,0,37.38,38.09,37.89,1.899411449973254,3,37.39,38.09,37.32,37.7,37.93,37.72,True,False,False,1.3651877133105883,270,0.5476659363153389
2024-10-29,1,37.39,37.45,37.09,0.16047071409468483,1,38.46,38.72,37.04,37.47,37.62,37.92,True,True,True,2.4299065420560844,271,0.04717927424599399
2024-10-30,2,38.46,38.27,38.04,-0.49401976079042065,1,37.58,38.47,37.46,38.13,38.43,38.4,True,False,True,2.1949307551606902,272,0.14974845131599723
2024-10-31,3,37.58,36.65,36.18,-2.4747205960617302,1,34.72,36.66,34.71,35.57,35.43,35.19,False,False,False,3.656207366984983,273,0.7638851101413618
2024-11-01,4,34.72,35.04,35.24,0.9216589861751112,1,35.47,36.17,35.0,35.54,36.08,36.15,False,False,False,3.082191780821913,274,0.27668651051311166
2024-11-04,0,35.47,35.32,34.93,-0.42289258528332985,3,35.12,35.87,34.75,35.34,35.65,35.61,True,False,True,2.8312570781426953,275,0.12678839281847978
2024-11-05,1,35.12,35.47,35.78,0.9965831435079675,1,36.46,36.61,35.45,36.19,36.07,36.24,False,False,False,2.480969833662237,276,0.3003553579201676
2024-11-06,2,36.46,38.32,38.51,5.101481075150849,1,39.4,39.61,38.1,38.25,38.9,38.78,False,False,False,2.218162839248438,277,1.549120487737507
2024-11-07,3,39.4,40.07,40.27,1.7005076142132092,1,41.27,41.46,40.07,40.66,40.67,40.9,False,False,False,1.7219865235837228,278,0.5131872641522203
2024-11-08,4,41.27,41.09,41.24,-0.43615216864550943,1,41.35,41.55,40.95,41.23,41.14,41.23,True,True,True,0.9978096860549929,279,0.13075378158947074
2024-11-11,0,41.35,41.65,41.58,0.7255139056831839,3,41.31,41.71,40.59,41.0,41.12,41.23,True,True,True,1.9207683073229396,280,0.22117975560495612
2024-11-12,1,41.31,41.26,41.24,-0.12103606874849238,1,41.05,41.48,40.32,41.38,41.27,41.06,True,True,True,1.0179350460494294,281,0.03658215523970967
2024-11-13,2,41.05,40.93,40.96,-0.2923264311814777,1,40.9,41.54,40.35,40.82,40.58,40.9,True,True,True,1.7591009039824061,282,0.09267346891073255
2024-11-14,3,40.9,40.78,40.93,-0.29339853300732743,1,40.04,41.0,39.81,40.49,40.57,40.63,True,True,True,1.8881804806277662,283,0.09239567630996758
2024-11-15,4,40.04,38.62,38.5,-3.546453546453554,1,37.07,38.72,36.64,38.25,37.68,37.62,False,False,False,2.822371828068349,284,1.1199851338222115
2024-11-18,0,37.07,37.46,37.29,1.0520636633396308,3,37.89,38.36,37.15,37.31,37.97,38.22,False,False,False,2.18900160170849,285,0.3123060156047216
2024-11-19,1,37.89,37.26,37.32,-1.6627078384798155,1,38.65,38.77,37.21,37.46,37.74,38.17,True,False,False,1.4224369296833097,286,0.4916821405020061
2024-11-20,2,38.65,38.57,38.4,-0.2069857697283295,1,38.57,38.63,37.05,37.81,37.29,37.53,False,False,False,3.992740471869345,287,0.06049322945871033
2024-11-21,3,38.57,39.27,38.83,1.814882032667886,1,39.0,39.42,37.28,38.11,37.36,38.73,True,True,True,5.347593582887704,288,0.5423939647438512
2024-11-22,4,39.0,38.81,39.0,-0.4871794871794788,1,39.12,39.29,38.43,39.17,38.54,38.75,True,True,True,2.1386240659623765,289,0.13865431155606978
2024-11-25,0,39.12,40.07,40.0,2.4284253578732207,3,39.32,40.43,38.77,39.67,39.61,39.64,True,False,False,2.8949338657349553,290,0.7038111518304527
2024-11-26,1,39.32,39.63,39.93,0.7884028484232086,1,39.93,40.11,39.44,39.81,39.71,39.72,False,False,False,1.4635377239465008,291,0.22168225248201565
2024-11-27,2,39.93,39.64,39.35,-0.7262709742048568,1,38.93,39.64,38.17,39.18,38.72,38.43,False,False,False,2.447023208879916,292,0.2125658261729099
2024-11-29,4,38.93,39.05,39.01,0.3082455689699337,2,39.92,40.02,38.92,39.53,39.68,39.92,True,True,True,2.3559539052496845,293,0.08882776197492251
2024-12-02,0,39.92,40.23,40.64,0.7765531062124076,3,41.23,41.47,40.15,40.85,41.02,41.04,False,False,False,2.386278896346013,294,0.23215588990709649
2024-12-03,1,41.23,40.9,41.01,-0.8003880669415486,1,41.61,41.66,40.77,41.16,41.03,41.45,True,False,True,1.3936430317848418,295,0.23948881535390168
2024-12-04,2,41.61,42.43,42.37,1.9706801249699701,1,43.12,43.18,42.25,42.42,42.66,42.73,False,False,False,1.037002121140697,296,0.5985687863575305
2024-12-05,3,43.12,43.12,43.1,0.0,1,42.76,43.31,42.67,42.97,43.02,43.08,True,True,True,0.6957328385899914,297,0.0
2024-12-06,4,42.76,42.89,43.09,0.30402245088869684,1,43.85,43.93,42.86,43.55,43.72,43.64,False,False,False,2.168337607833993,298,0.09758131826861818
2024-12-09,0,43.85,43.62,43.48,-0.5245153933865487,3,42.8,43.82,42.54,43.68,43.26,42.97,False,False,False,1.42136634571297,299,0.17102619272425099
2024-12-10,1,42.8,43.12,43.05,0.7476635514018781,1,42.34,43.55,42.02,43.2,43.29,42.76,True,False,False,1.3682745825602884,300,0.23806521455960053
2024-12-11,2,42.34,43.44,43.55,2.5980160604629043,1,44.67,44.8,43.34,44.07,44.03,44.46,False,False,False,2.2099447513812014,301,0.816077454085632
2024-12-12,3,44.67,44.05,43.95,-1.387956122677425,1,43.81,44.38,43.64,44.0,44.16,44.2,False,False,False,1.3166855845629928,302,0.4322481482348701
2024-12-13,4,43.81,44.7,44.83,2.0314996576124233,1,44.69,45.38,43.92,45.2,44.75,44.12,False,False,False,1.5659955257270757,303,0.6449937796532721
2024-12-16,0,44.69,45.36,45.5,1.4992168270306694,3,46.62,46.89,45.33,45.79,45.94,46.18,False,False,False,1.3447971781305101,304,0.4733798349442569
2024-12-17,1,46.62,46.15,45.88,-1.0081510081510037,1,46.02,46.45,45.58,45.97,45.61,46.18,False,False,False,1.6468039003250383,305,0.32841838510004906
2024-12-18,2,46.02,45.82,45.52,-0.4345936549326468,1,41.02,46.28,40.65,45.87,46.03,46.03,True,False,True,1.4185945002182423,306,0.14474548633966489
2024-12-19,3,41.02,42.13,42.1,2.7059970745977546,1,40.43,42.26,40.37,41.56,41.1,41.71,True,False,False,2.7771184429147744,307,0.7941324116067999
2024-12-20,4,40.43,39.53,39.47,-2.2260697501855,1,41.55,42.92,39.25,39.64,40.96,42.13,True,False,True,4.351125727295722,308,0.6495734005053883
2024-12-23,0,41.55,41.72,41.87,0.4091456077015776,3,42.5,42.62,40.91,41.78,41.29,41.81,True,True,True,2.7085330776606007,309,0.11306413879670661
2024-12-24,1,42.5,42.97,42.97,1.1058823529411788,1,44.21,44.28,42.82,43.42,43.55,43.86,False,False,False,1.9083081219455442,310,0.2978530805734612
2024-12-26,3,44.21,43.8,43.94,-0.9273919927618279,2,44.08,44.53,43.3,43.81,44.03,44.03,True,False,False,1.82648401826485,311,0.2523108108539237
2024-12-27,4,44.08,43.18,42.75,-2.041742286751358,1,42.29,43.28,41.15,42.32,41.53,42.02,False,False,False,4.770727188513206,312,0.5471679692202757
2024-12-30,0,42.29,40.6,40.24,-3.9962165996689447,3,40.61,41.51,39.71,39.9,39.86,40.54,False,False,False,2.266009852216753,313,1.0536612509552514
2024-12-31,1,40.61,40.9,40.93,0.7141098251662203,1,39.57,41.07,39.34,40.77,40.67,40.01,True,True,True,2.102689486552566,314,0.18435655213839033
2025-01-02,3,39.57,40.25,39.82,1.7184735911043747,2,39.34,40.79,38.27,40.52,39.95,39.97,True,True,True,3.8012422360248475,315,0.43827874485386376
2025-01-03,4,39.34,40.0,40.18,1.677681748856119,1,41.26,41.45,39.81,40.49,40.22,40.71,False,False,False,2.400000000000002,316,0.4066908217486331
2025-01-06,0,41.26,42.48,42.73,2.956858943286478,3,42.59,43.42,42.02,42.96,43.3,43.37,False,False,False,2.1657250470809837,317,0.700576268648544
2025-01-07,1,42.59,42.89,42.61,0.7043907020427342,1,40.31,42.94,39.85,42.37,41.61,41.48,True,True,True,3.8237351363954315,318,0.163386926237748
2025-01-08,2,40.31,40.27,40.36,-0.09923096005953758,1,40.32,40.69,39.21,40.19,39.9,40.14,True,True,True,2.4087409982617305,319,0.021824986360193706
2025-01-10,4,40.0,39.38,39.29,-1.5499999999999958,1,38.36,39.39,37.62,38.64,38.47,37.97,False,False,False,4.494667343829363,321,0.3381543516834443
2025-01-13,0,38.36,37.0,36.93,-3.5453597497393075,3,37.99,38.09,36.67,37.22,36.75,36.96,False,False,False,2.2432432432432385,322,0.7655666157917538
2025-01-14,1,37.99,38.7,38.7,1.8689128718083703,1,37.84,39.02,37.09,38.2,38.39,37.8,True,False,False,2.2739018087855363,323,0.4014961585487049
2025-01-15,2,37.84,39.65,39.72,4.783298097251576,1,40.46,40.73,39.29,40.04,40.39,40.08,False,False,False,2.976040353089533,324,0.9923382147143648
2025-01-16,3,40.46,41.0,40.6,1.334651507661877,1,39.61,41.0,39.61,40.32,40.34,40.52,True,True,True,2.1707317073170747,325,0.2758394978789121
2025-01-17,4,39.61,41.85,41.31,5.655137591517301,1,41.54,41.96,40.92,41.06,41.18,41.71,False,False,False,2.2222222222222214,326,1.1693682678436392
2025-01-21,1,41.54,42.21,42.11,1.6129032258064502,4,42.24,42.57,41.16,41.76,41.81,41.76,True,True,True,2.606017531390669,327,0.3314599564412026
2025-01-22,2,42.24,43.42,43.69,2.7935606060605966,1,43.93,44.45,43.35,43.99,43.97,44.21,False,False,False,1.7503454629203086,328,0.6322105061625605
2025-01-23,3,43.93,43.26,43.32,-1.5251536535397237,1,44.14,44.16,43.13,43.3,43.34,43.61,True,False,False,0.6934812760055413,329,0.3529563376824171
2025-01-24,4,44.14,44.21,44.05,0.15858631626641806,1,43.38,44.41,43.01,44.28,43.9,44.02,True,True,True,1.1988237955213616,330,0.03988663395508392
2025-01-27,0,43.38,38.76,39.47,-10.65006915629323,3,39.54,40.5,38.59,40.02,40.2,39.29,False,False,False,3.9473684210526345,331,2.7104076022162085
2025-01-28,1,39.54,39.77,39.56,0.5816894284269125,1,41.31,41.58,39.0,39.67,40.71,40.36,True,True,True,4.475735479004277,332,0.14521086173231026
2025-01-29,2,41.31,41.45,41.07,0.3389009924957609,1,41.07,41.45,40.14,40.99,40.9,40.82,True,True,True,1.6405307599517482,333,0.08088753839050752
2025-01-30,3,41.07,41.73,41.55,1.607012417823217,1,41.56,42.29,40.43,41.88,41.06,41.16,True,False,True,3.0194104960460053,334,0.39184340697944775
2025-01-31,4,41.56,42.48,42.68,2.21366698748795,1,41.37,43.54,41.09,42.99,43.16,43.27,True,False,False,2.071563088512247,335,0.5396099959407886
2025-02-03,0,41.37,39.25,39.27,-5.124486342760449,3,40.35,40.99,38.67,39.3,40.04,40.35,False,False,False,3.5668789808917163,336,1.2261808066875106
2025-02-04,1,40.35,40.44,40.62,0.22304832713753164,1,41.82,41.96,40.36,41.22,41.66,41.91,False,False,False,3.5361028684470814,337,0.05359518008122186
2025-02-05,2,41.82,41.18,41.14,-1.530368244858915,1,42.38,42.38,40.88,41.24,41.34,41.56,True,False,False,1.4327343370568146,338,0.3683597845690135
2025-02-06,3,42.38,42.46,42.39,0.18876828692779846,1,43.0,43.06,42.1,42.55,42.57,42.61,True,True,True,1.4837494112105571,339,0.04524765141459407
2025-02-07,4,43.0,43.11,43.48,0.25581395348837077,1,41.35,43.59,41.17,43.23,42.31,41.77,True,False,True,3.8042217582927407,340,0.06518026028690722
2025-02-10,0,41.35,42.36,42.29,2.442563482466742,3,42.82,43.1,42.25,42.53,42.92,42.87,False,False,False,1.7233238904626933,341,0.6073561608234226
2025-02-11,1,42.82,42.02,42.43,-1.8682858477346964,1,42.5,42.99,42.01,42.44,42.8,42.7,True,False,True,1.975249881009056,342,0.47938814494676024
2025-02-12,2,42.5,41.13,41.37,-3.223529411764703,1,42.58,42.8,41.06,41.86,41.99,41.8,True,False,False,2.7960126428397727,343,0.8434254947873339
2025-02-13,3,42.58,42.98,43.38,0.9394081728510972,1,44.4,44.47,42.79,43.27,43.59,43.76,False,False,False,2.1637971149371795,344,0.24825012417652415
2025-02-14,4,44.4,44.4,44.41,0.0,1,44.91,45.07,44.3,44.52,44.59,44.59,True,True,True,0.9234234234234318,345,0.0
2025-02-18,1,44.91,45.29,45.27,0.8461367178802082,4,45.18,45.36,44.38,45.01,44.58,44.99,True,True,True,1.8105542062265407,346,0.22775181682681483
2025-02-19,2,45.18,44.97,44.94,-0.4648074369189903,1,45.23,45.55,44.47,44.75,44.65,45.06,True,False,False,1.356459862130308,347,0.1256539117914354
2025-02-20,3,45.23,45.03,44.81,-0.44218439089098727,1,44.62,45.1,43.45,43.8,44.27,44.1,False,False,False,3.664223850766153,348,0.12107454685940311
2025-02-21,4,44.62,44.87,44.68,0.5602868668758365,1,41.86,44.87,41.73,44.33,43.8,43.72,True,True,True,2.5406730554936496,349,0.15107333607032833
2025-02-24,0,41.86,42.24,42.17,0.907787864309606,3,40.32,42.52,40.25,41.16,40.79,41.32,True,True,True,4.9952651515151665,350,0.23042874804978755
2025-02-25,1,40.32,40.15,39.9,-0.4216269841269882,1,38.81,40.18,37.9,39.4,38.21,38.16,False,False,False,5.155666251556664,351,0.10410729514638875
2025-02-26,2,38.81,39.29,39.13,1.2367946405565489,1,39.05,40.22,38.34,39.64,39.52,39.99,True,False,False,2.5197251208958895,352,0.30258160995865657
2025-02-27,3,39.05,39.86,39.9,2.0742637644046047,1,35.81,40.07,35.75,38.01,38.68,38.35,True,True,True,6.698444555945815,353,0.5182606708999323
2025-02-28,4,35.81,35.68,35.07,-0.36302708740576506,1,37.43,37.57,35.04,35.75,36.6,35.97,True,True,True,4.400224215246638,354,0.08276515400523946
2025-03-03,0,37.43,38.17,38.36,1.977023777718423,3,35.06,38.51,34.22,37.0,37.65,37.27,True,True,True,5.03012837306784,355,0.43759696710839807
2025-03-04,1,35.06,34.33,34.2,-2.082144894466642,1,34.61,36.38,33.01,33.8,33.43,33.33,True,False,False,5.184969414506266,356,0.43454981005342064
2025-03-05,2,34.61,34.76,34.75,0.4334007512279747,1,35.98,36.33,33.75,34.26,34.32,34.18,True,True,True,3.2508630609896305,357,0.08690990957531075
2025-03-06,3,35.98,34.18,34.04,-5.002779321845463,1,33.0,35.24,32.59,34.04,34.97,34.72,False,False,False,3.8911644236395713,358,0.969516964531551
2025-03-07,4,33.0,32.77,33.07,-0.6969696969696848,1,33.71,33.99,31.45,33.31,32.88,31.95,True,True,True,3.173634421727187,359,0.12989593815398717
2025-03-10,0,33.71,32.0,31.66,-5.07267873034708,3,29.87,32.07,28.94,31.53,30.92,30.75,False,False,False,3.7812500000000027,360,0.8993947916738789
2025-03-11,1,29.87,29.67,29.7,-0.6695681285570743,1,29.6,30.91,28.69,30.15,29.25,29.74,True,True,True,4.617458712504217,361,0.11448568889357287
2025-03-12,2,29.6,30.95,31.15,4.560810810810811,1,30.57,31.32,29.58,30.72,30.65,30.17,True,False,False,2.8109854604200355,362,0.7449539253769877
2025-03-13,3,30.57,30.39,30.35,-0.5888125613346396,1,28.89,30.42,28.52,29.45,29.95,29.4,False,False,False,3.8499506416584457,363,0.09365914796002807
2025-03-14,4,28.89,29.85,30.19,3.3229491173416337,1,30.95,31.11,29.77,30.2,29.9,30.67,False,False,False,2.6130653266331696,364,0.5201993293167136
2025-03-17,0,30.95,30.92,31.19,-0.09693053311792266,3,31.54,32.13,30.58,31.33,30.99,30.82,True,True,True,2.425614489003881,365,0.015105616070460414
2025-03-18,1,31.54,29.9,29.85,-5.199746353836399,1,29.9,30.32,29.51,29.88,29.88,30.07,False,False,False,1.9397993311036734,366,0.790140247434393
2025-03-19,2,29.9,30.24,30.31,1.1371237458194017,1,31.09,31.94,30.24,30.76,30.52,30.85,False,False,False,1.9841269841269888,367,0.1720816156990879
2025-03-20,3,31.09,30.31,30.69,-2.5088452878739176,1,30.78,31.81,30.19,31.04,31.57,31.47,True,False,True,5.047838997030675,368,0.37063457330643185
2025-03-21,4,30.78,29.76,29.76,-3.3138401559454134,1,31.11,31.2,29.55,30.05,30.15,30.04,True,False,False,2.4529569892473133,369,0.4835547967447565
2025-03-24,0,31.11,32.52,32.43,4.532304725168768,3,33.07,33.24,32.4,32.81,32.92,32.99,False,False,False,1.7220172201722086,370,0.6684421891871423
2025-03-25,1,33.07,33.23,33.25,0.4838221953431976,1,33.65,33.68,33.04,33.28,33.48,33.59,True,True,True,1.3541980138429217,371,0.07285548839547143
2025-03-26,2,33.65,33.31,33.25,-1.0104011887072661,1,31.71,33.47,31.38,32.71,32.56,32.5,False,False,False,3.602521765235652,372,0.15657340305582854
2025-03-27,3,31.71,31.3,31.15,-1.2929675181330813,1,31.13,32.11,30.88,31.52,31.74,31.79,True,False,True,2.7476038338658126,373,0.19807446958136146
2025-03-28,4,31.13,30.75,30.55,-1.2206874397687084,1,28.67,30.89,28.48,30.5,29.49,29.32,False,False,False,4.65040650406504,374,0.19744962256601584
2025-03-31,0,28.67,27.36,26.76,-4.56923613533311,3,28.61,28.8,26.52,27.0,26.88,27.44,True,False,False,3.435672514619888,375,0.7346508406997747
2025-04-01,1,28.61,28.32,28.3,-1.0136315973435783,1,29.32,29.49,27.81,28.53,28.13,29.15,True,True,True,3.1073446327683705,376,0.1668719071994694
2025-04-02,2,29.32,28.08,28.49,-4.229195088676674,1,29.96,30.59,28.04,29.03,29.29,29.72,True,False,True,4.807692307692313,377,0.7192392163553197
2025-04-03,3,29.96,26.22,26.83,-12.483311081441927,1,25.11,26.91,25.05,26.56,26.24,25.77,False,False,False,3.7376048817696432,378,2.0934478912854364
2025-04-04,4,25.11,23.0,23.03,-8.40302668259657,1,20.57,23.38,20.52,23.16,22.05,22.14,False,False,False,5.826086956521739,379,1.4170183039972262
2025-04-07,0,20.57,18.37,18.27,-10.6951871657754,3,20.59,23.38,17.51,19.6,19.98,19.34,True,False,True,31.954273271638527,380,1.7350301581766878
2025-04-08,1,20.59,22.68,22.75,10.15055852355513,1,19.48,23.4,18.55,23.03,23.16,22.09,True,False,False,4.497354497354496,381,1.3956653835230934
2025-04-09,2,19.48,19.37,19.58,-0.5646817248459945,1,26.38,26.69,19.37,20.21,20.18,20.01,True,True,True,6.711409395973157,382,0.07086846144090449
2025-04-10,3,26.38,24.33,24.47,-7.771038665655805,1,23.09,24.66,20.8,23.83,23.76,23.02,False,False,False,5.014385532264689,383,0.811474089461551
2025-04-11,4,23.09,22.86,22.81,-0.9961022087483729,1,24.29,24.52,22.33,23.39,22.43,22.84,True,True,True,5.949256342957143,384,0.09904464042303138
2025-04-14,0,24.29,25.94,25.75,6.792918896665312,3,24.79,26.01,24.04,25.22,25.55,24.82,True,False,False,3.8550501156515034,385,0.6587615463463128
2025-04-15,1,24.79,24.98,25.09,0.7664380798709125,1,24.9,25.6,24.59,25.31,24.91,25.09,True,False,True,3.4027221777421994,386,0.07340850286973642
2025-04-16,2,24.9,23.4,23.59,-6.024096385542165,1,22.64,24.0,21.58,23.19,23.55,23.9,False,False,False,2.820512820512821,387,0.5733174236913108
2025-04-17,3,22.64,23.04,22.73,1.7667844522968101,1,22.6,23.14,22.17,22.92,22.39,22.46,True,True,True,3.0815972222222108,388,0.16445230758570614
2025-04-21,0,22.6,21.67,21.76,-4.115044247787614,4,20.96,21.81,20.12,21.19,20.94,20.73,False,False,False,4.43008767881863,389,0.3850618166071549
2025-04-22,1,20.96,21.72,21.58,3.625954198473269,1,22.53,22.98,21.55,22.08,22.17,22.42,False,False,False,3.268876611418052,390,0.33575412699094476
2025-04-23,2,22.53,24.62,24.77,9.276520195295168,1,24.04,25.4,23.81,24.98,25.16,24.48,False,False,False,3.168155970755488,391,0.8433605455137948
2025-04-24,3,24.04,24.37,24.4,1.3727121464226277,1,26.08,26.13,24.28,25.04,25.38,25.39,False,False,False,4.513746409519893,392,0.12227883777508307
2025-04-25,4,26.08,26.02,26.12,-0.23006134969324465,1,26.93,27.03,25.74,25.84,25.88,26.2,True,True,True,2.613374327440443,393,0.02037396803079392
2025-04-28,0,26.93,27.01,26.78,0.2970664686223534,3,26.93,27.31,25.82,26.66,26.77,26.06,True,True,True,2.8507960014809313,394,0.026188653936934717
2025-04-29,1,26.93,26.51,26.61,-1.55959896026735,1,27.41,27.57,26.42,26.8,26.8,27.03,True,True,True,3.017729158807986,395,0.13891154620825594
2025-04-30,2,27.41,25.98,25.95,-5.217074060561833,1,27.39,27.7,25.16,25.22,26.02,26.44,True,False,False,3.3487297921478096,396,0.4730961350571711
2025-05-01,3,27.39,28.78,28.65,5.074844833880987,1,28.31,29.43,28.31,28.36,28.9,29.22,False,False,False,2.0152883947185485,397,0.45231390257644966
2025-05-02,4,28.31,29.34,29.34,3.6382903567643954,1,29.72,30.08,29.04,29.23,29.68,29.52,False,False,False,2.215405589638726,398,0.33195290201376726
2025-05-05,0,29.72,28.95,29.04,-2.590847913862715,3,29.17,29.74,28.85,29.16,29.17,29.34,True,False,False,1.8652849740932613,399,0.24027594024198917
2025-05-06,1,29.17,28.02,28.19,-3.942406582104907,1,28.37,29.01,27.79,27.87,28.47,28.66,False,False,False,2.5695931477516147,400,0.38220960670375437
2025-05-07,2,28.37,28.48,28.46,0.38773352132535077,1,28.68,29.1,27.55,28.63,28.79,28.11,True,True,True,1.7556179775280898,401,0.04339605505841584
2025-05-08,3,28.68,29.6,29.39,3.207810320781035,1,29.53,30.35,28.84,29.3,29.3,29.61,False,False,False,2.0608108108108087,402,0.3941931595380049
2025-05-09,4,29.53,29.89,30.04,1.2190992211310592,1,29.5,30.13,29.16,30.01,29.48,29.49,True,False,True,2.442288390766144,403,0.18746118562157402
2025-05-12,0,29.5,32.92,32.43,11.593220338983045,3,33.05,33.07,31.93,32.33,32.15,32.34,False,False,False,2.5820170109356058,404,1.9742513177031522
2025-05-13,1,33.05,33.32,33.47,0.8169440242057568,1,34.57,34.92,33.18,33.89,34.29,34.61,False,False,False,3.751500600240096,405,0.14676461763132173
2025-05-14,2,34.57,34.8,35.2,0.665316748625977,1,35.17,35.29,34.61,34.88,34.93,35.09,False,False,False,1.8103448275862144,406,0.12212716898466042
2025-05-15,3,35.17,34.74,34.88,-1.2226329257890245,1,35.24,35.83,34.46,34.7,34.65,35.23,True,False,False,1.3529073114565309,407,0.22881706527846937
2025-05-16,4,35.24,35.56,35.36,0.9080590238365494,1,35.75,35.75,34.83,35.38,35.29,35.2,True,True,True,1.0967379077615313,408,0.18076719288936402
2025-05-19,0,35.75,34.22,34.46,-4.279720279720278,3,35.83,35.92,34.22,35.0,35.22,35.22,True,False,False,3.7989479836353137,409,0.8659514715048883
2025-05-20,1,35.83,35.28,35.32,-1.5350265140943287,1,35.43,35.57,34.71,35.2,35.2,35.32,False,False,False,1.1337868480725584,410,0.3197525603083834
2025-05-21,2,35.43,34.61,34.81,-2.314422805532035,1,34.0,35.99,33.59,35.07,35.14,35.79,True,False,False,2.224790522970249,411,0.5038624474835584
2025-05-22,3,34.0,34.07,33.84,0.20588235294116686,1,34.07,34.86,33.82,34.63,34.37,34.26,True,True,True,2.964484884062219,412,0.044590547986212814
2025-05-23,4,34.07,32.54,32.84,-4.490754329321989,1,33.15,33.66,32.42,32.72,32.99,33.07,False,False,False,2.4585125998770656,413,1.0228957265458878
2025-05-27,1,33.15,34.49,34.39,4.042232277526403,4,35.45,35.56,34.19,34.65,35.01,35.1,False,False,False,2.5514641925195782,414,0.9329193209222594
2025-05-28,2,35.45,35.66,35.77,0.5923836389280401,1,35.02,35.96,34.89,35.48,35.42,35.43,True,True,True,1.7386427369601725,415,0.13919868870186722
2025-05-29,3,35.02,36.49,36.18,4.197601370645332,1,35.21,36.51,34.68,35.72,35.43,35.64,True,False,False,3.9736914223074695,416,1.0021015410472283
2025-05-30,4,35.21,35.05,34.88,-0.4544163589889294,1,35.01,35.29,33.54,34.44,35.07,34.98,True,False,False,2.1683309557774755,417,0.11502131037170088
2025-06-02,0,35.01,34.6,35.18,-1.1710939731505166,3,35.82,35.85,34.36,34.72,35.05,35.0,True,True,True,3.092485549132949,418,0.292351170093618
2025-06-03,1,35.82,35.86,35.81,0.1116694584031297,1,36.65,36.93,35.7,36.11,36.25,36.5,True,True,True,1.7568321249302719,419,0.027614545073959267
2025-06-04,2,36.65,36.78,36.92,0.3547066848567537,1,36.96,37.15,36.35,36.9,36.87,36.93,True,False,True,2.09352909189776,420,0.08733067083163092
2025-06-05,3,36.96,37.22,37.15,0.7034632034631949,1,36.07,37.81,35.65,36.78,37.16,37.77,True,True,True,1.961311123052114,421,0.1779701254872121
2025-06-06,4,36.07,37.13,37.04,2.938730246742449,1,37.09,37.49,36.77,37.32,37.08,37.11,False,False,False,1.2658227848101233,422,0.7400945663063555
2025-06-09,0,37.09,37.15,37.06,0.16176867080073265,3,37.25,37.6,36.93,37.1,37.43,37.29,True,True,True,1.5074024226110425,423,0.04242958282910101
2025-06-10,1,37.25,37.35,37.29,0.26845637583892135,1,38.0,38.13,36.88,37.46,37.54,37.46,True,False,False,0.9906291834002608,424,0.07176918561009642
2025-06-11,2,38.0,38.29,38.08,0.7631578947368434,1,37.61,38.53,37.11,38.09,38.4,38.29,True,True,True,1.6714546879080716,425,0.2043402428281009
2025-06-12,3,37.61,37.28,37.46,-0.8774262164317981,1,37.84,38.05,37.27,37.45,37.76,37.75,True,True,True,1.4753218884120094,426,0.23979528845140205
2025-06-13,4,37.84,36.54,36.68,-3.4355179704017025,1,36.38,37.43,36.15,36.76,36.27,37.15,False,False,False,2.4356869184455405,427,0.9371359163147518
2025-06-16,0,36.38,37.11,37.39,2.0065970313358994,3,37.89,38.11,37.11,37.78,38.0,37.95,False,False,False,2.4521692266235617,428,0.5506657084544861
2025-06-17,1,37.89,37.32,37.5,-1.50435471100554,1,36.74,37.67,36.54,37.47,37.52,37.46,False,False,False,1.3933547695605657,429,0.4122283876545173
2025-06-18,2,36.74,36.96,36.65,0.5988023952095745,1,36.72,37.47,36.44,37.01,37.36,37.24,True,True,True,2.029220779220779,430,0.16856637819883186
2025-06-20,4,36.72,37.36,37.46,1.7429193899782147,2,36.27,37.65,35.86,37.1,36.69,36.3,True,False,True,3.1852248394004223,431,0.4882425604757754
2025-06-23,0,36.27,36.34,35.95,0.1929969671905063,3,37.36,37.46,35.71,36.64,36.92,36.75,True,True,True,3.412217941662066,432,0.05573722930707414
2025-06-24,1,37.36,38.46,38.5,2.9443254817987263,1,39.07,39.25,38.32,38.48,38.56,38.89,False,False,False,0.9880395215808698,433,0.8292060254749163
2025-06-25,2,39.07,39.44,39.53,0.9470181725108606,1,39.24,39.7,38.86,39.56,39.38,39.25,True,False,False,1.0902636916835693,434,0.2720420047892459
2025-06-26,3,39.24,39.7,39.61,1.1722731906218087,1,40.32,40.41,39.31,39.65,39.79,39.77,False,False,False,1.2594458438287153,435,0.3459023325605318
2025-06-27,4,40.32,40.51,40.57,0.4712301587301626,1,40.72,41.11,39.93,40.82,40.92,40.96,True,False,False,1.7279684028634976,436,0.13951873150971708
2025-06-30,0,40.72,41.4,41.15,1.6699410609037235,3,41.49,41.73,40.91,41.16,41.22,41.09,False,False,False,0.9903381642511995,437,0.5103061422257265
2025-07-01,1,41.49,41.05,41.03,-1.0604965051819848,1,40.42,41.26,39.91,41.1,40.84,40.4,False,False,False,1.2423873325213106,438,0.3397045305988774
2025-07-02,2,40.42,40.22,40.31,-0.49480455220188846,1,41.24,41.29,40.22,40.5,40.96,41.02,True,True,True,1.914470412729993,439,0.16112499570614153
2025-07-03,3,41.24,41.74,41.93,1.212415130940836,1,42.43,42.64,41.74,42.1,42.42,42.47,False,False,False,1.6770483948250976,440,0.3998131800382909
2025-07-07,0,42.43,41.8,41.7,-1.484798491633288,4,41.49,41.96,40.9,41.81,41.76,41.66,False,False,False,0.9569377990430589,441,0.48978847917811247
2025-07-08,1,41.49,41.74,41.56,0.6025548324897656,1,41.52,41.88,41.24,41.48,41.41,41.38,True,True,True,1.1739338763775802,442,0.21008576889841735
2025-07-09,2,41.52,41.97,42.22,1.0838150289017134,1,42.37,42.68,41.67,42.56,42.35,41.99,False,False,False,1.6916845365737452,443,0.3805736429779461
2025-07-10,3,42.37,42.52,42.28,0.35402407363702704,1,42.2,42.6,41.58,41.89,41.76,42.09,True,True,True,2.3988711194731964,444,0.123010671012083
2025-07-11,4,42.2,41.65,41.73,-1.3033175355450344,1,41.86,42.22,41.37,41.9,42.06,41.83,True,False,False,1.8247298919567951,445,0.4604382278532505
2025-07-14,0,41.86,41.8,41.77,-0.14333492594362784,3,42.28,42.46,41.28,41.65,41.79,42.17,True,True,True,1.8181818181818135,446,0.05217460761922622
2025-07-15,1,42.28,43.2,43.01,2.1759697256386046,1,42.41,43.33,42.4,42.88,43.11,43.05,False,False,False,1.249999999999998,447,0.7816682988805107
2025-07-16,2,42.41,42.52,42.26,0.2593727894364628,1,42.54,42.67,41.22,41.95,42.17,42.02,True,True,True,1.7873941674506066,448,0.09548967398285083
2025-07-17,3,42.54,42.67,42.6,0.3055947343676646,1,43.53,43.65,42.5,42.95,42.97,43.38,True,True,True,1.3827044762128038,449,0.11104409152095242
2025-07-18,4,43.53,43.82,43.77,0.6662072134160368,1,43.37,43.86,43.1,43.57,43.22,43.33,True,False,True,1.57462345960748,450,0.24355248686604755
2025-07-21,0,43.37,43.57,43.8,0.46114825916532265,3,44.04,44.48,43.57,44.21,44.43,44.33,False,False,False,1.9967867798944168,451,0.17189367861973107
2025-07-22,1,44.04,44.07,43.75,0.06811989100816707,1,43.36,44.07,42.73,42.91,43.05,43.29,True,True,True,3.040617199909243,452,0.026738623143851045
2025-07-23,2,43.36,43.58,43.35,0.5073800738007339,1,43.9,43.92,42.95,43.06,43.2,43.29,True,True,True,1.4456172556218345,453,0.20634677696805623
2025-07-24,3,43.9,44.23,44.21,0.7517084282460118,1,44.2,44.47,43.8,44.16,43.99,44.25,True,False,True,1.288718064661995,454,0.30691301921279646
2025-07-25,4,44.2,44.14,44.18,-0.13574660633485225,1,44.47,44.78,43.99,44.31,44.39,44.48,True,True,True,1.064793837788851,455,0.05612830942854205
2025-07-28,0,44.47,44.78,44.92,0.6970991679784211,3,44.89,45.09,44.59,45.05,44.96,44.83,False,False,False,0.7592675301473948,456,0.29420243387329487
2025-07-29,1,44.89,45.48,45.7,1.314323902873693,1,44.67,45.8,44.49,45.46,45.28,44.73,True,False,False,1.3632365875109884,457,0.5765489974269458
2025-07-30,2,44.67,44.86,44.85,0.4253413924333982,1,44.85,45.43,44.14,44.83,44.95,44.86,True,True,True,0.9362460989745914,458,0.18297203869242015
2025-07-31,3,44.85,46.35,45.95,3.3444816053511683,1,44.12,46.36,43.83,45.92,45.74,45.15,True,False,False,1.7044228694714112,459,1.451615480626172
2025-08-01,4,44.12,42.61,42.19,-3.4224841341795043,1,41.46,42.64,40.95,41.44,42.03,41.57,False,False,False,3.8723304388641133,460,1.4004321589665598
2025-08-04,0,41.46,42.6,42.8,2.749638205499272,3,43.74,43.77,42.58,43.43,43.44,43.25,False,False,False,2.183098591549295,461,1.0849364777436057
2025-08-05,1,43.74,44.01,43.8,0.6172839506172645,1,42.82,44.3,42.71,44.19,43.69,43.02,True,False,True,1.7496023630992867,462,0.24233307403034163
2025-08-06,2,42.82,43.0,43.29,0.42036431574030697,1,44.41,44.53,42.9,43.18,43.17,43.87,False,False,False,1.744186046511628,463,0.15855445435143706
2025-08-07,3,44.41,45.43,45.51,2.296780004503507,1,44.87,45.83,43.91,45.73,45.28,44.93,True,False,False,1.5628439357252935,464,0.8442675992452515
2025-08-08,4,44.87,45.1,45.14,0.5125919322487293,1,46.09,46.13,45.06,45.68,45.87,45.82,False,False,False,1.8625277161862446,465,0.18229954708756138
2025-08-11,0,46.09,46.1,45.93,0.02169668040790107,3,45.63,46.61,45.36,46.27,46.31,46.21,True,True,True,1.0845986984815619,466,0.007671019899629957
2025-08-12,1,45.63,46.19,46.48,1.2272627657242907,1,47.36,47.44,45.56,45.75,46.32,46.77,True,False,True,2.2948690192682295,467,0.4347644425975565
2025-08-13,2,47.36,48.02,48.11,1.3935810810810967,1,47.45,48.15,47.1,47.86,47.49,47.32,True,False,False,1.457725947521857,468,0.4774678921210405
2025-08-14,3,47.45,46.91,47.18,-1.1380400421496462,1,47.31,47.79,46.82,47.39,47.47,47.09,True,True,True,1.5135365593690064,469,0.3982625427850012
2025-08-15,4,47.31,47.23,46.93,-0.1690974424012004,1,46.62,47.23,46.21,46.64,46.92,46.61,False,False,False,1.7150116451407902,470,0.05983321919221918
2025-08-18,0,46.62,46.39,46.67,-0.4933504933504862,3,46.57,46.72,46.11,46.27,46.46,46.26,True,True,True,1.0778184953653804,471,0.17326287378073438
2025-08-19,1,46.57,46.37,45.83,-0.42946102641185924,1,44.66,46.42,44.41,45.88,45.58,45.31,False,False,False,1.8546474013370702,472,0.1529023421692588
2025-08-20,2,44.66,44.4,44.09,-0.582176444245408,1,43.82,44.44,42.19,42.96,42.53,43.27,False,False,False,4.729729729729717,473,0.20260667671371888
2025-08-21,3,43.82,43.47,43.38,-0.7987220447284393,1,43.24,43.97,42.7,43.06,43.95,43.46,True,False,True,2.461467678858984,474,0.26487037645524314
2025-08-22,4,43.24,43.5,43.33,0.6012950971322706,1,45.19,45.65,43.19,43.51,45.13,45.49,True,True,True,5.448275862068976,475,0.19485509010048027
2025-08-25,0,45.19,44.8,44.65,-0.8630227926532452,3,44.79,45.48,43.46,44.93,45.06,45.38,True,False,False,3.816964285714288,476,0.26318664091015864
2025-08-26,1,44.79,44.65,44.83,-0.3125697700379515,1,45.31,45.38,44.42,44.79,45.07,44.87,True,True,True,1.5005599104143377,477,0.09063286726098034
2025-08-27,2,45.31,45.06,45.13,-0.551754579563013,1,45.55,45.71,44.77,45.03,45.38,45.34,True,False,True,1.464713715046597,478,0.16169912697894984
2025-08-28,3,45.55,45.63,46.13,0.17563117453349708,1,46.34,46.55,45.25,45.42,45.56,45.82,True,True,True,2.1038790269559517,479,0.052073512482254364
2025-08-29,4,46.34,45.7,45.63,-1.3810962451445863,1,44.63,45.78,44.26,44.92,44.81,44.71,False,False,False,2.9759299781181605,480,0.42596435584576736
2025-09-02,1,44.63,42.54,42.46,-4.682948689222499,4,43.54,43.61,42.13,43.28,43.45,42.6,False,False,False,3.3380347907851307,481,1.458738474546815
2025-09-03,2,43.54,44.35,44.22,1.8603582912264605,1,44.52,44.93,43.75,44.14,44.42,44.37,False,False,False,1.240135287485917,482,0.5733784716991848
2025-09-04,3,44.52,44.7,45.01,0.40431266846361336,1,45.75,45.83,44.3,44.68,44.71,45.07,True,False,True,1.7449664429530225,483,0.12646834937826507
2025-09-05,4,45.75,46.97,46.81,2.6666666666666616,1,45.91,47.11,41.5,46.84,45.69,45.57,True,False,True,11.943793911007026,484,0.8389560384504414
2025-09-08,0,45.91,46.44,46.66,1.1544325854933701,3,46.54,47.04,46.32,46.81,46.9,46.98,False,False,False,1.2704565030146346,485,0.32387587244419325
2025-09-09,1,46.54,46.74,46.8,0.42973785990545466,1,46.94,47.04,46.12,46.63,46.61,46.45,True,False,True,0.9413778348309901,486,0.12196946882835942
2025-09-10,2,46.94,47.72,47.5,1.6616957818491818,1,47.01,47.72,46.47,47.32,47.51,47.39,True,False,False,1.1944677284157592,487,0.47665435060205186
2025-09-11,3,47.01,47.59,47.63,1.2337800467985716,1,47.79,47.98,47.21,47.59,47.51,47.94,False,False,False,1.092666526581206,488,0.3614275608072575
2025-09-12,4,47.79,47.98,47.97,0.3975727139568841,1,48.39,48.68,47.76,48.01,48.16,48.26,True,True,True,0.8962067528136718,489,0.11744437511155098
2025-09-15,0,48.39,48.8,48.96,0.8472824963835501,3,49.61,49.61,48.79,49.3,49.27,49.27,False,False,False,1.1065573770491786,490,0.25084718137268047
2025-09-16,1,49.61,49.83,49.71,0.44345898004434225,1,49.46,49.89,49.3,49.52,49.53,49.41,True,True,True,0.9231386714830441,491,0.13222905566188833
2025-09-17,2,49.46,49.44,49.31,-0.04043671653862768,1,49.17,49.59,46.49,49.16,48.93,48.77,True,True,True,3.2362459546925453,492,0.012080858342197647
2025-09-18,3,49.17,50.37,50.49,2.440512507626602,1,50.48,51.17,49.89,50.48,51.01,50.98,False,False,False,2.2235457613658873,493,0.7086378506152876
2025-09-19,4,50.48,50.95,50.83,0.9310618066561194,1,51.48,51.64,50.46,51.08,51.03,50.69,True,False,False,0.9028459273797858,494,0.2806406210118731
2025-09-22,0,51.48,51.22,51.44,-0.5050505050504972,3,52.38,52.53,51.22,51.59,51.78,51.87,True,True,True,1.1128465443186262,495,0.15363443371690258
2025-09-23,1,52.38,52.38,52.33,0.0,1,51.3,52.44,50.99,52.0,52.09,52.11,True,True,True,0.9736540664375678,496,0.0
2025-09-24,2,51.3,51.59,51.31,0.5653021442495243,1,50.68,51.68,49.99,51.2,51.18,51.03,True,True,True,1.376235704593915,497,0.18562257351785016
2025-09-25,3,50.68,49.7,49.33,-1.933701657458553,1,49.99,50.43,48.75,48.93,49.96,49.83,False,False,False,2.696177062374252,498,0.6234273786821009
2025-09-26,4,49.99,50.19,50.43,0.4000800160032014,1,50.62,50.68,49.38,50.49,49.66,50.05,True,True,True,2.5503088264594425,499,0.12635026475466263
2025-09-29,0,50.62,51.39,51.51,1.5211378901619943,3,51.32,52.11,50.98,51.95,52.02,51.49,False,False,False,1.4399688655380463,500,0.4823659291083536
2025-09-30,1,51.32,51.2,50.85,-0.23382696804363778,1,51.7,51.78,50.61,50.99,50.97,50.95,True,False,False,1.250000000000001,501,0.07549782294900678
2025-10-01,2,51.7,50.86,51.18,-1.6247582205029087,1,52.45,52.56,50.66,50.96,51.63,51.67,True,False,False,2.005505308690529,502,0.5349105454847269
2025-10-02,3,52.45,53.39,53.12,1.7921830314585385,1,53.05,53.39,52.33,52.77,52.85,52.64,True,False,False,1.723169132796407,503,0.5797705385042975
2025-10-03,4,53.05,53.22,53.29,0.3204524033930234,1,52.33,53.43,51.88,53.05,52.95,53.22,True,True,True,1.3528748590755335,504,0.10613388496707421
2025-10-06,0,52.33,53.69,53.38,2.598891649149637,3,53.51,53.94,53.06,53.33,53.26,53.38,False,False,False,1.1920283106723664,505,1.012126205650349
2025-10-07,1,53.51,53.85,53.86,0.6353952532237139,1,52.63,54.02,52.26,53.87,53.71,52.83,True,False,False,0.668523676880235,506,0.2470252860563953
2025-10-08,2,52.63,52.86,53.13,0.4370131103933028,1,54.45,54.52,52.84,53.44,53.71,53.83,False,False,False,1.7782822550132382,507,0.1657118261680095
2025-10-09,3,54.45,54.44,54.3,-0.018365472910941705,1,54.22,54.47,53.38,54.13,53.95,53.79,True,True,True,1.0286554004408566,508,0.006891035674132043
2025-10-10,4,54.22,54.36,54.45,0.25820730357801747,1,48.53,54.82,48.3,54.64,54.49,51.21,True,False,False,1.066961000735832,509,0.0961903786394217
2025-10-13,0,48.53,51.03,50.64,5.151452709664128,3,51.63,51.83,50.44,51.39,51.02,51.33,False,False,False,2.1555947481873434,510,1.6158031708484089
2025-10-14,1,51.63,49.86,49.37,-3.4282393957001833,1,50.58,51.76,48.54,49.47,50.38,50.25,True,False,False,3.710389089450464,511,1.057985445093727
2025-10-15,2,50.58,52.06,51.82,2.926057730328191,1,51.59,52.74,50.02,52.14,52.67,52.37,True,False,False,2.477910103726468,512,0.8350503861888037
2025-10-16,3,51.59,52.34,52.62,1.4537701104865297,1,51.04,53.16,46.0,52.46,52.56,52.3,True,False,True,5.387848681696599,513,0.4211659516596671
2025-10-17,4,51.04,50.43,50.73,-1.1951410658307182,1,51.93,52.38,50.06,50.98,51.51,50.43,True,True,True,3.489986119373385,514,0.2981364796488259
2025-10-20,0,51.93,52.8,53.23,1.675332177931832,3,53.93,54.26,52.78,53.43,53.81,54.05,False,False,False,1.9886363636363584,515,0.4063453834385686
2025-10-21,1,53.93,53.93,53.81,0.0,1,53.87,54.23,53.34,53.52,53.45,53.79,True,True,True,1.1125533098460993,516,0.0
2025-10-22,2,53.87,53.71,53.2,-0.29701132355670623,1,52.26,53.87,50.8,53.67,52.81,52.2,True,True,True,2.0480357475330373,517,0.07280936495943324
2025-10-23,3,52.26,52.14,52.24,-0.22962112514350874,1,53.61,53.81,52.04,53.01,52.95,53.15,True,True,True,2.1288837744533935,518,0.05465473058775396
2025-10-24,4,53.61,54.98,55.13,2.5554933781011036,1,55.24,55.62,54.76,55.25,55.19,55.4,False,False,False,1.2550018188432246,519,0.608157584911787
2025-10-27,0,55.24,57.26,57.34,3.6567704561911496,3,58.22,58.33,57.14,57.47,57.6,57.8,False,False,False,0.8732099196646874,520,0.8809950909281067
2025-10-28,1,58.22,58.82,58.95,1.0305736860185544,1,59.53,60.03,58.53,58.9,58.79,58.78,False,False,False,0.7310438626317575,521,0.24864881159527533
2025-10-29,2,59.53,60.29,60.37,1.276667226608419,1,60.25,60.67,57.26,60.63,60.49,60.19,True,False,False,0.7629789351467919,522,0.30704278906669774
2025-10-30,3,60.25,59.28,58.74,-1.609958506224063,1,57.6,59.65,57.57,59.31,58.56,58.82,False,False,False,2.6821862348178076,523,0.3784612910559035
2025-10-31,4,57.6,59.74,59.48,3.7152777777777812,1,58.37,59.74,57.52,59.09,59.13,59.32,True,False,False,1.4897890860395053,524,0.8580066034932775
2025-11-03,0,58.37,59.99,59.99,2.7753983210553335,3,59.12,60.19,58.55,59.33,58.71,58.77,False,False,False,2.550425070845143,525,0.6350574735176078
2025-11-04,1,59.12,56.66,56.23,-4.161028416779433,1,55.54,57.69,55.32,57.6,57.5,56.87,False,False,False,2.735615954818209,526,0.940335212159909
2025-11-05,2,55.54,55.3,55.07,-0.4321209938782933,1,56.61,57.49,54.98,56.25,56.27,56.62,True,True,True,2.658227848101277,527,0.09665464185734235
2025-11-06,3,56.61,56.15,56.0,-0.8125772831655165,1,53.43,56.24,53.06,55.12,55.07,53.95,False,False,False,3.2235084594835306,528,0.17902882751396867
2025-11-07,4,53.43,52.49,52.18,-1.7593112483623385,1,52.9,52.9,49.98,51.85,51.6,50.51,False,False,False,2.686225947799588,529,0.3725880723893774
2025-11-10,0,52.9,55.22,55.42,4.385633270321354,3,56.33,56.62,54.71,55.86,55.89,54.9,False,False,False,1.6117348786671506,530,0.9966647616498465
2025-11-11,1,56.33,55.62,55.71,-1.2604296112196045,1,55.88,56.2,54.8,55.77,55.24,55.0,False,False,False,1.3304566702624991,531,0.28406867198168634
2025-11-12,2,55.88,56.76,56.11,1.5748031496062964,1,55.75,56.76,54.87,55.53,55.68,55.5,True,True,True,2.4665257223396733,532,0.3714150121356508
2025-11-13,3,55.75,54.77,54.52,-1.757847533632284,1,52.31,54.91,51.7,54.16,54.17,53.15,False,False,False,2.574402044915093,533,0.42406177570498915
2025-11-14,4,52.31,49.97,49.48,-4.473332058879764,1,52.34,53.54,49.39,51.43,51.78,53.21,True,False,False,4.98298979387633,534,1.1915168091721458
2025-11-17,0,52.34,51.7,52.28,-1.2227741688956795,3,51.03,53.3,49.1,52.95,52.58,52.16,True,True,True,3.57833655705995,535,0.31038465367598383
2025-11-18,1,51.03,49.98,50.12,-2.0576131687242927,1,49.15,50.67,46.5,48.78,48.88,49.54,False,False,False,4.921968787515008,536,0.4892575826759414
2025-11-19,2,49.15,49.3,49.38,0.3051881993896277,1,49.97,51.56,48.72,51.0,51.37,49.88,True,True,True,4.969574036511162,537,0.06721858978742641
2025-11-20,3,49.97,52.77,52.77,5.603362017210345,1,46.42,53.53,46.24,53.3,53.24,51.13,True,False,False,4.074284631419364,538,1.2335486541649068
2025-11-21,4,46.42,46.84,46.99,0.9047824213701094,1,47.43,49.09,45.25,46.67,45.93,46.68,True,True,True,3.2237403928266395,539,0.17868816317974126
2025-11-24,0,47.43,48.69,49.56,2.6565464895635715,3,51.17,51.44,48.68,49.53,49.96,50.7,False,False,False,2.9985623331279543,540,0.492393718338928
2025-11-25,1,51.17,50.64,50.62,-1.035763142466295,1,52.04,52.35,49.0,50.42,50.18,50.62,True,False,False,3.495260663507115,541,0.1857977394635063
2025-11-26,2,52.04,52.91,53.03,1.671790930053807,1,53.42,53.85,52.41,52.53,52.7,53.53,False,False,False,1.587601587601594,542,0.28934032544664684
2025-11-28,4,53.42,53.82,54.03,0.7487832272557116,2,54.58,54.58,53.63,53.85,53.84,53.97,False,False,False,1.0033444816053496,543,0.13296998398701565
2025-12-01,0,54.58,53.11,53.41,-2.6932942469769072,3,54.04,54.64,52.82,53.7,53.66,53.92,True,False,False,2.146488420259839,544,0.48580006093240063
2025-12-02,1,54.04,54.62,54.84,1.073279052553655,1,55.31,55.75,54.15,55.31,55.13,54.43,False,False,False,2.0688392530208635,545,0.19409789847646125
2025-12-03,2,55.31,54.68,54.57,-1.1390345326342532,1,55.7,55.87,54.24,54.64,54.87,55.1,True,False,False,1.6642282370153558,546,0.20562591931997354
2025-12-04,3,55.7,56.04,55.11,0.6104129263913682,1,55.52,56.04,54.6,55.06,55.27,55.23,True,True,True,2.1770164168451087,547,0.11140427067723706
2025-12-05,4,55.52,55.86,56.36,0.6123919308357317,1,56.16,57.07,55.68,56.56,56.87,55.98,False,False,False,2.219835302542073,548,0.11381067072940727
2025-12-08,0,56.16,56.59,56.83,0.7656695156695204,3,55.8,57.03,55.12,56.28,56.01,55.76,True,True,True,2.297225658243513,549,0.14662258518960591
2025-12-09,1,55.8,55.46,55.21,-0.6093189964157641,1,55.99,56.21,55.09,55.53,55.74,55.92,True,False,False,1.2621709340064835,550,0.11917863324437467
2025-12-10,2,55.99,55.63,55.46,-0.6429719592784378,1,56.65,57.08,54.54,55.59,55.59,55.67,True,False,False,1.2043861225957246,551,0.12755653863408567
2025-12-11,3,56.65,55.63,55.17,-1.8005295675198485,1,56.12,56.15,53.98,54.11,55.34,54.49,False,False,False,3.0199532626280776,552,0.3500849310035382
2025-12-12,4,56.12,55.11,55.2,-1.7997148966500287,1,52.82,55.51,52.23,55.11,53.55,52.93,False,False,False,3.5928143712574796,553,0.34799489983396364
2025-12-15,0,52.82,54.05,53.48,2.3286633850813976,3,52.05,54.05,51.28,52.91,51.92,53.09,True,False,True,5.124884366327468,554,0.44987778428495157
2025-12-16,1,52.05,51.43,51.75,-1.1911623439000874,1,52.36,52.76,50.8,52.43,51.51,51.44,True,True,True,3.286019832782432,555,0.23741536100994598
2025-12-17,2,52.36,52.64,52.51,0.5347593582887722,1,49.41,52.78,49.37,52.17,52.05,50.52,True,True,True,2.2606382978723363,556,0.11137179246325876
2025-12-18,3,49.41,51.67,51.61,4.573972879983823,1,51.57,52.45,50.99,51.66,51.93,52.13,False,False,False,1.993419779369075,557,0.9714700578820546
2025-12-19,4,51.57,52.27,52.76,1.357378320729108,1,53.48,53.62,52.21,53.39,53.08,53.28,False,False,False,2.697532045150175,558,0.29756959086423446
2025-12-22,0,53.48,54.8,54.33,2.4682124158563967,3,54.25,54.88,53.88,54.6,54.25,54.38,False,False,False,1.3503649635036534,559,0.6161762231617118
2025-12-23,1,54.25,53.94,54.36,-0.5714285714285783,1,55.01,55.06,53.88,54.27,54.17,54.57,True,True,True,1.3904338153503895,560,0.15498355125659194
2025-12-24,2,55.01,54.85,54.99,-0.2908562079621868,1,55.36,55.44,54.79,54.94,54.98,55.21,True,True,True,0.61987237921605,561,0.08279467043122642
2025-12-26,4,55.36,55.5,55.53,0.25289017341041387,2,55.3,55.74,55.11,55.41,55.43,55.41,True,True,True,1.1351351351351398,562,0.07801716045869403
2025-12-29,0,55.3,54.21,54.37,-1.9710669077757648,3,54.51,54.98,52.67,54.39,54.53,54.28,False,False,False,4.261206419479792,563,0.6233321969790095
2025-12-30,1,54.51,54.19,54.38,-0.5870482480278882,1,54.11,54.81,54.04,54.59,54.23,54.69,True,True,True,1.1256689426093365,564,0.17859977838759636
2025-12-31,2,54.11,54.11,54.05,0.0,1,52.71,54.19,52.65,53.67,53.65,53.62,True,True,True,1.3675845499907502,565,0.0
2026-01-02,4,52.71,54.15,54.13,2.7319294251565207,2,52.38,54.85,51.62,54.43,52.97,52.29,True,False,False,3.8411819021237275,566,0.8584255722378099
2026-01-05,0,52.38,53.92,53.6,2.9400534555173774,3,53.59,54.32,53.3,53.61,54.11,54.18,False,False,False,1.6135014836795336,567,0.8824524091806447
2026-01-06,1,53.59,53.92,53.99,0.615786527337181,1,55.03,55.16,53.75,54.63,54.74,54.18,False,False,False,1.9102373887240376,568,0.18672703342845304
2026-01-07,2,55.03,55.0,55.08,-0.054515718698888715,1,55.19,56.18,54.77,55.29,55.36,55.55,True,True,True,1.2181818181818083,569,0.016499310703526712
2026-01-08,3,55.19,54.87,54.36,-0.5798151839101262,1,54.19,54.96,52.12,53.69,54.3,53.83,False,False,False,5.175870238746134,570,0.17766421834778537
2026-01-09,4,54.19,54.38,54.18,0.3506181952389831,1,55.76,56.09,53.8,54.52,55.26,55.32,True,True,True,2.7583670467083485,571,0.10247904118501468
2026-01-12,0,55.76,54.59,55.3,-2.098278335724524,3,55.9,56.33,54.59,55.58,55.7,55.82,True,False,True,2.1615680527569143,572,0.6164831944949962
2026-01-13,1,55.9,55.9,56.12,0.0,1,55.59,56.49,54.96,55.9,55.21,55.61,True,True,True,2.611806797853311,573,0.0
2026-01-14,2,55.59,54.52,54.81,-1.9248066198956693,1,53.85,54.85,52.51,53.55,53.74,53.5,False,False,False,2.971386647101989,574,0.6001475641752118
2026-01-15,3,53.85,55.67,55.41,3.3797585886722326,1,54.33,55.81,54.17,55.28,55.26,55.54,False,False,False,1.2214837434884134,575,1.0676591764079235
2026-01-16,4,54.33,55.32,55.3,1.8221976808393103,1,54.13,55.44,53.58,54.44,54.08,54.35,True,False,True,2.5126536514822857,576,0.5836029185223985
2026-01-20,1,54.13,51.37,52.02,-5.098836135230012,4,50.65,52.56,50.48,51.92,52.14,52.41,False,False,False,1.6157290247225975,577,1.7187827144170507
2026-01-21,2,50.65,51.07,50.88,0.8292201382033682,1,52.65,53.79,50.67,51.87,52.17,52.63,False,False,False,3.035049931466609,578,0.2738769396752767
2026-01-22,3,52.65,54.3,53.94,3.1339031339031376,1,53.9,54.3,51.58,53.4,53.5,53.98,True,False,True,5.009208103130753,579,0.9798661472434017
2026-01-23,4,53.9,53.61,53.49,-0.5380333951762517,1,54.38,55.06,53.32,53.93,54.47,54.74,True,True,True,2.3130013057265475,580,0.16024742154135585
2026-01-26,0,54.38,54.47,54.61,0.16550202280249948,3,55.09,55.62,54.21,55.03,55.08,55.46,True,True,True,2.05617771250229,581,0.04852835366939288
2026-01-27,1,55.09,55.97,55.84,1.5973860954801244,1,56.54,56.79,54.29,56.41,56.35,56.64,True,False,True,4.002144005717352,582,0.4589404446461308
2026-01-28,2,56.54,57.7,57.69,2.0516448532012843,1,57.09,57.98,55.98,57.7,57.5,57.26,True,False,True,3.4662045060658575,583,0.5625302055816368
2026-01-29,3,57.09,56.95,56.71,-0.24522683482220975,1,56.04,57.21,53.08,55.17,54.44,54.05,True,True,True,5.636523266022829,584,0.06797840351528107
2026-01-30,4,56.04,55.02,55.39,-1.8201284796573791,1,54.04,55.7,53.32,55.0,54.89,54.8,False,False,False,1.5267175572519145,585,0.4668222843928444
2026-02-02,0,54.04,53.15,53.74,-1.6469282013323427,3,55.08,55.7,53.15,54.46,55.18,55.35,True,True,True,4.327375352775173,586,0.4145345728369517
2026-02-03,1,55.08,55.6,55.26,0.9440813362382006,1,52.59,55.75,51.08,53.7,53.18,52.84,True,True,True,5.485611510791362,587,0.24116936609141323
2026-02-04,2,52.59,52.15,51.52,-0.8366609621601184,1,49.75,52.15,48.43,50.95,51.29,50.57,False,False,False,3.2598274209012383,588,0.19732670558056373
2026-02-05,3,49.75,48.4,48.59,-2.713567839195985,1,47.68,49.52,46.8,48.41,47.21,48.44,False,False,False,5.0000000000000036,589,0.6076204908845736
2026-02-06,4,47.68,48.34,48.89,1.3842281879194784,1,50.65,50.99,48.01,48.87,49.16,49.75,False,False,False,3.3098882912701724,590,0.2997006605092777
2026-02-09,0,50.65,50.04,49.96,-1.2043435340572506,3,51.8,52.26,48.0,50.4,50.79,51.84,True,True,True,6.434852118305353,591,0.2579920339454078
2026-02-10,1,51.8,52.0,51.86,0.38610038610038533,1,50.96,52.39,50.89,52.08,52.12,51.87,True,True,True,2.211538461538459,592,0.07906633222059786
2026-02-11,2,50.96,52.22,52.02,2.4725274725274637,1,51.38,52.49,50.05,51.51,50.16,50.86,True,False,True,4.672539256989668,593,0.5079032330537638
2026-02-12,3,51.38,51.81,51.85,0.8369015181004302,1,48.29,52.06,47.99,50.89,51.05,48.58,True,True,True,2.5670719938235966,594,0.16856420374738373
2026-02-13,4,48.29,48.13,47.99,-0.3313315386208271,1,48.51,49.59,46.08,47.87,48.77,48.76,True,True,True,5.77602327030958,595,0.0644229859341123
2026-02-17,1,48.51,47.62,48.22,-1.8346732632446905,4,48.32,48.97,46.42,46.62,46.88,48.03,True,True,True,4.241915161696758,596,0.342263935882258
2026-02-18,2,48.32,48.52,48.27,0.41390728476822236,1,49.36,50.35,48.21,49.3,49.95,50.16,True,True,True,3.771640560593566,597,0.0758066854580055
2026-02-19,3,49.36,48.66,48.67,-1.4181523500810478,1,48.79,49.39,48.17,48.93,48.82,48.9,True,False,False,2.219482120838482,598,0.2588761370868541
2026-02-20,4,48.79,47.95,48.49,-1.7216642754662725,1,50.06,50.44,47.78,49.02,49.53,49.56,True,True,True,4.817518248175187,599,0.3249644492150204
2026-02-23,0,50.06,49.52,49.65,-1.0787055533359902,3,48.26,49.85,47.67,49.11,48.86,48.3,False,False,False,2.4232633279483093,600,0.20257685887056492
2026-02-24,1,48.26,48.43,48.08,0.3522585992540517,1,49.73,50.03,47.82,48.87,49.65,49.66,True,True,True,3.7992979558125053,601,0.06544212686658467
2026-02-25,2,49.73,50.56,50.9,1.6690126684094198,1,51.88,51.94,50.54,51.64,51.58,51.38,False,False,False,2.3338607594936702,602,0.30448183553758273
2026-02-26,3,51.88,51.63,51.2,-0.48188126445644075,1,50.04,51.63,48.72,50.75,49.14,49.91,False,False,False,5.3650978113499965,603,0.08929348283207594
2026-02-27,4,50.04,48.42,48.78,-3.237410071942437,1,49.65,49.76,48.26,48.84,49.34,49.35,False,False,False,2.602230483271386,604,0.5880743559744845
2026-03-02,0,49.65,47.44,48.55,-4.451158106747233,3,49.69,50.14,47.27,48.73,48.8,48.78,True,False,False,4.152613827993252,605,0.8402534803030646
2026-03-03,1,49.69,46.77,46.76,-5.876433890118726,1,48.1,48.65,45.72,46.52,45.74,47.31,False,False,False,3.891383365405175,606,1.0915432408709598
2026-03-04,2,48.1,48.68,49.34,1.2058212058212003,1,50.29,50.78,48.53,49.04,50.3,50.13,False,False,False,3.6359901396877485,607,0.22096983353923905
2026-03-05,3,50.29,49.44,50.07,-1.6901968582223148,1,49.82,50.74,48.0,50.63,49.51,49.34,True,True,True,2.629449838187711,608,0.32083696233994036
2026-03-06,4,49.82,47.66,47.78,-4.3356081894821425,1,47.57,49.03,47.2,47.68,48.46,48.58,False,False,False,2.622744439781788,609,0.835614532508074
2026-03-09,0,47.57,46.19,46.44,-2.9009880176581904,3,49.41,49.74,45.0,45.82,46.01,47.4,True,False,False,3.723749729378651,610,0.5688747534511929
2026-03-10,1,49.41,49.4,49.6,-0.02023881805301997,1,49.37,50.73,47.86,49.25,49.48,50.31,True,True,True,4.170040485829964,611,0.003815488544920167
2026-03-11,2,49.37,49.65,49.91,0.5671460401053263,1,49.35,50.51,48.47,50.05,49.62,49.09,True,False,True,2.356495468277935,612,0.10971617578946702
2026-03-12,3,49.35,48.14,48.4,-2.451874366767981,1,46.87,48.47,46.75,47.44,47.24,47.22,False,False,False,2.5758205234732072,613,0.4687721563103835
2026-03-13,4,46.87,47.37,47.43,1.0667804565820393,1,45.91,48.24,45.67,47.82,47.52,46.35,True,False,False,2.258813595102386,614,0.20612375519031265
2026-03-16,0,45.91,47.35,47.58,3.1365715530385696,3,47.48,48.25,47.18,47.8,47.72,47.72,False,False,False,1.626187961985208,615,0.6206210167215045
2026-03-17,1,47.48,48.11,48.42,1.3268744734625137,1,48.19,48.75,47.82,48.62,48.46,48.17,False,False,False,1.704427353980462,616,0.2763012204877712
2026-03-18,2,48.19,47.71,47.76,-0.9960572732932049,1,46.08,48.09,46.05,47.9,47.09,47.48,False,False,False,3.814713896457766,617,0.21507616211249223
2026-03-19,3,46.08,44.86,44.47,-2.647569444444442,1,45.68,46.3,44.3,45.23,44.85,45.06,True,False,False,2.6972804279982188,618,0.5725157772668612
2026-03-20,4,45.68,45.22,44.7,-1.0070052539404517,1,43.06,45.22,42.3,44.1,44.01,43.96,False,False,False,3.0517470145953016,619,0.21325802169686967
2026-03-23,0,43.06,45.09,45.02,4.7143520668834205,3,44.69,46.14,43.8,45.66,45.87,45.72,False,False,False,2.994011976047907,620,0.9888524827853831
2026-03-24,1,44.69,43.84,44.09,-1.9019914969791718,1,43.61,44.53,42.51,43.62,43.57,44.31,False,False,False,3.6952554744525647,621,0.3956822559049063
2026-03-25,2,43.61,44.69,44.9,2.476496216464108,1,44.39,45.21,43.33,44.37,44.95,44.68,True,False,False,2.327142537480419,622,0.5149620780049777
2026-03-26,3,44.39,43.23,43.04,-2.61320117143502,1,41.26,43.64,41.15,43.54,43.3,42.84,False,False,False,2.0587554938699992,623,0.5353852789251093
2026-03-27,4,41.26,40.55,40.07,-1.7207949587978666,1,38.81,40.59,38.56,39.68,39.63,39.98,False,False,False,2.466091245376079,624,0.35210568618772214
2026-03-30,0,38.81,39.74,39.54,2.39628961607834,3,37.91,39.88,37.33,38.72,38.8,38.84,True,True,True,3.0447911424257694,625,0.4809346259181286
2026-03-31,1,37.91,39.08,39.45,3.086256924294384,1,41.73,41.99,39.07,39.98,39.97,39.66,False,False,False,2.4564994882292757,626,0.6171382798728922
2026-04-01,2,41.73,42.64,42.99,2.180685358255463,1,43.22,43.97,42.42,42.77,43.15,43.46,False,False,False,1.9230769230769238,627,0.4308570037379567
2026-04-02,3,43.22,40.88,41.02,-5.414160111059685,1,43.3,43.53,40.45,41.61,41.85,43.11,True,False,False,4.182974559686873,628,1.0802551447231334
2026-04-06,0,43.3,43.59,44.08,0.6697459584295684,4,44.09,44.54,43.27,44.32,44.12,43.68,True,False,False,2.3629272768983736,629,0.1310263620078375
2026-04-07,1,44.09,43.45,43.36,-1.4515763211612631,1,44.18,44.2,41.84,42.82,42.73,42.5,True,False,False,3.728423475258912,630,0.28657677504592577
2026-04-08,2,44.18,48.63,48.42,10.072430964237222,1,48.0,48.89,46.68,48.04,47.83,47.61,False,False,False,4.544519843717871,631,2.0881108465021314
2026-04-09,3,48.0,47.99,47.7,-0.020833333333325488,1,48.98,49.08,47.31,47.72,47.38,47.88,True,True,True,1.7503646593040287,632,0.004376341315607393
2026-04-10,4,48.98,49.35,49.49,0.7554103715802452,1,49.16,49.8,48.82,49.38,49.5,49.6,True,False,False,1.1550151975683896,633,0.15938875888670126
2026-04-13,0,49.16,48.77,48.79,-0.7933279088689904,3,50.7,50.73,48.47,49.31,49.23,49.34,True,True,True,1.9889276194381766,634,0.1702396370751015
2026-04-14,1,50.7,51.41,51.75,1.4003944773175458,1,53.41,53.41,51.41,51.76,52.24,52.43,False,False,False,1.6339233612137785,635,0.3030830918550614
2026-04-15,2,53.41,53.54,53.55,0.243400112338521,1,55.65,55.73,53.35,53.84,54.23,54.59,True,True,True,1.643630930145677,636,0.05176497508683657
2026-04-16,3,55.65,56.16,55.85,0.9164420485175073,1,56.4,56.91,55.1,55.38,55.58,56.31,True,True,True,1.9408831908831845,637,0.18983256869220702
2026-04-17,4,56.4,57.75,57.64,2.393617021276606,1,58.6,58.93,57.38,58.0,58.03,58.66,False,False,False,1.558441558441556,638,0.5012822627337029
2026-04-20,0,58.6,58.39,58.5,-0.3583617747440315,3,58.08,58.57,56.91,58.3,57.96,57.82,False,False,False,1.1817091967802666,639,0.0764705474836342
2026-04-21,1,58.08,58.49,58.16,0.7059228650137861,1,57.37,58.96,56.72,58.65,58.68,57.93,True,True,True,3.812617541460085,640,0.15667838927809385
2026-04-22,2,57.37,58.92,58.57,2.7017605020045465,1,60.25,60.29,58.51,58.81,59.62,59.63,False,False,False,1.8839103869653757,641,0.6088394538957673
2026-04-23,3,60.25,59.81,59.73,-0.730290456431526,1,59.24,60.72,57.6,59.82,59.79,60.55,True,True,True,1.5047650894499223,642,0.1675659425125324
2026-04-24,4,59.24,61.08,61.16,3.106009453072245,1,62.58,62.7,60.56,60.98,60.99,61.82,False,False,False,1.4571054354944346,643,0.704515767604074
2026-04-27,0,62.58,62.39,62.16,-0.3036113774368743,3,62.61,62.69,61.65,62.38,62.07,61.95,True,False,False,1.3944542394614594,644,0.07067466882984348
2026-04-28,1,62.61,60.72,60.56,-3.018687110685192,1,60.75,61.31,59.5,61.02,60.76,59.93,False,False,False,1.976284584980242,645,0.7311047290612174
2026-04-29,2,60.75,61.01,60.61,0.42798353909465625,1,61.78,61.85,59.17,61.11,61.42,61.46,True,True,True,3.769873791181769,646,0.10815452388463496
2026-04-30,3,61.78,62.94,61.94,1.8776303010683115,1,63.63,63.76,60.7,61.23,61.16,62.33,True,True,True,3.558945027009843,647,0.4936984984724456
2026-05-01,4,63.63,63.9,64.61,0.4243281471004279,1,65.31,65.83,63.82,65.53,65.53,65.48,False,False,False,3.0359937402191,648,0.10980080672887248
2026-05-04,0,65.31,65.44,65.24,0.19905068136578663,3,64.89,66.04,63.83,65.71,65.56,64.9,True,True,True,1.0849633251833863,649,0.05460787191225764
2026-05-05,1,64.89,66.37,66.61,2.2807828633071514,1,67.41,67.76,66.27,67.01,67.29,67.35,False,False,False,1.672442368540002,650,0.621759353543195
2026-05-06,2,67.41,69.26,69.64,2.744399940661646,1,71.57,71.64,67.87,69.79,69.44,70.6,False,False,False,3.1619982673982063,651,0.7821152521725558
2026-05-07,3,71.57,71.85,71.93,0.39122537375995137,1,71.32,73.28,69.74,72.08,72.79,72.51,True,True,True,4.453723034098822,652,0.11008393419003178
2026-05-08,4,71.32,72.79,73.43,2.061132922041531,1,76.22,76.26,72.75,74.47,74.54,75.02,False,False,False,2.9949168841873974,653,0.570032627738331
2026-05-11,0,76.22,75.99,76.92,-0.3017580687483701,3,76.91,77.35,75.56,76.03,75.84,76.94,True,True,True,1.5791551519936873,654,0.08030543505808241
2026-05-12,1,76.91,75.25,75.17,-2.1583669223767976,1,74.92,75.92,71.55,74.59,74.26,72.6,False,False,False,2.2325581395348926,655,0.5923544761528168
2026-05-13,2,74.92,75.82,75.61,1.2012813667912292,1,77.29,77.93,74.21,74.99,75.44,76.02,True,True,True,2.123450276971775,656,0.32123609925211744
2026-05-14,3,77.29,77.28,77.85,-0.012938284383501308,1,78.91,79.68,77.15,77.82,78.42,79.51,True,True,True,2.277432712215309,657,0.0034386432287090863
2026-05-15,4,78.91,75.7,75.51,-4.067925484729429,1,75.27,77.36,74.22,74.62,75.79,76.05,False,False,False,3.0515191545574667,658,1.0804132581854047
2026-05-18,0,75.27,76.13,75.74,1.142553474159702,3,74.19,76.25,71.8,75.37,74.72,73.22,True,True,True,2.3775121502692795,659,0.2976674499009927
2026-05-19,1,74.19,72.35,73.24,-2.4801186143685205,1,72.94,74.49,69.44,73.01,71.32,71.78,True,False,False,6.371803731859019,660,0.6218218933775113
2026-05-20,2,72.94,74.08,74.54,1.5629284343295913,1,76.47,76.52,66.66,74.3,75.06,75.72,True,True,True,11.636069114470848,661,0.3769741319444805
2026-05-21,3,76.47,75.13,75.54,-1.752321171701321,1,76.97,77.78,74.17,75.75,74.96,75.29,True,False,False,2.5821908691601196,662,0.37600007410452607
2026-05-22,4,76.97,78.02,78.39,1.3641678576068461,1,77.83,79.31,77.37,78.48,77.92,78.99,False,False,False,2.191745706229164,663,0.29401107051932923
2026-05-26,1,77.83,80.55,80.15,3.4947963510214564,4,81.88,82.26,78.1,81.32,81.86,81.33,False,False,False,4.816883923029186,664,0.7615596206433515
2026-05-27,2,81.88,82.88,82.51,1.2212994626282336,1,81.68,82.88,79.5,81.81,80.63,80.88,True,True,True,4.005791505791498,665,0.2563667059962368
2026-05-28,3,81.68,81.72,81.37,0.048971596474034484,1,83.68,84.05,80.66,81.23,82.48,83.41,True,True,True,2.569750367107206,666,0.01016273573522917
2026-05-29,4,83.68,84.4,84.37,0.8604206500955947,1,84.64,85.69,81.85,85.49,84.64,84.62,True,False,False,1.8246445497630237,667,0.17901111016281127
2026-06-01,0,84.64,84.13,84.45,-0.602551984877131,3,85.99,87.05,83.76,83.86,84.48,85.32,True,True,True,1.675977653631281,668,0.12576956610461318
2026-06-02,1,85.99,85.93,85.23,-0.06977555529711355,1,87.26,87.31,84.85,86.28,85.98,86.87,True,True,True,2.164552542767368,669,0.014448755178204483
2026-06-03,2,87.26,87.61,87.33,0.4011001604400599,1,86.54,88.07,85.41,85.99,87.35,86.86,True,True,True,3.036183084122813,670,0.08350239488123631
2026-06-04,3,86.54,83.47,84.13,-3.54749248902243,1,85.22,86.24,82.48,83.3,84.0,84.94,False,False,False,2.12052234335689,671,0.7324964529682999
2026-06-05,4,85.22,81.55,81.62,-4.306500821403425,1,73.13,82.06,72.71,79.4,79.76,78.87,False,False,False,3.4702636419374597,672,0.8979201554905256
2026-06-08,0,73.13,76.84,75.98,5.073157390947647,3,76.28,78.46,75.38,75.52,76.75,77.6,False,False,False,2.446642373763677,673,0.9902697053417301
2026-06-09,1,76.28,78.48,77.78,2.8841111693759913,1,73.71,79.33,67.01,78.02,76.25,71.95,True,False,True,4.689092762487248,674,0.5674795179395613
2026-06-10,2,73.71,71.71,71.14,-2.713336046669379,1,69.36,74.69,69.0,72.92,74.15,71.26,True,True,True,4.741319202342778,675,0.4719294782683281
2026-06-11,3,69.36,70.87,70.4,2.1770472895040527,1,76.12,76.59,69.61,71.9,71.72,70.92,False,False,False,4.021447721179617,676,0.3717747289383848
2026-06-12,4,76.12,76.33,75.1,0.2758801891749707,1,77.59,78.32,74.3,75.22,76.48,78.2,True,True,True,3.930302633302764,677,0.04520434853346682
2026-06-15,0,77.59,82.83,83.05,6.7534476092279805,3,84.68,85.02,68.0,83.34,83.81,84.51,True,True,True,19.485693589279247,678,1.0888097315632415
2026-06-16,1,84.68,84.2,84.0,-0.5668398677373676,1,79.93,84.81,79.17,84.14,83.13,81.88,True,True,True,4.726840855106893,679,0.08071647235049059
2026-06-17,2,79.93,81.64,80.96,2.1393719504566366,1,77.58,81.8,75.15,80.27,81.54,80.8,True,False,False,2.13130818226359,680,0.3028016654437678
2026-06-18,3,77.58,82.15,81.28,5.890693477700437,1,83.05,83.59,80.66,81.18,81.6,82.02,False,False,False,2.2641509433962255,681,0.8269338960087228
2026-06-22,0,83.05,83.91,83.65,1.035520770620102,4,82.7,85.09,81.41,84.84,83.43,82.15,True,False,False,2.085567870337266,682,0.15603718728255733
2026-06-23,1,82.7,75.11,75.41,-9.17775090689239,1,74.44,77.72,73.4,76.82,77.21,75.11,False,False,False,4.553321794701107,683,1.3873303718741115
2026-06-24,2,74.44,74.76,75.49,0.4298764105319819,1,73.18,76.16,70.0,74.56,74.67,75.39,True,True,True,4.333868378812192,684,0.06341617946696813
2026-06-25,3,73.18,77.93,77.26,6.490844493030878,1,74.71,78.08,71.65,71.75,73.76,73.89,True,True,True,8.25099448222763,685,0.9363034489170475
2026-06-26,4,74.71,72.04,70.88,-3.573818765894776,1,72.73,74.68,70.73,72.52,73.73,73.74,False,False,False,4.816768461965573,686,0.5004608300543679
2026-06-29,0,72.73,74.12,75.04,1.9111783308126018,3,77.32,77.35,71.16,73.92,73.47,75.03,True,False,True,5.895844576362661,687,0.26515442033756886
2026-06-30,1,77.32,77.2,78.26,-0.15519917227106994,1,81.0,81.53,77.16,79.7,80.07,80.07,True,True,True,3.8989637305699545,688,0.02097889525571999
2026-07-01,2,81.0,78.72,77.78,-2.8148148148148144,1,77.55,79.63,75.61,79.04,79.11,79.54,False,False,False,4.8399390243902465,689,0.376042079086357
2026-07-02,3,77.55,77.52,77.88,-0.03868471953578645,1,73.5,79.13,71.72,78.81,76.36,74.59,True,True,True,3.8054695562435357,690,0.005091724356919195
2026-07-06,0,73.5,75.48,76.22,2.6938775510204183,4,76.28,77.45,75.17,76.2,76.87,77.03,False,False,False,2.503974562798093,691,0.3399772468150757
2026-07-07,1,76.28,73.7,73.16,-3.382275825904557,1,72.19,74.33,70.77,72.71,71.5,71.5,False,False,False,4.314789687924006,692,0.43089048180467077
2026-07-08,2,72.19,70.8,71.53,-1.9254744424435533,1,72.78,73.0,69.58,72.02,71.5,69.76,True,True,True,2.0480225988700607,693,0.25612362858401305
2026-07-09,3,72.78,74.81,75.07,2.7892278098378798,1,76.27,76.67,73.9,76.05,75.09,75.81,False,False,False,3.0878224836251675,694,0.36900097359170575
2026-07-10,4,76.27,75.52,76.04,-0.9833486298675753,1,76.96,77.31,74.34,76.17,76.06,76.59,True,True,True,1.6949152542372898,695,0.14130429256211455
2026-07-13,0,76.96,74.55,74.03,-3.1314968814968758,3,72.7,74.84,72.11,73.9,74.46,74.5,False,False,False,2.427900737759877,696,0.4633087396722804
2026-07-14,1,72.7,75.18,74.32,3.4112792297111394,1,75.0,75.82,73.42,74.96,74.27,75.75,False,False,False,2.3410481511040238,697,0.5289106155224147
2026-07-15,2,75.0,76.33,76.28,1.7733333333333379,1,74.31,76.4,72.15,75.31,74.55,73.92,True,True,True,3.222848159308277,698,0.27944466710928534
2026-07-16,3,74.31,72.61,72.39,-2.2877136320818225,1,70.75,73.1,69.69,71.73,72.75,72.04,False,False,False,2.781985952348156,699,0.40874580935979077
2026-07-17,4,70.75,66.32,65.96,-6.26148409893994,1,67.45,69.54,63.56,66.86,67.97,67.39,False,False,False,7.267792521109762,700,1.139112426480673
2026-07-20,0,67.45,69.43,70.09,2.9355077835433674,3,67.57,70.49,67.51,69.13,69.35,69.26,False,False,False,2.8661961688031035,701,0.5298388876707305
2026-07-21,1,67.57,70.7,70.19,4.632233239603378,1,71.35,71.71,69.62,70.2,70.61,71.31,False,False,False,1.7114568599717026,702,0.8306479463691917
2026-07-22,2,71.35,69.75,70.2,-2.2424667133847165,1,70.31,71.58,66.0,71.11,70.69,71.45,True,False,False,7.369175627240144,703,0.4073379142999202
2026-07-23,3,70.31,67.1,67.41,-4.565495662067997,1,66.34,68.26,64.9,67.01,67.24,65.27,False,False,False,4.73919523099852,704,0.8127132328461589
2026-07-24,4,66.34,65.77,66.22,-0.8592101296352239,1,64.04,66.39,63.48,64.27,64.77,65.56,True,True,True,3.390603618671133,705,0.1574802994958164
2026-07-27,0,64.04,66.04,65.67,3.1230480949406614,3,63.35,66.21,61.65,64.41,62.62,62.56,True,False,True,5.496668685645056,706,0.5932097663616371
2026-07-28,1,63.35,61.67,61.24,-2.6519337016574607,1,61.5,62.59,59.4,59.8,60.08,61.82,False,False,False,3.9889735689962715,707,0.4970121111390703
2026-07-29,2,61.5,61.45,61.8,-0.08130081300812275,1,57.83,62.71,57.6,60.28,59.24,59.14,True,True,True,4.849471114727427,708,0.015704775058430646
2026-07-30,3,57.83,61.13,61.09,5.706380771226005,1,63.45,63.83,60.75,62.88,63.33,62.05,False,False,False,4.400458040242103,709,1.0747339303403216
2026-07-31,4,63.45,65.73,66.64,3.5933806146572156,1,64.54,66.75,60.77,64.27,63.53,62.85,True,False,True,6.617982656321316,710,0.677208977690978
2026-08-03,0,64.54,64.67,64.41,0.2014254725751341,3,67.94,68.4,63.99,66.07,66.45,66.82,True,True,True,3.850316993969386,711,0.03812629125504026
2026-08-04,1,67.94,70.31,71.37,3.488372093023262,1,74.76,75.4,70.19,71.88,72.6,73.18,False,False,False,3.4845683402076557,712,0.6373736953654562
2026-08-05,2,74.76,75.59,75.86,1.1102193686463258,1,72.87,76.32,72.55,76.14,75.15,74.32,True,False,False,1.680116417515539,713,0.19818186697381407
2026-08-06,3,72.87,70.82,70.88,-2.81322903801291,1,71.91,73.43,70.17,72.31,72.68,72.83,True,False,True,4.419655464558028,714,0.5014785489044499
2026-08-07,4,71.91,73.61,74.28,2.3640661938534313,1,74.51,74.65,72.53,73.4,73.95,74.4,False,False,False,2.4996603722320385,715,0.4180566444662219
2026-08-10,0,74.51,74.27,73.8,-0.32210441551471236,3,73.78,74.96,73.64,74.29,74.68,74.07,True,True,True,1.7638346573313426,716,0.05749544252274493
2026-08-11,1,73.78,74.51,73.79,0.9894280292762403,1,72.94,74.53,72.26,73.72,74.06,73.52,True,True,True,1.9863105623406305,717,0.17963386006469437
2026-08-12,2,72.94,75.59,74.82,3.6331231148889476,1,74.54,75.66,74.38,75.04,75.08,74.77,False,False,False,1.3758433655245297,718,0.6604792210680481
2026-08-13,3,74.54,75.06,75.3,0.6976120203917358,1,77.09,77.76,74.71,77.02,77.46,77.26,False,False,False,3.677058353317353,719,0.13145107674274067
2026-08-14,4,77.09,77.55,77.32,0.596705149824861,1,76.64,77.84,75.94,77.41,76.93,76.26,True,True,True,1.4184397163120679,720,0.11311166621974732
2026-08-17,0,76.64,77.36,77.21,0.9394572025052117,3,76.42,77.89,76.21,77.48,77.2,77.77,True,False,False,1.0082730093071186,721,0.18990363389245624
2026-08-18,1,76.42,73.37,73.28,-3.9911018058099934,1,72.54,73.93,72.01,73.01,73.2,72.58,False,False,False,2.05806187815184,722,0.8244375952219035
2026-08-19,2,72.54,73.37,73.19,1.1441963054866333,1,72.02,73.69,71.0,71.9,71.78,72.71,True,True,True,3.666348643859885,723,0.23718655262919058
2026-08-20,3,72.02,70.83,71.18,-1.6523188003332412,1,70.42,71.67,69.76,70.85,70.82,70.76,False,False,False,1.6094875052943676,724,0.3586265024546075
2026-08-21,4,70.42,71.69,70.93,1.8034649247372858,1,71.24,71.82,68.14,70.51,70.32,70.95,True,True,True,2.4829125401032237,725,0.4015007109463025
2026-08-24,0,71.24,70.0,69.09,-1.7405951712521017,3,69.11,70.01,67.95,68.45,68.38,69.16,False,False,False,2.942857142857146,726,0.3844711523353193
2026-08-25,1,69.11,70.46,70.98,1.9534076110548249,1,70.24,71.24,68.33,70.5,69.86,70.31,True,True,True,4.130002838489919,727,0.45122273214842196
2026-08-26,2,70.24,69.55,70.18,-0.9823462414578543,1,70.37,70.93,69.49,70.68,69.61,70.16,True,True,True,1.7253774263120099,728,0.22968070071984875
2026-08-27,3,70.37,72.09,71.66,2.444223390649425,1,73.31,73.37,71.37,71.79,72.67,72.47,False,False,False,1.9420169232903197,729,0.6164893288961156
2026-08-28,4,73.31,72.84,72.67,-0.6411130814349963,1,71.85,74.18,68.5,73.01,73.01,73.94,True,True,True,6.727073036792978,730,0.16645633810839583
2026-08-31,0,71.85,71.42,71.59,-0.5984690327070163,3,71.88,72.14,70.83,71.45,70.97,71.29,True,True,True,1.596191542985159,731,0.15805154197744153
2026-09-01,1,71.88,69.06,68.95,-3.923205342237057,1,69.14,70.54,68.25,69.01,69.44,69.92,False,False,False,1.419055893426012,732,1.1090983188441093
2026-09-02,2,69.14,68.95,68.84,-0.27480474399768084,1,69.53,69.74,68.38,68.69,69.58,69.71,True,False,True,1.783901377810013,733,0.08245984997998253
2026-09-03,3,69.53,70.04,70.14,0.7334963325183352,1,71.94,72.41,69.71,70.58,70.7,71.91,False,False,False,1.7275842375785377,734,0.23052590799920897
2026-09-04,4,71.94,72.47,72.81,0.7367250486516541,1,72.36,73.23,71.65,73.14,72.55,71.85,True,False,False,1.3660825169035589,735,0.23429562909008803
2026-09-08,1,72.36,72.91,72.6,0.7600884466556046,4,72.18,73.2,71.33,71.89,71.98,72.69,True,True,True,2.5648059251131596,736,0.24444595541680858
2026-09-09,2,72.18,71.55,71.72,-0.8728179551122373,1,71.51,72.53,70.84,72.34,72.12,71.05,True,True,True,1.7330538085254996,737,0.2771898815925551
2026-09-10,3,71.51,68.89,68.9,-3.6638232415046934,1,69.19,70.22,68.68,68.97,69.73,69.95,False,False,False,2.1048047612135123,738,1.1763460167202109
2026-09-11,4,69.19,71.2,71.22,2.905044081514685,1,71.01,71.75,70.51,71.55,71.43,71.65,False,False,False,1.4887640449438033,739,0.9246771727776844
2026-09-14,0,71.01,67.58,67.51,-4.830305590761874,3,69.27,70.37,67.35,68.21,68.24,68.76,False,False,False,2.1751997632435613,740,1.5964825336012367
2026-09-15,1,69.27,69.12,68.85,-0.2165439584235429,1,67.89,69.32,67.61,69.16,68.48,68.18,True,True,True,1.504629629629618,741,0.06926016174983989
2026-09-16,2,67.89,68.84,68.99,1.3993224333480603,1,67.95,69.95,66.55,69.49,69.31,69.67,True,False,False,1.0604299825682593,742,0.44541082063989107
2026-09-17,3,67.95,71.1,70.61,4.635761589403953,1,71.34,71.71,70.4,70.96,71.14,71.11,False,False,False,1.293952180028112,743,1.4229947851637512
2026-09-18,4,71.34,71.89,71.9,0.7709559854219172,1,72.66,72.77,70.81,71.64,71.3,71.45,True,True,True,1.7387675615523717,744,0.24346824979943898
2026-09-21,0,72.66,74.84,75.07,3.0002752546105294,3,78.93,79.48,74.84,76.28,76.99,77.48,False,False,False,2.872795296632805,745,0.9470428106710687
2026-09-22,1,78.93,78.78,79.59,-0.19004180919802716,1,80.75,81.12,78.77,80.08,80.33,80.07,True,True,True,2.119827367352122,746,0.058993910406236034
2026-09-23,2,80.75,80.52,79.93,-0.28482972136223417,1,78.67,80.56,75.0,79.27,77.99,78.69,False,False,False,6.905116741182318,747,0.0883634950170926
2026-09-24,3,78.67,76.74,76.95,-2.4532858777170596,1,78.6,79.09,76.55,77.2,77.57,76.69,True,False,False,1.4073494917904592,748,0.7296793334680143
2026-09-25,4,78.6,79.1,79.34,0.6361323155216203,1,79.6,80.05,56.0,79.69,78.4,79.03,True,True,True,30.20227560050569,749,0.18578013786436734
2026-09-28,0,79.6,78.29,77.97,-1.64572864321606,3,77.04,78.58,75.46,77.75,76.96,76.5,False,False,False,2.465193511304116,750,0.34245876042171886
2026-09-29,1,77.04,78.12,77.44,1.4018691588784993,1,77.45,78.16,76.64,77.38,77.85,76.99,True,True,True,1.5745007680491419,751,0.3037643376588149
2026-09-30,2,77.45,78.12,78.61,0.8650742414461066,1,78.02,79.66,78.01,79.17,79.1,79.28,False,False,False,1.9585253456221212,752,0.18722263116276913
2026-10-01,3,78.02,78.86,78.94,1.0766470135862738,1,78.63,79.52,75.7,78.54,77.55,77.68,True,False,True,4.5143291909713446,753,0.23608746934707175
2026-10-02,4,78.63,81.59,81.55,3.7644664886175905,1,80.95,82.6,79.99,81.86,82.45,80.94,False,False,False,2.095845079053798,754,0.8002773052515122
2026-10-05,0,80.95,80.95,81.71,0.0,3,83.0,83.37,80.86,81.71,82.32,82.28,True,True,True,1.914762198888199,755,0.0
2026-10-06,1,83.0,84.54,84.33,1.8554216867469941,1,84.27,85.31,84.1,84.83,84.44,85.13,False,False,False,1.1237284125857614,756,0.3933332325164791
2026-10-07,2,84.27,82.3,82.47,-2.3377239824374008,1,83.6,83.74,68.0,82.37,82.48,82.65,False,False,False,3.4629404617253883,757,0.501603853702299
