tdate,open,close,high,low,nbars,dow,o18,o02,o09,c15,o10,c16,prev_c15,prev_close,prev_date,gapdays,wk_gap,on,asia,europe,us,post,filled
2024-10-03 00:00:00+00:00,5769.5,5744.0,5772.75,5725.75,23,3,5769.5,5747.5,5744.5,5749.25,5750.5,5744.0,5760.5,5770.0,2024-10-02 00:00:00+00:00,1.0,-0.00866551126516013,-0.27775366721638495,-0.38131553860819567,-0.052196607220533764,0.08268778831925783,-0.09131625864242654,True
2024-10-04 00:00:00+00:00,5745.75,5795.5,5804.75,5741.0,23,4,5745.75,5752.25,5799.5,5799.75,5771.5,5795.5,5749.25,5744.0,2024-10-03 00:00:00+00:00,1.0,0.030466573816156917,0.8740270470061207,0.11312709393900278,0.8214177061149908,0.0043107164410693954,-0.07327902064744318,True
2024-10-07 00:00:00+00:00,5802.0,5750.0,5808.0,5734.25,23,0,5802.0,5791.0,5778.25,5743.75,5776.0,5750.0,5799.75,5795.5,2024-10-04 00:00:00+00:00,3.0,0.11215598309033403,-0.37070563386353284,-0.1895897966218585,-0.22016922811258777,-0.597066585904038,0.10881392818280489,True
2024-10-08 00:00:00+00:00,5752.5,5798.25,5806.75,5725.25,23,1,5752.5,5743.5,5766.25,5800.75,5776.5,5798.25,5743.75,5750.0,2024-10-07 00:00:00+00:00,1.0,0.04347826086956719,0.39173014145810203,-0.15645371577575062,0.39609993906155605,0.5983091263819684,-0.043097875274744624,True
2024-10-09 00:00:00+00:00,5799.25,5836.5,5846.5,5780.75,23,2,5799.25,5788.0,5797.75,5840.0,5804.25,5836.5,5800.75,5798.25,2024-10-08 00:00:00+00:00,1.0,0.017246583020735784,-0.05171745032970243,-0.19399060223305176,0.16845196959225373,0.728730973222369,-0.059931506849320026,True
2024-10-10 00:00:00+00:00,5836.0,5831.0,5844.0,5811.5,23,3,5836.0,5836.0,5820.75,5829.0,5821.25,5831.0,5840.0,5836.5,2024-10-09 00:00:00+00:00,1.0,-0.008566778034779787,-0.3296232876712324,0.0,-0.26130911583276406,0.14173431258859281,0.03431120260766196,True
2024-10-11 00:00:00+00:00,5831.0,5853.25,5868.25,5816.0,23,4,5831.0,5829.0,5826.0,5859.75,5838.25,5853.25,5829.0,5831.0,2024-10-10 00:00:00+00:00,1.0,0.0,-0.05146680391148184,-0.03429943405933722,-0.05146680391148184,0.5792996910401582,-0.11092623405435376,False
2024-10-14 00:00:00+00:00,5854.5,5913.75,5918.5,5850.0,23,0,5854.5,5857.0,5873.25,5909.25,5898.75,5913.75,5859.75,5853.25,2024-10-11 00:00:00+00:00,3.0,0.02135565711356424,0.23038525534366805,0.04270219489281857,0.2774457913607753,0.6129485378623345,0.07615179591318189,True
2024-10-15 00:00:00+00:00,5914.25,5860.75,5915.5,5850.0,23,1,5914.25,5909.75,5910.5,5862.75,5907.25,5860.75,5909.25,5913.75,2024-10-14 00:00:00+00:00,1.0,0.008454872120067236,0.021153276642560392,-0.07608741598681412,0.012690892169708867,-0.8078842737501035,-0.03411368385143332,True
2024-10-16 00:00:00+00:00,5861.0,5883.75,5892.75,5853.25,23,2,5861.0,5867.0,5863.25,5886.25,5855.25,5883.75,5862.75,5860.75,2024-10-15 00:00:00+00:00,1.0,0.004265665657121609,0.008528420962861105,0.10237160894044361,-0.06391682290779466,0.39227390952116803,-0.04247186239116907,True
2024-10-17 00:00:00+00:00,5882.75,5887.5,5927.25,5871.25,23,3,5882.75,5880.75,5918.75,5886.25,5903.75,5887.5,5886.25,5883.75,2024-10-16 00:00:00+00:00,1.0,-0.016995963458676933,0.5521342110851535,-0.03399770515489786,0.646176082982608,-0.5491024287222812,0.021235931195584534,True
2024-10-18 00:00:00+00:00,5888.25,5907.5,5915.5,5876.25,23,4,5888.25,5888.5,5900.25,5906.25,5893.5,5907.5,5886.25,5887.5,2024-10-17 00:00:00+00:00,1.0,0.012738853503191372,0.23784242939053346,0.004245743641995148,0.199541479154286,0.1016906063302292,0.021164021164010727,True
2024-10-21 00:00:00+00:00,5911.5,5898.75,5915.5,5865.0,23,0,5911.5,5902.5,5892.75,5897.0,5900.25,5898.75,5906.25,5907.5,2024-10-18 00:00:00+00:00,3.0,0.0677105374523812,-0.22857142857143353,-0.15224562293834065,-0.16518424396442244,0.0721225234398215,0.029676106494824772,True
2024-10-22 00:00:00+00:00,5900.75,5887.0,5904.25,5861.25,23,1,5900.75,5883.5,5867.75,5892.5,5871.5,5887.0,5897.0,5898.75,2024-10-21 00:00:00+00:00,1.0,0.0339054884509471,-0.4960149228421251,-0.29233572003558583,-0.26769779892921175,0.421797111328881,-0.09333899024183134,True
2024-10-23 00:00:00+00:00,5887.25,5842.0,5893.75,5801.0,23,2,5887.25,5886.75,5872.25,5837.0,5870.0,5842.0,5892.5,5887.0,2024-10-22 00:00:00+00:00,1.0,0.0042466451503297975,-0.343657191344926,-0.00849292963607251,-0.24631587888053197,-0.6002809825875977,0.08566044200788436,True
2024-10-24 00:00:00+00:00,5844.0,5852.75,5870.0,5822.5,23,3,5844.0,5849.25,5862.75,5849.25,5850.75,5852.75,5837.0,5842.0,2024-10-23 00:00:00+00:00,1.0,0.0342348510784074,0.44115127634059004,0.08983572895278069,0.2307988203615885,-0.23026736599718323,0.05983673120486532,True
2024-10-25 00:00:00+00:00,5853.25,5841.5,5900.75,5835.0,23,4,5853.25,5849.5,5871.5,5845.5,5888.75,5841.5,5849.25,5852.75,2024-10-24 00:00:00+00:00,1.0,0.008542992610305333,0.3803906483737185,-0.06406697134070383,0.3761005214120816,-0.44281699736012925,-0.06842870584210514,True
2024-10-28 00:00:00+00:00,5857.0,5864.25,5884.5,5857.0,23,0,5857.0,5869.75,5879.25,5862.75,5869.5,5864.25,5845.5,5841.5,2024-10-25 00:00:00+00:00,3.0,0.26534280578618397,0.5773672055427337,0.21768823629844114,0.1618467566761872,-0.2806480418420687,0.025585262888583316,False
2024-10-29 00:00:00+00:00,5867.0,5878.0,5883.75,5837.5,23,1,5867.0,5859.75,5850.0,5871.75,5852.75,5878.0,5862.75,5864.25,2024-10-28 00:00:00+00:00,1.0,0.046894317261370055,-0.21747473455290267,-0.1235725242883956,-0.16638935108153063,0.3717948717948616,0.10644186145527534,True
2024-10-30 00:00:00+00:00,5883.0,5845.25,5893.0,5840.25,23,2,5883.0,5876.0,5868.5,5853.0,5871.0,5845.25,5871.75,5878.0,2024-10-29 00:00:00+00:00,1.0,0.08506294658046087,-0.055349767956747176,-0.1189869114397446,-0.12763784887678264,-0.264122007327261,-0.1324107295404109,True
2024-10-31 00:00:00+00:00,5840.0,5738.5,5844.0,5733.25,23,3,5840.0,5823.25,5813.25,5735.5,5788.25,5738.5,5853.0,5845.25,2024-10-30 00:00:00+00:00,1.0,-0.08981651768530385,-0.6791389031265971,-0.2868150684931514,-0.17172541106770245,-1.337461832881781,0.052305814663067274,False
2024-11-01 00:00:00+00:00,5742.0,5760.0,5803.0,5732.5,23,4,5742.0,5753.5,5766.5,5756.75,5779.5,5760.0,5735.5,5738.5,2024-10-31 00:00:00+00:00,1.0,0.060991548314026645,0.5404934181849841,0.20027864855451938,0.22594942209090974,-0.16908003121477444,0.056455465323312914,True
2024-11-04 00:00:00+00:00,5741.75,5749.0,5776.5,5724.25,23,0,5741.75,5774.0,5762.25,5744.0,5760.75,5749.0,5756.75,5760.0,2024-11-01 00:00:00+00:00,3.0,-0.31684027777777457,0.09554001823945946,0.5616754473810159,-0.2034984412885299,-0.3167165603713773,0.08704735376043882,True
2024-11-05 00:00:00+00:00,5752.25,5822.25,5823.25,5735.0,23,1,5752.25,5750.25,5750.5,5813.25,5786.25,5822.25,5744.0,5749.0,2024-11-04 00:00:00+00:00,1.0,0.05653157070795167,0.113161559888586,-0.03476900343344358,0.004347637059254339,1.091209460046949,0.15481873306670835,True
2024-11-06 00:00:00+00:00,5820.25,5966.25,5967.0,5814.75,23,2,5820.25,5901.75,5933.25,5957.75,5908.25,5966.25,5813.25,5822.25,2024-11-05 00:00:00+00:00,1.0,-0.03435098114989987,2.0642497742226817,1.4002834929771169,0.5337399923751374,0.4129271478531926,0.14267131047795978,True
2024-11-07 00:00:00+00:00,5963.5,6006.5,6013.0,5951.0,23,3,5963.5,5967.25,5973.25,6002.5,5985.75,6006.5,5957.75,5966.25,2024-11-06 00:00:00+00:00,1.0,-0.04609260423213968,0.26016533087156457,0.06288253542383604,0.10054882902510442,0.4896831708031568,0.06663890045814913,True
2024-11-08 00:00:00+00:00,6007.75,6023.5,6040.5,5990.25,23,4,6007.75,6005.25,5998.25,6027.25,6014.5,6023.5,6002.5,6006.5,2024-11-07 00:00:00+00:00,1.0,0.02081078831266403,-0.07080383173677651,-0.041612916649325093,-0.11656467257815661,0.48347434668445377,-0.062217429175825956,True
2024-11-11 00:00:00+00:00,6030.0,6028.5,6053.25,6013.5,23,0,6030.0,6037.25,6042.5,6032.0,6035.5,6028.5,6027.25,6023.5,2024-11-08 00:00:00+00:00,3.0,0.10791068315763042,0.2530175453150374,0.12023217247096873,0.08696012257236596,-0.17376913529167926,-0.058023872679047184,True
2024-11-12 00:00:00+00:00,6029.25,6012.25,6036.5,5986.75,23,1,6029.25,6024.25,6030.75,6012.5,6032.75,6012.25,6032.0,6028.5,2024-11-11 00:00:00+00:00,1.0,0.012440905697941318,-0.020722811671092245,-0.08292905419413632,0.10789724862017014,-0.30261576089209985,-0.004158004158005824,True
2024-11-13 00:00:00+00:00,6012.25,6018.25,6035.25,5991.75,23,2,6012.25,5995.75,6013.75,6016.0,6013.5,6018.25,6012.5,6012.25,2024-11-12 00:00:00+00:00,1.0,0.0,0.020790020790029118,-0.2744396856418141,0.30021265062751823,0.03741425898982076,0.0374002659574435,False
2024-11-14 00:00:00+00:00,6017.75,5974.25,6025.25,5964.25,23,3,6017.75,6006.0,6014.25,5977.0,6005.5,5974.25,6016.0,6018.25,2024-11-13 00:00:00+00:00,1.0,-0.008308062975115327,-0.029089095744683213,-0.19525570188193564,0.13736263736263687,-0.6193623477574128,-0.04600970386481329,True
2024-11-15 00:00:00+00:00,5972.0,5899.75,5974.25,5876.75,23,4,5972.0,5949.0,5943.0,5896.75,5926.25,5899.75,5977.0,5974.25,2024-11-14 00:00:00+00:00,1.0,-0.03766163116709631,-0.5688472477831663,-0.38513060951105293,-0.10085728693898233,-0.7782264849402698,0.05087548225717331,True
2024-11-18 00:00:00+00:00,5899.75,5918.75,5933.0,5886.5,23,0,5899.75,5915.25,5900.0,5920.25,5894.75,5918.75,5896.75,5899.75,2024-11-15 00:00:00+00:00,3.0,0.0,0.05511510577860257,0.2627229967371525,-0.25780820759899736,0.3432203389830413,-0.025336767872974342,False
2024-11-19 00:00:00+00:00,5919.0,5937.5,5947.5,5855.0,23,1,5919.0,5927.5,5862.0,5939.0,5888.5,5937.5,5920.25,5918.75,2024-11-18 00:00:00+00:00,1.0,0.004223864836316871,-0.9839111524006627,0.14360533873964965,-1.1050189793336163,1.3135448652337178,-0.025256777235227457,True
2024-11-20 00:00:00+00:00,5937.75,5939.75,5957.75,5880.0,23,2,5937.75,5953.75,5944.75,5939.0,5908.5,5939.75,5939.0,5937.5,2024-11-19 00:00:00+00:00,1.0,0.004210526315784335,0.09681764606837007,0.2694623384278616,-0.15116523199664167,-0.09672400016821348,0.01262838861761928,True
2024-11-21 00:00:00+00:00,5937.25,5966.5,5985.0,5905.25,23,3,5937.25,5927.75,5963.0,5970.0,5930.5,5966.5,5939.0,5939.75,2024-11-20 00:00:00+00:00,1.0,-0.04208931352329692,0.4041084357635949,-0.16000673712577296,0.5946607060014264,0.11739057521382712,-0.05862646566163754,True
2024-11-22 00:00:00+00:00,5967.0,5990.25,5993.5,5940.75,23,4,5967.0,5969.25,5965.25,5986.0,5990.75,5990.25,5970.0,5966.5,2024-11-21 00:00:00+00:00,1.0,0.008380122349782582,-0.07956448911222713,0.037707390648566985,-0.06701009339531439,0.34784795272619906,0.0709989976612091,True
2024-11-25 00:00:00+00:00,6006.0,6012.75,6040.0,5982.5,23,0,6006.0,6012.25,6027.5,6005.75,6023.75,6012.75,5986.0,5990.25,2024-11-22 00:00:00+00:00,3.0,0.2629272567922891,0.6932843301035829,0.1040626040625936,0.2536488003659132,-0.3608461219411052,0.11655496815552446,True
2024-11-26 00:00:00+00:00,6013.25,6041.5,6044.0,5976.25,23,1,6013.25,6007.75,6020.0,6037.25,6020.25,6041.5,6005.75,6012.75,2024-11-25 00:00:00+00:00,1.0,0.008315662550417713,0.23727261374515418,-0.09146468216022496,0.2039032915817085,0.2865448504983492,0.07039628970144651,True
2024-11-27 00:00:00+00:00,6041.75,6015.5,6047.0,6000.25,23,2,6041.75,6036.75,6036.0,6015.75,6032.0,6015.5,6037.25,6041.5,2024-11-26 00:00:00+00:00,1.0,0.004138045187462858,-0.02070479108865486,-0.08275747920718501,-0.012423903590508267,-0.3354870775347907,-0.0041557578024375985,True
2024-12-02 00:00:00+00:00,6051.5,6063.0,6068.5,6036.0,23,0,6051.5,6039.5,6051.75,6062.25,6054.25,6063.0,,6051.25,2024-11-29 00:00:00+00:00,3.0,0.004131377814498016,,-0.1982979426588427,0.20283136021193027,0.17350353203617885,0.012371644191522257,True
2024-12-03 00:00:00+00:00,6064.0,6066.75,6070.75,6047.5,23,1,6064.0,6062.75,6061.25,6063.0,6057.5,6066.75,6062.25,6063.0,2024-12-02 00:00:00+00:00,1.0,0.016493485073398872,-0.016495525588688942,-0.020613456464380064,-0.02474124778359954,0.028871932357188435,0.06185056902523467,True
2024-12-04 00:00:00+00:00,6067.0,6095.5,6102.25,6063.0,23,2,6067.0,6071.5,6084.5,6099.25,6081.75,6095.5,6063.0,6066.75,2024-12-03 00:00:00+00:00,1.0,0.004120822516173739,0.35460992907800915,0.07417174880501864,0.2141151280573128,0.24241926205932351,-0.06148296921753005,True
2024-12-05 00:00:00+00:00,6095.25,6085.75,6107.25,6081.5,23,3,6095.25,6095.75,6096.25,6088.75,6100.25,6085.75,6099.25,6095.5,2024-12-04 00:00:00+00:00,1.0,-0.004101386268562379,-0.04918637537402182,0.00820310897831078,0.008202436123538881,-0.12302645068690277,-0.04927119687948567,True
2024-12-06 00:00:00+00:00,6085.5,6096.75,6111.0,6076.0,23,4,6085.5,6085.0,6094.5,6098.75,6109.75,6096.75,6088.75,6085.75,2024-12-05 00:00:00+00:00,1.0,-0.004107957112930993,0.09443646068569844,-0.008216251745951642,0.1561216105176566,0.06973500697349255,-0.03279360524697239,True
2024-12-09 00:00:00+00:00,6096.25,6063.25,6105.5,6060.0,23,0,6096.25,6096.0,6096.5,6065.75,6093.5,6063.25,6098.75,6096.75,2024-12-06 00:00:00+00:00,3.0,-0.008201090745063588,-0.03689280590284394,-0.004100881689561575,0.008202099737530943,-0.5043877634708482,-0.04121501875283817,True
2024-12-10 00:00:00+00:00,6065.25,6052.75,6075.25,6039.75,23,1,6065.25,6061.0,6066.75,6047.5,6068.75,6052.75,6065.75,6063.25,2024-12-09 00:00:00+00:00,1.0,0.0329856100276249,0.016486007501126387,-0.0700713078603532,0.09486883352582964,-0.3173033337454112,0.08681273253410282,True
2024-12-11 00:00:00+00:00,6052.75,6087.25,6102.5,6045.5,23,2,6052.75,6052.5,6070.5,6092.5,6083.75,6087.25,6047.5,6052.75,2024-12-10 00:00:00+00:00,1.0,0.0,0.3803224472922695,-0.004130353971332212,0.29739776951673846,0.36240836833869583,-0.08617152236356507,False
2024-12-12 00:00:00+00:00,6087.5,6058.75,6088.25,6055.5,23,3,6087.5,6084.5,6078.0,6059.75,6078.0,6058.75,6092.5,6087.25,2024-12-11 00:00:00+00:00,1.0,0.004106944843740301,-0.23799753795650247,-0.04928131416838122,-0.10682882734818211,-0.3002632444883191,-0.01650233095424891,True
2024-12-13 00:00:00+00:00,6065.0,6050.5,6085.25,6041.25,23,4,6065.0,6069.5,6081.75,6055.75,6075.25,6050.5,6059.75,6058.75,2024-12-12 00:00:00+00:00,1.0,0.1031565917062105,0.36305128099343165,0.07419620774937741,0.20182881621220172,-0.42750852961729313,-0.08669446393922975,True
2024-12-16 00:00:00+00:00,6055.5,6076.5,6090.5,6051.5,23,0,6055.5,6059.5,6075.75,6080.0,6075.25,6076.5,6055.75,6050.5,2024-12-13 00:00:00+00:00,3.0,0.08263779852903941,0.3302646245304075,0.06605565188670948,0.26817394174436515,0.06995021190798756,-0.057565789473679185,False
2024-12-17 00:00:00+00:00,6077.0,6052.0,6079.25,6040.75,23,1,6077.0,6068.75,6056.75,6054.0,6055.0,6052.0,6080.0,6076.5,2024-12-16 00:00:00+00:00,1.0,0.008228420966016614,-0.38240131578947123,-0.13575777521803722,-0.1977342945417071,-0.04540388822388275,-0.033036009250086984,True
2024-12-18 00:00:00+00:00,6053.5,5872.25,6074.5,5840.0,23,2,6053.5,6063.0,6058.0,5871.0,6056.5,5872.25,6054.0,6052.0,2024-12-17 00:00:00+00:00,1.0,0.024785194976861824,0.06607201850017397,0.15693400512100109,-0.08246742536698326,-3.086827335754372,0.02129109180719624,True
2024-12-19 00:00:00+00:00,5881.75,5875.0,5938.0,5865.5,23,3,5881.75,5876.75,5911.0,5869.25,5913.5,5875.0,5871.0,5872.25,2024-12-18 00:00:00+00:00,1.0,0.16177785346331852,0.6813149378300132,-0.08500871339311988,0.5828051218785824,-0.706310268990018,0.09796822421945794,True
2024-12-23 00:00:00+00:00,6001.75,6036.0,6043.0,5965.0,23,0,6001.75,6031.0,5989.25,6037.25,5993.5,6036.0,,5996.5,2024-12-20 00:00:00+00:00,3.0,0.08755107145834717,,0.48735785395925824,-0.6922566738517655,0.8014359059982379,-0.02070479108865486,True
2024-12-27 00:00:00+00:00,6092.0,6029.25,6095.25,5982.75,23,4,6092.0,6079.25,6066.5,6028.5,6044.75,6029.25,6095.0,6091.5,2024-12-26 00:00:00+00:00,1.0,0.008208158909961405,-0.46759639048400414,-0.20929087327642426,-0.20972981864538776,-0.6263908349130487,0.012440905697941318,True
2024-12-30 00:00:00+00:00,6028.75,5954.25,6036.25,5918.25,23,0,6028.75,6014.0,5949.25,5958.0,5927.25,5954.25,6028.5,6029.25,2024-12-27 00:00:00+00:00,3.0,-0.008292905419415852,-1.3145890354151146,-0.24466099937797692,-1.0766544728965766,0.14707736269277127,-0.06294058408862213,True
2024-12-31 00:00:00+00:00,5955.0,5938.25,5983.25,5917.25,23,1,5955.0,5951.5,5973.25,5935.0,5973.5,5938.25,5958.0,5954.25,2024-12-30 00:00:00+00:00,1.0,0.01259604484191712,0.25595837529373,-0.05877413937867004,0.36545408720489725,-0.6403549156656752,0.054759898904799265,True
2025-01-03 00:00:00+00:00,5921.0,5985.25,5996.75,5911.25,23,4,5921.0,5929.0,5930.5,5988.0,5950.5,5985.25,5917.25,5920.0,2025-01-02 00:00:00+00:00,1.0,0.01689189189189033,0.22392158519581873,0.1351123121094311,0.025299375948728553,0.9695641176966419,-0.04592518370073462,True
2025-01-06 00:00:00+00:00,5994.5,6028.25,6068.25,5980.75,23,0,5994.5,5994.75,6041.0,6022.5,6049.25,6028.25,5988.0,5985.25,2025-01-03 00:00:00+00:00,3.0,0.15454659370952584,0.8851035404141561,0.004170489615473727,0.7715084031861164,-0.3062406886277125,0.09547530095475043,True
2025-01-07 00:00:00+00:00,6028.0,5954.75,6045.5,5935.0,23,1,6028.0,6011.5,6037.5,5955.0,6031.0,5954.75,6022.5,6028.25,2025-01-06 00:00:00+00:00,1.0,-0.004147140546595374,0.24906600249066102,-0.27372262773722733,0.4325043666306261,-1.3664596273291973,-0.004198152812762146,True
2025-01-08 00:00:00+00:00,5955.5,5954.75,5975.0,5917.0,23,2,5955.5,5964.5,5959.25,5959.25,5939.5,5954.75,5955.0,5954.75,2025-01-07 00:00:00+00:00,1.0,0.012594987195102547,0.07136859781695648,0.1511208126941499,-0.08802078967222737,0.0,-0.07551285816168596,True
2025-01-10 00:00:00+00:00,5943.75,5861.5,5959.25,5845.25,23,4,5943.75,5938.25,5903.0,5866.75,5890.25,5861.5,,5944.75,2025-01-09 00:00:00+00:00,1.0,-0.016821565246649683,,-0.09253417455310498,-0.5936092283080008,-0.6140945282059995,-0.08948736523628487,True
2025-01-13 00:00:00+00:00,5864.5,5881.75,5883.25,5809.0,23,0,5864.5,5843.75,5827.5,5875.5,5838.25,5881.75,5866.75,5861.5,2025-01-10 00:00:00+00:00,3.0,0.051181438198422136,-0.6690245877189249,-0.35382385540114747,-0.27807486631016287,0.823680823680828,0.10637392562335979,True
2025-01-14 00:00:00+00:00,5887.25,5891.5,5918.5,5842.5,23,1,5887.25,5893.0,5897.5,5882.0,5882.25,5891.5,5875.5,5881.75,2025-01-13 00:00:00+00:00,1.0,0.09350958473244297,0.37443621819419626,0.09766869081488938,0.07636178516885472,-0.26282323018228526,0.1615096905814406,True
2025-01-15 00:00:00+00:00,5891.5,5987.75,6001.25,5879.5,23,2,5891.5,5885.0,5970.75,5988.75,5981.0,5987.75,5882.0,5891.5,2025-01-14 00:00:00+00:00,1.0,0.0,1.508840530431832,-0.11032843927692992,1.4570943075616016,0.301469664614995,-0.01669797537048323,False
2025-01-16 00:00:00+00:00,5988.5,5969.5,6017.5,5961.75,23,3,5988.5,5997.0,5996.25,5976.25,5981.75,5969.5,5988.75,5987.75,2025-01-15 00:00:00+00:00,1.0,0.0125255730449636,0.1252348152786409,0.14193871587209195,-0.01250625312656517,-0.33354179695642694,-0.11294708220037641,True
2025-01-17 00:00:00+00:00,5970.25,6032.5,6051.5,5968.0,23,4,5970.25,5984.75,6019.0,6033.0,6020.5,6032.5,5976.25,5969.5,2025-01-16 00:00:00+00:00,1.0,0.012563866320469685,0.7153315206023914,0.24287090155352686,0.5722878984084634,0.23259677687323954,-0.008287750704460972,True
2025-01-22 00:00:00+00:00,6094.0,6120.25,6135.75,6087.0,23,2,6094.0,6099.25,6118.75,6120.0,6122.25,6120.25,6086.5,6091.75,2025-01-21 00:00:00+00:00,1.0,0.036935199244880756,0.5298611681590515,0.08615031178207389,0.31971143993114737,0.020429009193057013,0.004084967320272526,True
2025-01-23 00:00:00+00:00,6120.0,6148.5,6154.0,6101.5,23,3,6120.0,6112.75,6115.25,6153.5,6118.5,6148.5,6120.0,6120.25,2025-01-22 00:00:00+00:00,1.0,-0.004084800457493376,-0.07761437908496704,-0.11846405228758128,0.040898122776167334,0.6254854666612131,-0.08125457056959995,True
2025-01-24 00:00:00+00:00,6148.0,6132.0,6162.25,6122.0,23,4,6148.0,6146.5,6143.25,6132.75,6157.25,6132.0,6153.5,6148.5,2025-01-23 00:00:00+00:00,1.0,-0.008132064731236621,-0.16657186966766435,-0.024398178269358084,-0.05287562027169734,-0.17091930167256741,-0.012229423994125632,True
2025-01-27 00:00:00+00:00,6102.25,6050.25,6105.25,5948.0,23,0,6102.25,6048.75,6007.5,6046.75,6036.75,6050.25,6132.75,6132.0,2025-01-24 00:00:00+00:00,3.0,-0.4851598173515992,-2.042313807019691,-0.876725797861444,-0.6819590824550525,0.6533499791926856,0.057882333484937654,False
2025-01-28 00:00:00+00:00,6059.5,6091.25,6105.5,6023.5,23,1,6059.5,6040.75,6054.75,6096.25,6039.75,6091.25,6046.75,6050.25,2025-01-27 00:00:00+00:00,1.0,0.15288624437006515,0.1323024765369718,-0.30943147124350423,0.23175930141123846,0.6854122796151829,-0.08201763379126481,True
2025-01-29 00:00:00+00:00,6090.75,6076.5,6111.5,6042.25,23,2,6090.75,6107.5,6085.5,6068.5,6083.5,6076.5,6096.25,6091.25,2025-01-28 00:00:00+00:00,1.0,-0.008208495793149417,-0.17633791265122545,0.27500718302344573,-0.3602128530495241,-0.2793525593624224,0.13182829364752902,True
2025-01-30 00:00:00+00:00,6068.5,6093.25,6116.25,6056.5,23,3,6068.5,6088.0,6090.5,6099.25,6099.25,6093.25,6068.5,6076.5,2025-01-29 00:00:00+00:00,1.0,-0.13165473545626583,0.36252780753069924,0.3213314657658506,0.04106438896189779,0.1436663656514181,-0.09837275074804364,True
2025-01-31 00:00:00+00:00,6106.0,6063.0,6147.75,6057.75,23,4,6106.0,6117.75,6127.0,6064.75,6128.75,6063.0,6099.25,6093.25,2025-01-30 00:00:00+00:00,1.0,0.20924793829237842,0.4549739722097046,0.19243367179824222,0.1511993788566146,-1.0159947772156008,-0.02885527020899392,True
2025-02-03 00:00:00+00:00,5982.25,6055.5,6062.0,5935.5,23,0,5982.25,5952.0,5969.5,6023.0,5965.25,6055.5,6064.75,6063.0,2025-01-31 00:00:00+00:00,3.0,-1.3318489196767258,-1.5705511356609914,-0.5056625851477259,0.2940188172043001,0.8962224641929861,0.5395982068736593,False
2025-02-04 00:00:00+00:00,6069.0,6045.75,6069.0,5988.75,23,1,6069.0,6018.25,6022.0,6062.5,6035.0,6045.75,6023.0,6055.5,2025-02-03 00:00:00+00:00,1.0,0.2229378251176639,-0.01660302174996131,-0.8362168396770508,0.06231047231337605,0.6725340418465731,-0.2762886597938108,True
2025-02-05 00:00:00+00:00,6042.75,6090.0,6092.0,6020.25,23,2,6042.75,6031.0,6044.0,6086.25,6041.0,6090.0,6062.5,6045.75,2025-02-04 00:00:00+00:00,1.0,-0.049621635032870426,-0.30515463917525354,-0.1944478921021009,0.21555297628916836,0.699040370615478,0.061614294516321166,True
2025-02-06 00:00:00+00:00,6090.25,6094.25,6108.5,6070.0,23,3,6090.25,6099.0,6101.0,6107.0,6096.25,6094.25,6086.25,6090.0,2025-02-05 00:00:00+00:00,1.0,0.004105090311989912,0.24234955843089878,0.14367226304339287,0.0327922610263931,0.09834453368300355,-0.20877681349271704,True
2025-02-07 00:00:00+00:00,6089.75,6050.0,6123.25,6041.25,23,4,6089.75,6100.25,6109.25,6049.25,6120.5,6050.0,6107.0,6094.25,2025-02-06 00:00:00+00:00,1.0,-0.07384009517167334,0.036842967086947453,0.1724208711359143,0.14753493709274146,-0.9821172811719903,0.012398231185684061,True
2025-02-10 00:00:00+00:00,6016.0,6087.75,6096.0,6014.0,23,0,6016.0,6065.75,6085.0,6088.5,6075.75,6087.75,6049.25,6050.0,2025-02-07 00:00:00+00:00,3.0,-0.5619834710743787,0.5909823531842884,0.8269614361702038,0.31735564439681063,0.05751848808546178,-0.01231830500123543,True
2025-02-11 00:00:00+00:00,6085.5,6090.5,6098.75,6057.75,23,1,6085.5,6072.25,6059.25,6092.5,6072.5,6090.5,6088.5,6087.75,2025-02-10 00:00:00+00:00,1.0,-0.03695946778365933,-0.48041389504803744,-0.21773067126776846,-0.21408868211947318,0.5487477823162834,-0.03282724661468617,True
2025-02-12 00:00:00+00:00,6090.75,6079.75,6098.0,6020.75,23,2,6090.75,6087.75,6031.25,6072.75,6052.5,6079.75,6092.5,6090.5,2025-02-11 00:00:00+00:00,1.0,0.004104753304323694,-1.0053344275748888,-0.04925501785494335,-0.9280933021231119,0.6880829015543988,0.11526902968177488,True
2025-02-13 00:00:00+00:00,6079.75,6132.25,6138.0,6053.5,23,3,6079.75,6083.25,6084.5,6135.25,6086.5,6132.25,6072.75,6079.75,2025-02-12 00:00:00+00:00,1.0,0.0,0.19348729982298085,0.057568156585396935,0.020548226688044124,0.8340866135261749,-0.04889776292734682,False
2025-02-14 00:00:00+00:00,6131.75,6134.0,6146.75,6121.25,23,4,6131.75,6141.0,6133.0,6132.0,6140.0,6134.0,6135.25,6132.25,2025-02-13 00:00:00+00:00,1.0,-0.008153614089445593,-0.03667332219551289,0.150854160720848,-0.13027194268034892,-0.016305233980107303,0.032615786040435246,True
2025-02-19 00:00:00+00:00,6143.75,6155.0,6166.5,6129.25,23,2,6143.75,6151.75,6135.25,6163.25,6133.0,6155.0,6148.0,6144.75,2025-02-18 00:00:00+00:00,1.0,-0.016274055087672767,-0.2073845152895215,0.130213631739573,-0.26821636119803705,0.456379120655237,-0.13385794832272424,True
2025-02-20 00:00:00+00:00,6153.75,6133.0,6159.5,6102.75,23,3,6153.75,6144.25,6146.25,6137.25,6116.75,6133.0,6163.25,6155.0,2025-02-19 00:00:00+00:00,1.0,-0.02030869212023001,-0.2758284995740934,-0.15437741214706646,0.03255075883956682,-0.14643075045759346,-0.06924925658886583,True
2025-02-21 00:00:00+00:00,6132.5,6029.5,6142.5,6024.5,23,4,6132.5,6135.25,6139.5,6030.25,6115.5,6029.5,6137.25,6133.0,2025-02-20 00:00:00+00:00,1.0,-0.008152616990053652,0.03666137113527146,0.04484304932734773,0.069271830813733,-1.7794608681488744,-0.012437295302847318,True
2025-02-24 00:00:00+00:00,6040.75,6005.5,6067.5,5994.5,23,0,6040.75,6060.0,6061.5,6002.25,6017.25,6005.5,6030.25,6029.5,2025-02-21 00:00:00+00:00,3.0,0.18658263537607578,0.5182206376186826,0.31866903944046676,0.024752475247513672,-0.9774808215788133,0.054146361781004515,True
2025-02-25 00:00:00+00:00,6006.5,5979.75,6016.0,5924.0,23,1,6006.5,6005.5,6002.75,5970.5,5981.0,5979.75,6002.25,6005.5,2025-02-24 00:00:00+00:00,1.0,0.01665140288069633,0.008330209504769925,-0.016648630650129004,-0.04579135792190936,-0.5372537586939341,0.15492839795661073,True
2025-02-26 00:00:00+00:00,5982.0,5990.25,6023.75,5945.5,23,2,5982.0,5993.25,5992.75,5972.0,6004.75,5990.25,5970.5,5979.75,2025-02-25 00:00:00+00:00,1.0,0.03762699109495227,0.3726656058956612,0.18806419257773044,-0.008342718892084822,-0.3462517208293381,0.30559276624246845,True
2025-02-27 00:00:00+00:00,5980.0,5881.0,6014.5,5873.0,23,3,5980.0,5993.75,5985.75,5877.5,5951.0,5881.0,5972.0,5990.25,2025-02-26 00:00:00+00:00,1.0,-0.17111138934101655,0.2302411252511627,0.229933110367897,-0.13347236704901455,-1.8084617633546296,0.059549128030633725,True
2025-02-28 00:00:00+00:00,5883.0,5958.0,5971.0,5848.0,23,4,5883.0,5875.5,5887.0,5964.0,5884.25,5958.0,5877.5,5881.0,2025-02-27 00:00:00+00:00,1.0,0.034007821799009186,0.16163334751169156,-0.1274859765425851,0.19572802314695714,1.3079667063020217,-0.1006036217303774,True
2025-03-03 00:00:00+00:00,5967.5,5875.0,6000.5,5821.75,23,0,5967.5,5979.75,5985.25,5863.0,5951.25,5875.0,5964.0,5958.0,2025-02-28 00:00:00+00:00,3.0,0.15944947969117607,0.3563044936284454,0.2052785923753575,0.09197708934320925,-2.0425211979449465,0.20467337540508446,True
2025-03-04 00:00:00+00:00,5874.0,5825.0,5881.5,5744.0,23,1,5874.0,5878.25,5820.5,5790.75,5778.75,5825.0,5863.0,5875.0,2025-03-03 00:00:00+00:00,1.0,-0.017021276595741153,-0.7248848712263389,0.07235274089205657,-0.9824352485858889,-0.5111244738424503,0.591460518931064,True
2025-03-05 00:00:00+00:00,5832.0,5845.5,5869.5,5750.75,23,2,5832.0,5825.75,5788.5,5850.75,5780.0,5845.5,5790.75,5825.0,2025-03-04 00:00:00+00:00,1.0,0.1201716738197467,-0.03885507058670745,-0.10716735253771814,-0.6394026520190499,1.0754081368230084,-0.08973208563004542,True
2025-03-06 00:00:00+00:00,5844.75,5761.25,5853.5,5720.0,23,3,5844.75,5848.5,5779.5,5747.75,5763.5,5761.25,5850.75,5845.5,2025-03-05 00:00:00+00:00,1.0,-0.012830382345396796,-1.2177925906935005,0.0641601437187278,-1.1797896896640125,-0.5493554805779066,0.23487451611499122,True
2025-03-07 00:00:00+00:00,5766.0,5771.75,5791.0,5673.0,23,4,5766.0,5752.0,5734.25,5775.0,5756.5,5771.75,5747.75,5761.25,2025-03-06 00:00:00+00:00,1.0,0.08244738555001074,-0.23487451611500232,-0.24280263614290254,-0.30858831710709467,0.710642193835298,-0.05627705627705426,True
2025-03-10 00:00:00+00:00,5753.0,5628.75,5757.75,5571.5,23,0,5753.0,5743.75,5701.25,5623.75,5689.5,5628.75,5775.0,5771.75,2025-03-07 00:00:00+00:00,3.0,-0.3248581452765631,-1.2770562770562766,-0.16078567703806668,-0.7399347116430866,-1.3593510195132663,0.08890864636585949,False
2025-03-11 00:00:00+00:00,5622.0,5576.75,5651.75,5534.0,23,1,5622.0,5633.5,5619.25,5576.0,5613.25,5576.75,5623.75,5628.75,2025-03-10 00:00:00+00:00,1.0,-0.1199200532978062,-0.0800177817292691,0.2045535396655973,-0.2529510961214121,-0.7696756684610895,0.013450502152090316,True
2025-03-12 00:00:00+00:00,5580.0,5597.25,5675.0,5550.25,23,2,5580.0,5597.0,5644.0,5603.0,5608.0,5597.25,5576.0,5576.75,2025-03-11 00:00:00+00:00,1.0,0.05827767068633527,1.2195121951219523,0.3046594982078821,0.8397355726281974,-0.7264351523742052,-0.10262359450294856,True
2025-03-13 00:00:00+00:00,5596.5,5537.5,5623.0,5509.25,23,3,5596.5,5577.75,5594.75,5528.25,5563.25,5537.5,5603.0,5597.25,2025-03-12 00:00:00+00:00,1.0,-0.0133994372236379,-0.1472425486346629,-0.3350308228357024,0.30478239433462395,-1.1886143259305593,0.16732238954462186,True
2025-03-14 00:00:00+00:00,5540.0,5628.75,5648.75,5538.75,23,4,5540.0,5562.25,5581.5,5637.5,5595.25,5628.75,5528.25,5537.5,2025-03-13 00:00:00+00:00,1.0,0.04514672686231069,0.9632342965676388,0.4016245487364678,0.3460829700211221,1.0033145211860717,-0.15521064301552423,False
2025-03-17 00:00:00+00:00,5626.75,5680.25,5707.5,5599.0,23,0,5626.75,5609.5,5641.5,5680.5,5667.0,5680.25,5637.5,5628.75,2025-03-14 00:00:00+00:00,3.0,-0.035531867643789905,0.07095343680709743,-0.30657128893233354,0.5704608253854992,0.6913055038553662,-0.004401021036881669,True
2025-03-18 00:00:00+00:00,5680.0,5618.25,5686.25,5600.0,23,1,5680.0,5662.0,5654.5,5620.25,5617.0,5618.25,5680.5,5680.25,2025-03-17 00:00:00+00:00,1.0,-0.00440121473527233,-0.4577061878355826,-0.31690140845070935,-0.1324620275521049,-0.6057122645680479,-0.03558560562252344,True
2025-03-19 00:00:00+00:00,5618.5,5678.25,5718.5,5606.25,23,2,5618.5,5625.25,5629.25,5679.5,5648.25,5678.25,5620.25,5618.25,2025-03-18 00:00:00+00:00,1.0,0.004449784185456274,0.16013522530136104,0.12013882708907797,0.07110795075775389,0.8926588799573754,-0.0220089796637013,True
2025-03-20 00:00:00+00:00,5680.0,5666.5,5714.25,5631.5,23,3,5680.0,5706.0,5651.25,5664.25,5674.25,5666.5,5679.5,5678.25,2025-03-19 00:00:00+00:00,1.0,0.030819354554667555,-0.4974029403996827,0.4577464788732444,-0.959516298633023,0.2300376023003814,0.03972282296862417,True
2025-03-24 00:00:00+00:00,5740.0,5813.0,5825.5,5739.0,23,0,5740.0,5755.75,5786.5,5813.5,5802.0,5813.0,,5720.0,2025-03-21 00:00:00+00:00,3.0,0.34965034965035446,,0.2743902439024337,0.5342483603353099,0.46660330078631684,-0.00860067085232119,False
2025-03-25 00:00:00+00:00,5813.0,5832.0,5837.25,5802.25,23,1,5813.0,5807.25,5827.0,5826.25,5819.75,5832.0,5813.5,5813.0,2025-03-24 00:00:00+00:00,1.0,0.0,0.23221811301281647,-0.09891622226044783,0.34009212622152507,-0.012871117212975847,0.09869126796824279,False
2025-03-26 00:00:00+00:00,5831.0,5754.75,5836.5,5743.0,23,2,5831.0,5819.5,5829.5,5758.25,5808.5,5754.75,5826.25,5832.0,2025-03-25 00:00:00+00:00,1.0,-0.017146776406040676,0.055782021025541084,-0.1972217458411918,0.1718360683907516,-1.222231752294367,-0.060782355750443884,True
2025-03-27 00:00:00+00:00,5737.25,5741.25,5779.75,5720.0,23,3,5737.25,5764.5,5752.0,5740.5,5753.75,5741.25,5758.25,5754.75,2025-03-26 00:00:00+00:00,1.0,-0.304096615839089,-0.10853992098294185,0.4749662294653456,-0.21684447913956628,-0.19993045897078732,0.013065064018813466,True
2025-03-28 00:00:00+00:00,5741.75,5602.5,5747.75,5602.25,23,4,5741.75,5742.25,5712.25,5624.5,5707.5,5602.5,5740.5,5741.25,2025-03-27 00:00:00+00:00,1.0,0.008708904855203592,-0.4921174113753146,0.008708146471025913,-0.5224432931342227,-1.5361722613681073,-0.3911458796337475,True
2025-03-31 00:00:00+00:00,5590.0,5644.5,5672.75,5533.75,23,0,5590.0,5585.5,5574.25,5656.25,5562.75,5644.5,5624.5,5602.5,2025-03-28 00:00:00+00:00,3.0,-0.22311468094600162,-0.8934127477998044,-0.0805008944543828,-0.20141437651061134,1.471049917029199,-0.20773480662983346,True
2025-04-01 00:00:00+00:00,5644.25,5672.25,5694.75,5600.25,23,1,5644.25,5633.25,5635.0,5674.75,5637.0,5672.25,5656.25,5644.5,2025-03-31 00:00:00+00:00,1.0,-0.004429090264856939,-0.3756906077348021,-0.19488860344598624,0.031065548306918878,0.7054125998225302,-0.04405480417639662,True
2025-04-02 00:00:00+00:00,5672.0,5584.5,5773.25,5566.25,23,2,5672.0,5663.5,5624.5,5710.0,5650.75,5584.5,5674.75,5672.25,2025-04-01 00:00:00+00:00,1.0,-0.004407422098817726,-0.8855015639455455,-0.14985895627644963,-0.6886201112386359,1.5201351231220572,-2.197898423817868,True
2025-04-03 00:00:00+00:00,5550.5,5421.0,5564.75,5415.25,23,3,5550.5,5537.5,5497.0,5436.25,5508.5,5421.0,5710.0,5584.5,2025-04-02 00:00:00+00:00,1.0,-0.60882800608828,-3.730297723292464,-0.23421313395189935,-0.7313769751692956,-1.1051482626887377,-0.280524258450221,False
2025-04-04 00:00:00+00:00,5423.0,5096.75,5435.0,5074.0,23,4,5423.0,5421.0,5304.0,5108.5,5287.0,5096.75,5436.25,5421.0,2025-04-03 00:00:00+00:00,1.0,0.03689356207341454,-2.432743159346973,-0.03687995574405134,-2.1582733812949617,-3.685897435897434,-0.23000880884800345,True
2025-04-07 00:00:00+00:00,5007.0,5118.0,5286.5,4832.0,23,0,5007.0,4926.75,5012.5,5099.0,5007.75,5118.0,5108.5,5096.75,2025-04-04 00:00:00+00:00,3.0,-1.7609260803453153,-1.8792209063325793,-1.6027561414020397,1.7404983000964158,1.7256857855361574,0.37262208276132025,True
2025-04-08 00:00:00+00:00,5126.5,5012.0,5305.25,4940.5,23,1,5126.5,5163.0,5223.0,5017.5,5280.25,5012.0,5099.0,5118.0,2025-04-07 00:00:00+00:00,1.0,0.166080500195398,2.431849382231821,0.711986735589587,1.1621150493899002,-3.934520390580132,-0.1096163428002006,True
2025-04-09 00:00:00+00:00,5006.25,5513.5,5520.0,4871.75,23,2,5006.25,4915.0,4962.5,5490.5,5048.25,5513.5,5017.5,5012.0,2025-04-08 00:00:00+00:00,1.0,-0.11472466081404731,-1.096163428001995,-1.822721598002497,0.9664292980671396,10.639798488664987,0.41890538202349337,True
2025-04-10 00:00:00+00:00,5502.5,5304.5,5528.75,5146.75,23,3,5502.5,5471.5,5385.5,5299.5,5343.25,5304.5,5490.5,5513.5,2025-04-09 00:00:00+00:00,1.0,-0.19951029291738198,-1.9123941353246465,-0.5633802816901401,-1.5717810472448135,-1.596880512487231,0.09434852344560873,True
2025-04-11 00:00:00+00:00,5299.25,5395.75,5418.25,5206.5,23,4,5299.25,5358.0,5307.5,5390.25,5314.75,5395.75,5299.5,5304.5,2025-04-10 00:00:00+00:00,1.0,-0.09897257045904384,0.15095763751298286,1.1086474501108556,-0.9425158641284015,1.5591144606688756,0.10203608366958772,True
2025-04-14 00:00:00+00:00,5452.5,5432.25,5497.75,5391.0,23,0,5452.5,5447.0,5480.25,5442.5,5458.25,5432.25,5390.25,5395.75,2025-04-11 00:00:00+00:00,3.0,1.0517536950377604,1.6696813691387202,-0.1008711600183454,0.6104277583991236,-0.6888371880844901,-0.1883325677537906,True
2025-04-15 00:00:00+00:00,5431.75,5425.5,5485.0,5413.0,23,1,5431.75,5431.75,5433.75,5428.25,5467.5,5425.5,5442.5,5432.25,2025-04-14 00:00:00+00:00,1.0,-0.009204289198772031,-0.1607717041800627,0.0,0.03682054586460204,-0.10121923165401503,-0.050660894395060385,True
2025-04-16 00:00:00+00:00,5403.75,5299.5,5425.0,5251.0,23,2,5403.75,5347.0,5376.0,5305.5,5348.5,5299.5,5428.25,5425.5,2025-04-15 00:00:00+00:00,1.0,-0.40088471108653545,-0.9625569935061917,-1.0501966227157045,0.542360201982417,-1.3113839285714302,-0.1130901894260683,False
2025-04-17 00:00:00+00:00,5308.0,5326.5,5371.25,5285.5,23,3,5308.0,5350.25,5334.0,5311.25,5333.75,5326.5,5305.5,5299.5,2025-04-16 00:00:00+00:00,1.0,0.1603924898575304,0.53717839977383,0.7959683496608916,-0.30372412504088286,-0.426509186351709,0.28712638267827106,True
2025-04-21 00:00:00+00:00,5283.75,5184.0,5306.75,5127.25,23,0,5283.75,5274.5,5254.75,5183.5,5220.25,5184.0,5311.25,5326.5,2025-04-17 00:00:00+00:00,4.0,-0.8025908194874698,-1.0637797128736137,-0.17506505796073268,-0.37444307517300324,-1.355916075931296,0.009645992090279165,False
2025-04-22 00:00:00+00:00,5182.5,5314.5,5339.25,5171.75,23,1,5182.5,5206.75,5238.25,5314.25,5264.0,5314.5,5183.5,5184.0,2025-04-21 00:00:00+00:00,1.0,-0.028935185185186008,1.056236133886368,0.46792088760250206,0.604983915110191,1.4508662244069992,0.004704332690397273,True
2025-04-23 00:00:00+00:00,5379.75,5413.0,5499.75,5377.75,23,2,5379.75,5402.0,5455.5,5398.5,5482.0,5413.0,5314.25,5314.5,2025-04-22 00:00:00+00:00,1.0,1.2277730736663939,2.6579479700804542,0.4135879920070584,0.9903739355794139,-1.044817156997524,0.26859312772067323,False
2025-04-24 00:00:00+00:00,5409.0,5519.75,5541.5,5355.25,23,3,5409.0,5381.25,5404.75,5510.5,5439.75,5519.75,5398.5,5413.0,2025-04-23 00:00:00+00:00,1.0,-0.07389617587290065,0.11577289987960704,-0.5130338325013861,0.4367015098722504,1.9566122392340013,0.16786135559385684,True
2025-04-25 00:00:00+00:00,5529.0,5552.5,5562.25,5480.25,23,4,5529.0,5535.25,5496.0,5548.75,5492.25,5552.5,5510.5,5519.75,2025-04-24 00:00:00+00:00,1.0,0.16758005344446048,-0.2631340168768759,0.113040332790737,-0.7090917302741473,0.9597889374090229,0.06758278891643155,True
2025-04-28 00:00:00+00:00,5544.0,5545.5,5578.75,5492.0,23,0,5544.0,5519.5,5552.25,5551.75,5545.5,5545.5,5548.75,5552.5,2025-04-25 00:00:00+00:00,3.0,-0.1530841963079732,0.06307726965533167,-0.4419191919191934,0.5933508469970095,-0.009005358188118873,-0.11257711532399739,True
2025-04-29 00:00:00+00:00,5543.0,5582.75,5597.25,5521.5,23,1,5543.0,5554.0,5536.75,5583.5,5549.25,5582.75,5551.75,5545.5,2025-04-28 00:00:00+00:00,1.0,-0.04508159769182063,-0.27018507677759596,0.19844849359551553,-0.31058696435001254,0.8443581523456922,-0.013432434852689301,True
2025-04-30 00:00:00+00:00,5579.5,5619.25,5626.25,5455.5,23,2,5579.5,5561.75,5512.0,5584.0,5459.5,5619.25,5583.5,5582.75,2025-04-29 00:00:00+00:00,1.0,-0.0582150373919621,-1.2805587892898762,-0.3181288645936031,-0.8945026295680281,1.3062409288824295,0.6312679083094519,True
2025-05-01 00:00:00+00:00,5617.5,5611.75,5682.5,5601.75,23,3,5617.5,5641.5,5639.5,5625.0,5630.75,5611.75,5584.0,5619.25,2025-04-30 00:00:00+00:00,1.0,-0.031142946122708626,0.9939111747850893,0.4272363150867875,-0.03545156430027063,-0.2571149924638694,-0.23555555555555552,True
2025-05-02 00:00:00+00:00,5608.5,5710.5,5724.75,5601.0,23,4,5608.5,5659.0,5690.5,5705.75,5676.0,5710.5,5625.0,5611.75,2025-05-01 00:00:00+00:00,1.0,-0.057914197888364605,1.1644444444444346,0.9004190068645723,0.5566354479590085,0.26799051049994915,0.08324935372212572,True
2025-05-05 00:00:00+00:00,5705.0,5671.25,5706.25,5655.25,23,0,5705.0,5670.25,5664.75,5674.5,5669.5,5671.25,5705.75,5710.5,2025-05-02 00:00:00+00:00,3.0,-0.09631380789772992,-0.7185733689698992,-0.6091148115688005,-0.09699748688329901,0.1721170395869276,-0.057273768613974596,False
2025-05-06 00:00:00+00:00,5666.25,5615.0,5673.25,5605.0,23,1,5666.25,5648.75,5627.0,5625.5,5611.5,5615.0,5674.5,5671.25,2025-05-05 00:00:00+00:00,1.0,-0.08816398501212408,-0.8370781566657826,-0.30884623869402716,-0.3850409382606723,-0.02665718855517918,-0.18665007554884427,True
2025-05-07 00:00:00+00:00,5608.5,5645.75,5689.75,5596.0,23,2,5608.5,5652.5,5645.0,5648.75,5651.0,5645.75,5625.5,5615.0,2025-05-06 00:00:00+00:00,1.0,-0.11576135351736294,0.34663585459069335,0.7845234911295407,-0.13268465280849018,0.06643046944199149,-0.05310909493250193,True
2025-05-08 00:00:00+00:00,5643.25,5684.5,5741.0,5636.5,23,3,5643.25,5691.25,5693.5,5686.5,5677.75,5684.5,5648.75,5645.75,2025-05-07 00:00:00+00:00,1.0,-0.04428109639994515,0.792210666076576,0.8505736942364672,0.039534372940908113,-0.12294722051462426,-0.035171019080282306,True
2025-05-09 00:00:00+00:00,5688.5,5684.0,5715.25,5662.5,23,4,5688.5,5691.75,5703.5,5677.75,5704.75,5684.0,5686.5,5684.5,2025-05-08 00:00:00+00:00,1.0,0.0703667868765967,0.2989536621823552,0.057132811813298545,0.20643914437563637,-0.45147716314544173,0.11007881643256834,True
2025-05-12 00:00:00+00:00,5761.0,5868.25,5876.25,5734.25,23,0,5761.0,5763.75,5848.5,5864.5,5829.0,5868.25,5677.75,5684.0,2025-05-09 00:00:00+00:00,3.0,1.3546798029556717,3.0073532649376844,0.04773476826940293,1.4703968770331866,0.2735744207916557,0.06394407025320792,False
2025-05-13 00:00:00+00:00,5868.0,5900.75,5927.0,5835.75,23,1,5868.0,5846.0,5868.25,5909.25,5888.5,5900.75,5864.5,5868.25,2025-05-12 00:00:00+00:00,1.0,-0.004260213862739004,0.06394407025320792,-0.3749147920927065,0.38060212110844205,0.698675073488686,-0.1438422811693485,True
2025-05-14 00:00:00+00:00,5902.0,5906.0,5925.0,5890.0,23,2,5902.0,5908.75,5915.25,5909.75,5910.5,5906.0,5909.25,5900.75,2025-05-13 00:00:00+00:00,1.0,0.021183747828668054,0.10153572788424992,0.11436801084379056,0.11000634651998631,-0.09298000929800487,-0.06345446084859985,True
2025-05-15 00:00:00+00:00,5904.0,5934.0,5944.5,5867.0,23,3,5904.0,5888.5,5887.0,5938.25,5895.25,5934.0,5909.75,5906.0,2025-05-14 00:00:00+00:00,1.0,-0.033863867253636215,-0.38495706248149464,-0.26253387533875516,-0.02547338031756441,0.8705622558178971,-0.07156990695912357,True
2025-05-16 00:00:00+00:00,5935.0,5948.5,5977.5,5923.0,23,4,5935.0,5930.75,5945.25,5975.25,5945.0,5948.5,5938.25,5934.0,2025-05-15 00:00:00+00:00,1.0,0.016852039096737492,0.117879846756197,-0.07160909856781528,0.24448847110398741,0.5046045162104162,-0.4476800133885628,True
2025-05-19 00:00:00+00:00,5930.25,5980.5,5987.5,5892.75,23,0,5930.25,5917.0,5917.75,5981.0,5943.5,5980.5,5975.25,5948.5,2025-05-16 00:00:00+00:00,3.0,-0.30680003362192343,-0.9623028325174698,-0.2234307153998527,0.012675342234236275,1.068818385366055,-0.008359806052504748,True
2025-05-20 00:00:00+00:00,5980.0,5954.0,5993.5,5926.75,23,1,5980.0,5959.5,5966.25,5959.25,5959.0,5954.0,5981.0,5980.5,2025-05-19 00:00:00+00:00,1.0,-0.008360504974502803,-0.24661427854874018,-0.34280936454849087,0.11326453561539829,-0.11732662895453938,-0.0880983345219577,True
2025-05-21 00:00:00+00:00,5953.5,5858.75,5958.25,5847.75,23,2,5953.5,5932.0,5923.0,5859.25,5928.5,5858.75,5959.25,5954.0,2025-05-20 00:00:00+00:00,1.0,-0.00839771582129556,-0.6082980240802116,-0.3611321071638529,-0.15171948752528142,-1.0763126793854494,-0.00853351538165903,True
2025-05-22 00:00:00+00:00,5858.0,5868.0,5895.0,5828.75,23,3,5858.0,5870.0,5859.5,5858.75,5870.5,5868.0,5859.25,5858.75,2025-05-21 00:00:00+00:00,1.0,-0.012801365478987137,0.004266757690829515,0.2048480710139966,-0.1788756388415691,-0.012799726939161093,0.15788350757413028,True
2025-05-23 00:00:00+00:00,5869.25,5814.75,5872.0,5756.5,23,4,5869.25,5854.5,5774.75,5817.0,5793.0,5814.75,5858.75,5868.0,2025-05-22 00:00:00+00:00,1.0,0.02130197682344015,-1.4337529336462596,-0.25130979256293706,-1.3622000170808835,0.7316334040434747,-0.03867973182052342,True
2025-05-26 00:00:00+00:00,5820.0,5891.0,5895.0,5813.0,19,0,5820.0,5873.5,5884.75,,5885.75,,5817.0,5814.75,2025-05-23 00:00:00+00:00,3.0,0.09028763059459877,1.1646897025958447,0.9192439862542923,0.191538265088953,,,True
2025-05-27 00:00:00+00:00,5889.0,5940.25,5941.75,5862.5,23,1,5889.0,5875.5,5891.75,5936.0,5886.25,5940.25,,5891.0,2025-05-26 00:00:00+00:00,1.0,-0.03395009336275567,,-0.22924095771778008,0.2765722066207177,0.7510501973097883,0.07159703504042714,True
2025-05-28 00:00:00+00:00,5940.75,5902.75,5952.5,5890.0,23,2,5940.75,5930.0,5938.5,5901.5,5934.75,5902.75,5936.0,5940.25,2025-05-27 00:00:00+00:00,1.0,0.00841715416017852,0.04211590296496759,-0.18095358330176836,0.14333895446880796,-0.6230529595015577,0.021181055663821446,True
2025-05-29 00:00:00+00:00,5923.5,5917.25,6008.0,5884.0,23,3,5923.5,5998.5,5946.75,5923.5,5936.0,5917.25,5901.5,5902.75,2025-05-28 00:00:00+00:00,1.0,0.3515310660285431,0.7667542150300743,1.2661433274246736,-0.8627156789197343,-0.39096985748517943,-0.10551194395205243,True
2025-05-30 00:00:00+00:00,5912.25,5913.75,5932.75,5853.25,23,4,5912.25,5917.75,5899.0,5914.75,5891.5,5913.75,5923.5,5917.25,2025-05-29 00:00:00+00:00,1.0,-0.08449871139465381,-0.4136068202920562,0.09302718931032405,-0.3168433948713578,0.2669944058314888,-0.016906885329048826,True
2025-06-02 00:00:00+00:00,5898.75,5949.25,5955.5,5867.5,23,0,5898.75,5884.75,5899.0,5947.25,5886.75,5949.25,5914.75,5913.75,2025-05-30 00:00:00+00:00,3.0,-0.25364616360177283,-0.26628344393254677,-0.23733841915659637,0.24215132333573752,0.8179352432615694,0.03362898818781712,True
2025-06-03 00:00:00+00:00,5949.0,5980.25,5991.25,5909.25,23,1,5949.0,5926.75,5940.0,5981.75,5944.75,5980.25,5947.25,5949.25,2025-06-02 00:00:00+00:00,1.0,-0.0042022103626471186,-0.12190508218083984,-0.3740124390653854,0.223562660817489,0.7028619528619551,-0.02507627366573617,True
2025-06-04 00:00:00+00:00,5980.0,5976.75,5999.0,5974.0,23,2,5980.0,5979.75,5982.25,5978.25,5994.75,5976.75,5981.75,5980.25,2025-06-03 00:00:00+00:00,1.0,-0.004180427239663942,0.008358757888582424,-0.0041806020066870175,0.041807767883272895,-0.06686447406911711,-0.025090954710826896,True
2025-06-05 00:00:00+00:00,5974.25,5939.75,6016.5,5928.75,23,3,5974.25,5975.0,5992.25,5948.0,5961.5,5939.75,5978.25,5976.75,2025-06-04 00:00:00+00:00,1.0,-0.04182875308487155,0.2341822439677177,0.01255387705569877,0.28870292887028803,-0.7384538362050996,-0.13870208473436563,True
2025-06-06 00:00:00+00:00,5931.75,6011.0,6024.75,5930.0,23,4,5931.75,5968.25,5993.25,6006.75,6019.75,6011.0,5948.0,5939.75,2025-06-05 00:00:00+00:00,1.0,-0.13468580327454793,0.760759919300602,0.6153327432882438,0.41888325723620223,0.2252534100863457,0.07075373538103502,True
2025-06-09 00:00:00+00:00,6010.0,6012.0,6027.75,5992.25,23,0,6010.0,5998.5,6013.5,6010.25,6004.5,6012.0,6006.75,6011.0,2025-06-06 00:00:00+00:00,3.0,-0.016636167027117565,0.11237357972280204,-0.19134775374376467,0.2500625156289127,-0.05404506526981434,0.029116925252692383,True
2025-06-10 00:00:00+00:00,6012.25,6040.5,6049.5,5991.25,23,1,6012.25,6012.75,6019.0,6045.0,6020.0,6040.5,6010.25,6012.0,2025-06-09 00:00:00+00:00,1.0,0.004158349966743025,0.1455846262634619,0.008316354110360358,0.103945781880177,0.4319654427645814,-0.07444168734491718,True
2025-06-11 00:00:00+00:00,6038.75,6028.0,6074.75,6006.25,23,2,6038.75,6025.25,6059.25,6028.5,6050.25,6028.0,6045.0,6040.5,2025-06-10 00:00:00+00:00,1.0,-0.028971111662945415,0.23573200992554888,-0.2235561995446056,0.5642919380938638,-0.5074885505631843,-0.008293937131953477,True
2025-06-12 00:00:00+00:00,6022.25,6042.5,6051.0,5987.75,23,3,6022.25,6013.0,6013.75,6050.75,6021.0,6042.5,6028.5,6028.0,2025-06-11 00:00:00+00:00,1.0,-0.09538818845388208,-0.2446711453927164,-0.15359707750425278,0.01247297522035673,0.6152567033880674,-0.1363467338759694,True
2025-06-13 00:00:00+00:00,6045.0,5978.25,6045.0,5927.75,23,4,6045.0,5962.0,5992.0,5980.25,5993.5,5978.25,6050.75,6042.5,2025-06-12 00:00:00+00:00,1.0,0.041373603640870726,-0.9709540139652084,-1.3730355665839578,0.5031868500503078,-0.19609479305741084,-0.033443417917311535,True
2025-06-16 00:00:00+00:00,5949.0,6037.5,6055.25,5944.0,23,0,5949.0,5993.75,6017.5,6038.0,6041.25,6037.5,5980.25,5978.25,2025-06-13 00:00:00+00:00,3.0,-0.4892736168611189,0.6228836587099273,0.7522272650865691,0.3962460896767439,0.3406730369754918,-0.008280887711165086,True
2025-06-17 00:00:00+00:00,6038.5,5984.5,6040.5,5976.75,23,1,6038.5,6014.5,6006.25,5985.0,6018.0,5984.5,6038.0,6037.5,2025-06-16 00:00:00+00:00,1.0,0.016563146997938816,-0.5258363696588275,-0.39744969777262273,-0.13716850943552572,-0.35379812695108814,-0.008354218880535225,True
2025-06-18 00:00:00+00:00,5977.25,5983.25,6020.75,5964.75,23,2,5977.25,5992.5,5989.0,5981.75,5998.25,5983.25,5985.0,5984.5,2025-06-17 00:00:00+00:00,1.0,-0.12114629459436532,0.0668337510442818,0.25513404993935396,-0.058406341259908956,-0.12105526799132127,0.02507627366572507,True
2025-06-19 00:00:00+00:00,5982.5,5926.0,5984.0,5920.5,19,3,5982.5,5963.0,5940.75,,5926.25,,5981.75,5983.25,2025-06-18 00:00:00+00:00,1.0,-0.012534993523583005,-0.6854181468633813,-0.32595068951107864,-0.3731343283582045,,,True
2025-06-23 00:00:00+00:00,5964.0,6077.5,6081.5,5959.0,23,0,5964.0,6009.0,6026.75,6076.75,6041.5,6077.5,,6025.0,2025-06-20 00:00:00+00:00,3.0,-1.012448132780086,,0.7545271629778583,0.29539024796139124,0.829634545982505,0.0123421236680743,True
2025-06-24 00:00:00+00:00,6078.0,6143.5,6155.25,6075.25,23,1,6078.0,6122.5,6119.25,6144.0,6116.5,6143.5,6076.75,6077.5,2025-06-23 00:00:00+00:00,1.0,0.008227067050592396,0.6993870078578102,0.7321487331358956,-0.05308289097590846,0.4044613310454803,-0.008138020833337034,True
2025-06-25 00:00:00+00:00,6144.75,6146.0,6160.25,6130.75,23,2,6144.75,6148.25,6156.75,6147.5,6157.25,6146.0,6144.0,6143.5,2025-06-24 00:00:00+00:00,1.0,0.020346707902652028,0.20751953125,0.05695919280686024,0.13825072175008835,-0.15024160474276238,-0.024400162667748138,True
2025-06-26 00:00:00+00:00,6144.75,6195.75,6200.0,6141.25,23,3,6144.75,6156.25,6166.25,6196.25,6171.75,6195.75,6147.5,6146.0,2025-06-25 00:00:00+00:00,1.0,-0.020338431500166454,0.3050020333468906,0.18715163350828679,0.16243654822334364,0.48651935941617097,-0.008069396812593332,True
2025-06-27 00:00:00+00:00,6197.5,6220.0,6239.0,6183.25,23,4,6197.5,6204.25,6209.25,6223.5,6218.5,6220.0,6196.25,6195.75,2025-06-26 00:00:00+00:00,1.0,0.028245168058749215,0.20980431712729342,0.10891488503428359,0.08058991820123484,0.22949631598019327,-0.05623845103237546,True
2025-06-30 00:00:00+00:00,6223.25,6245.25,6265.5,6223.25,23,0,6223.25,6250.75,6245.25,6251.5,6239.0,6245.25,6223.5,6220.0,2025-06-27 00:00:00+00:00,3.0,0.05225080385851122,0.34948180284406494,0.44189129474150324,-0.08798944126704455,0.1000760578039328,-0.09997600575861743,False
2025-07-01 00:00:00+00:00,6245.75,6248.25,6261.5,6227.25,23,1,6245.75,6243.25,6234.25,6249.0,6243.75,6248.25,6251.5,6245.25,2025-06-30 00:00:00+00:00,1.0,0.008006084624323506,-0.27593377589378854,-0.04002721850858704,-0.14415568814319935,0.23659622248064505,-0.012001920307247449,True
2025-07-02 00:00:00+00:00,6247.75,6277.0,6279.5,6235.5,23,2,6247.75,6264.5,6240.0,6275.25,6245.0,6277.0,6249.0,6248.25,2025-07-01 00:00:00+00:00,1.0,-0.00800224062738053,-0.1440230436869916,0.2680965147453085,-0.39109266501715645,0.5649038461538414,0.027887335165921456,True
2025-07-07 00:00:00+00:00,6307.75,6263.25,6315.0,6246.25,23,0,6307.75,6296.75,6302.75,6275.5,6305.0,6263.25,,6283.5,2025-07-04 00:00:00+00:00,3.0,0.38593140765497136,,-0.17438864888430494,0.0952872513598324,-0.4323509579151952,-0.19520356943669714,True
2025-07-08 00:00:00+00:00,6262.5,6271.75,6289.0,6254.5,23,1,6262.5,6281.5,6282.25,6271.5,6274.0,6271.75,6275.5,6263.25,2025-07-07 00:00:00+00:00,1.0,-0.011974613818699353,0.1075611505059415,0.30339321357284454,0.011939823290618712,-0.17111703609375972,0.003986287172130787,True
2025-07-09 00:00:00+00:00,6272.0,6306.25,6315.25,6260.0,23,2,6272.0,6265.75,6286.75,6307.0,6312.25,6306.25,6271.5,6271.75,2025-07-08 00:00:00+00:00,1.0,0.00398612827361422,0.24316351749980036,-0.0996492346938771,0.33515540837090185,0.3221060166222589,-0.011891549072462482,True
2025-07-10 00:00:00+00:00,6306.0,6321.5,6335.5,6287.5,23,3,6306.0,6293.0,6302.25,6324.5,6300.0,6321.5,6307.0,6306.25,2025-07-09 00:00:00+00:00,1.0,-0.003964321110005997,-0.07531314412557721,-0.20615287028227236,0.14698871762275356,0.35304851441946283,-0.0474345798086806,True
2025-07-11 00:00:00+00:00,6323.0,6294.0,6330.25,6276.75,23,4,6323.0,6302.25,6289.25,6299.25,6295.75,6294.0,6324.5,6321.5,2025-07-10 00:00:00+00:00,1.0,0.023728545440171445,-0.5573563127519998,-0.32816700933101517,-0.20627553651473285,0.15900147076359783,-0.0833432551494262,True
2025-07-15 00:00:00+00:00,6309.5,6273.75,6343.0,6272.5,23,1,6309.5,6330.5,6335.5,6288.25,6319.0,6273.75,6310.75,6309.5,2025-07-14 00:00:00+00:00,1.0,0.0,0.3921879332884348,0.3328314446469527,0.0789827027880996,-0.7457974903322562,-0.2305887965650233,False
2025-07-16 00:00:00+00:00,6273.75,6299.0,6308.75,6241.0,23,2,6273.75,6271.75,6297.5,6303.0,6282.0,6299.0,6288.25,6273.75,2025-07-15 00:00:00+00:00,1.0,0.0,0.1470997495328641,-0.03187886033074738,0.41057121218159853,0.08733624454149158,-0.06346184356655904,False
2025-07-17 00:00:00+00:00,6299.25,6342.25,6345.5,6288.25,23,3,6299.25,6301.0,6314.0,6342.0,6318.5,6342.25,6303.0,6299.0,2025-07-16 00:00:00+00:00,1.0,0.003968883949823088,0.17452006980802626,0.027781085049816134,0.20631645770512463,0.44345898004434225,0.003941974140642124,True
2025-07-18 00:00:00+00:00,6342.5,6335.25,6357.0,6323.25,23,4,6342.5,6355.75,6347.75,6334.75,6344.25,6335.25,6342.0,6342.25,2025-07-17 00:00:00+00:00,1.0,0.003941818755182069,0.09066540523494648,0.20890815924319295,-0.12587027494788128,-0.20479697530620955,0.007892971309053642,True
2025-07-21 00:00:00+00:00,6331.0,6348.5,6374.0,6330.25,23,0,6331.0,6341.75,6342.25,6345.25,6366.25,6348.5,6334.75,6335.25,2025-07-18 00:00:00+00:00,3.0,-0.06708496113018159,0.11839456963573802,0.16979939977885827,0.00788425907676249,0.04730182506207381,0.051219416098646775,True
2025-07-22 00:00:00+00:00,6347.0,6347.25,6353.75,6319.25,23,1,6347.0,6341.75,6348.0,6345.5,6326.0,6347.25,6345.25,6348.5,2025-07-21 00:00:00+00:00,1.0,-0.02362762857367473,0.04333950592962932,-0.08271624389475374,0.0985532384594201,-0.039382482671712626,0.027578599007171967,True
2025-07-23 00:00:00+00:00,6346.5,6405.75,6407.25,6342.75,23,2,6346.5,6362.75,6369.5,6399.25,6356.25,6405.75,6345.5,6347.25,2025-07-22 00:00:00+00:00,1.0,-0.011816140848397438,0.37822078638405365,0.25604663988025855,0.10608620486425302,0.46706962869926816,0.1015744032503818,True
2025-07-24 00:00:00+00:00,6404.0,6406.5,6418.25,6391.5,23,3,6404.0,6399.25,6398.25,6401.75,6407.0,6406.5,6399.25,6405.75,2025-07-23 00:00:00+00:00,1.0,-0.027319205401399316,-0.015626831269288655,-0.0741723922548454,-0.015626831269288655,0.054702457703270646,0.07419846135823249,True
2025-07-25 00:00:00+00:00,6406.75,6428.25,6431.0,6401.0,23,4,6406.75,6412.5,6407.0,6425.5,6406.75,6428.25,6401.75,6406.5,2025-07-24 00:00:00+00:00,1.0,0.0039022867400317907,0.0820088257117213,0.08974909275374365,-0.08576998050682239,0.2887466833151331,0.042798225819007385,True
2025-07-28 00:00:00+00:00,6449.5,6424.5,6457.75,6408.75,21,0,,6455.25,6439.25,6422.75,6427.75,6424.5,6425.5,6428.25,2025-07-25 00:00:00+00:00,3.0,,0.21399112909501472,,-0.247860268773481,-0.256241021858139,0.027246895800092652,False
2025-07-29 00:00:00+00:00,6424.25,6403.5,6442.5,6396.25,23,1,6424.25,6433.0,6434.0,6406.0,6433.0,6403.5,6422.75,6424.5,2025-07-28 00:00:00+00:00,1.0,-0.003891353412721621,0.17515861585768455,0.1362026695723273,0.015544846883264185,-0.43518806341311667,-0.03902591320636972,True
2025-07-30 00:00:00+00:00,6404.0,6425.5,6435.25,6366.75,23,2,6404.0,6414.75,6410.75,6397.5,6409.5,6425.5,6406.0,6403.5,2025-07-29 00:00:00+00:00,1.0,0.007808229874295414,0.07414923509210247,0.1678638351030548,-0.062356288241938174,-0.20668408532542593,0.4376709652207822,True
2025-07-31 00:00:00+00:00,6435.5,6368.75,6468.5,6357.5,23,3,6435.5,6457.5,6455.75,6371.0,6445.5,6368.75,6397.5,6425.5,2025-07-30 00:00:00+00:00,1.0,0.1556299120690996,0.9105119187182487,0.34185377981508225,-0.027100271002711285,-1.3127831777872467,-0.03531627687961558,True
2025-08-01 00:00:00+00:00,6359.5,6264.5,6373.5,6239.5,23,4,6359.5,6357.25,6306.5,6263.5,6262.25,6264.5,6371.0,6368.75,2025-07-31 00:00:00+00:00,1.0,-0.14524043179587887,-1.0123999372155024,-0.03538013994810463,-0.7983011522277761,-0.6818362007452672,0.01596551448870276,True
2025-08-04 00:00:00+00:00,6264.5,6369.5,6370.0,6252.0,23,0,6264.5,6289.25,6300.0,6357.0,6337.0,6369.5,6263.5,6264.5,2025-08-01 00:00:00+00:00,3.0,0.0,0.5827412788377062,0.3950834064969211,0.17092658107087377,0.9047619047618971,0.19663363221644747,False
2025-08-05 00:00:00+00:00,6370.0,6324.5,6377.5,6315.5,23,1,6370.0,6370.25,6364.0,6325.25,6364.25,6324.5,6357.0,6369.5,2025-08-04 00:00:00+00:00,1.0,0.007849909726043158,0.11011483404121947,0.003924646781783281,-0.09811231898276818,-0.6088937774984315,-0.011857238844314999,True
2025-08-06 00:00:00+00:00,6323.0,6370.75,6379.5,6313.25,23,2,6323.0,6347.5,6339.25,6371.5,6333.5,6370.75,6325.25,6324.5,2025-08-05 00:00:00+00:00,1.0,-0.02371728990433475,0.22133512509387998,0.3874743001739622,-0.1299724300905858,0.5087352604803419,-0.011771168484653316,True
2025-08-07 00:00:00+00:00,6371.0,6373.75,6426.75,6334.5,23,3,6371.0,6385.0,6408.0,6367.5,6409.25,6373.75,6371.5,6370.75,2025-08-06 00:00:00+00:00,1.0,0.003924184750614401,0.5728635329200316,0.21974572280647475,0.36021926389977477,-0.6320224719101097,0.09815469179426106,True
2025-08-08 00:00:00+00:00,6372.5,6413.5,6425.75,6369.25,23,4,6372.5,6370.5,6379.25,6413.75,6401.0,6413.5,6367.5,6373.75,2025-08-07 00:00:00+00:00,1.0,-0.01961168856638995,0.18453082057321435,-0.03138485680659331,0.13735185621222,0.5408159266371504,-0.0038978756577656704,True
2025-08-11 00:00:00+00:00,6422.75,6396.5,6431.5,6387.5,23,0,6422.75,6422.25,6418.0,6400.25,6418.25,6396.5,6413.75,6413.5,2025-08-08 00:00:00+00:00,3.0,0.1442270211273078,0.0662638861820275,-0.007784827371448699,-0.06617618435906802,-0.2765659083826755,-0.05859146127104031,True
2025-08-12 00:00:00+00:00,6396.0,6468.5,6470.0,6391.25,23,1,6396.0,6401.0,6432.0,6467.5,6414.25,6468.5,6400.25,6396.5,2025-08-11 00:00:00+00:00,1.0,-0.007816774798719006,0.49607437209484573,0.0781738586616676,0.4842993282299535,0.5519278606965106,0.01546192500967436,True
2025-08-13 00:00:00+00:00,6468.0,6484.0,6502.5,6461.0,23,2,6468.0,6466.75,6486.25,6489.0,6496.75,6484.0,6467.5,6468.5,2025-08-12 00:00:00+00:00,1.0,-0.0077297673340082085,0.2899110939311944,-0.019325912183054683,0.30154250589553566,0.04239737907110186,-0.07705347511173244,True
2025-08-14 00:00:00+00:00,6485.0,6489.75,6496.0,6453.25,23,3,6485.0,6479.75,6465.25,6488.75,6479.75,6489.75,6489.0,6484.0,2025-08-13 00:00:00+00:00,1.0,0.015422578655144292,-0.3660040067807069,-0.08095605242868231,-0.2237740653574627,0.36348169057653923,0.015411288769029419,True
2025-08-15 00:00:00+00:00,6489.25,6471.5,6508.75,6461.5,23,4,6489.25,6505.75,6498.25,6471.5,6477.0,6471.5,6488.75,6489.75,2025-08-14 00:00:00+00:00,1.0,-0.007704457028390177,0.14640724330572397,0.2542666718033715,-0.1152826345924729,-0.4116492901935165,0.0,True
2025-08-18 00:00:00+00:00,6467.0,6467.0,6484.25,6456.0,23,0,6467.0,6478.25,6466.5,6468.75,6462.75,6467.0,6471.5,6471.5,2025-08-15 00:00:00+00:00,3.0,-0.06953565633933678,-0.07726184037704087,0.173960105149229,-0.18137614324855722,0.03479471120388933,-0.027053140096622297,True
2025-08-19 00:00:00+00:00,6468.5,6435.0,6477.5,6419.25,23,1,6468.5,6455.0,6464.25,6432.5,6463.75,6435.0,6468.75,6467.0,2025-08-18 00:00:00+00:00,1.0,0.023194680686566826,-0.06956521739130972,-0.2087037180180884,0.14329976762199603,-0.491162934601852,0.03886513797124458,True
2025-08-20 00:00:00+00:00,6433.0,6414.5,6438.0,6362.75,23,2,6433.0,6415.5,6427.0,6416.5,6387.25,6414.5,6432.5,6435.0,2025-08-19 00:00:00+00:00,1.0,-0.031080031080032988,-0.08550330353672697,-0.2720348204570233,0.17925337074273795,-0.16337326902131633,-0.03116964076989026,True
2025-08-21 00:00:00+00:00,6414.25,6390.75,6419.0,6370.25,23,3,6414.25,6413.5,6386.75,6388.5,6384.0,6390.75,6416.5,6414.5,2025-08-20 00:00:00+00:00,1.0,-0.0038974199080166194,-0.4636484064521107,-0.011692715438282875,-0.4170889529897859,0.02740047755118713,0.03521953510212672,True
2025-08-22 00:00:00+00:00,6392.0,6483.25,6496.25,6364.0,23,4,6392.0,6385.25,6400.25,6483.25,6414.5,6483.25,6388.5,6390.75,2025-08-21 00:00:00+00:00,1.0,0.019559519618206345,0.18392423886670617,-0.1056007509386725,0.23491640891115662,1.2968243427991188,0.0,True
2025-08-25 00:00:00+00:00,6493.0,6459.5,6494.0,6453.0,23,0,6493.0,6481.75,6464.5,6454.5,6473.0,6459.5,6483.25,6483.25,2025-08-22 00:00:00+00:00,3.0,0.15038753711487107,-0.289206802143982,-0.1732635145541339,-0.26613183168126,-0.15469100471807717,0.07746533426291613,True
2025-08-26 00:00:00+00:00,6460.25,6487.0,6487.5,6430.75,23,1,6460.25,6452.75,6450.75,6480.75,6454.25,6487.0,6454.5,6459.5,2025-08-25 00:00:00+00:00,1.0,0.011610805789930012,-0.0580990006971871,-0.11609457838318571,-0.030994537212813977,0.46506220206952165,0.09643945530994902,True
2025-08-27 00:00:00+00:00,6486.75,6485.25,6505.5,6459.25,23,2,6486.75,6484.0,6480.5,6494.25,6482.0,6485.25,6480.75,6487.0,2025-08-26 00:00:00+00:00,1.0,-0.0038538615692917944,-0.0038575782123961844,-0.042394111072574514,-0.05397902529302723,0.2121749864979483,-0.13858413211687015,True
2025-08-28 00:00:00+00:00,6485.0,6516.25,6523.0,6471.0,23,3,6485.0,6485.75,6498.75,6517.0,6486.75,6516.25,6494.25,6485.25,2025-08-27 00:00:00+00:00,1.0,-0.0038549015072719683,0.06929206605843508,0.011565150346948272,0.20043942489302857,0.2808232352375484,-0.011508362743595235,True
2025-08-29 00:00:00+00:00,6516.0,6474.0,6518.0,6455.5,23,4,6516.0,6511.5,6501.0,6475.25,6476.25,6474.0,6517.0,6516.25,2025-08-28 00:00:00+00:00,1.0,-0.003836562440051594,-0.24551173853000208,-0.06906077348066697,-0.16125316747293006,-0.3960929087832632,-0.019304273966258556,True
2025-09-03 00:00:00+00:00,6448.0,6460.5,6464.25,6425.5,23,2,6448.0,6426.75,6445.75,6458.5,6441.25,6460.5,6426.0,6447.25,2025-09-02 00:00:00+00:00,1.0,0.011632866726118962,0.30734516028634307,-0.3295595533498785,0.2956393200295615,0.19780475507116257,0.030966942788568375,True
2025-09-04 00:00:00+00:00,6460.0,6512.5,6516.75,6454.5,23,3,6460.0,6462.25,6465.0,6511.25,6470.5,6512.5,6458.5,6460.5,2025-09-03 00:00:00+00:00,1.0,-0.0077393390604418855,0.10064256406285832,0.034829721362239496,0.042554837711317184,0.7153905645784997,0.019197542714533,True
2025-09-05 00:00:00+00:00,6515.75,6488.75,6541.75,6452.0,23,4,6515.75,6525.5,6535.75,6490.75,6530.0,6488.75,6511.25,6512.5,2025-09-04 00:00:00+00:00,1.0,0.04990403071016836,0.3762718372048335,0.14963741702798128,0.1570760861236753,-0.6885208277550348,-0.030813080152525263,True
2025-09-08 00:00:00+00:00,6483.75,6507.0,6516.5,6480.25,23,0,6483.75,6493.75,6505.0,6507.0,6501.75,6507.0,6490.75,6488.75,2025-09-05 00:00:00+00:00,3.0,-0.07705644384511379,0.21954319608674666,0.15423173317909988,0.17324350336862526,0.03074558032283292,0.0,True
2025-09-09 00:00:00+00:00,6507.75,6530.25,6536.25,6489.25,23,1,6507.75,6512.25,6511.5,6521.0,6507.5,6530.25,6507.0,6507.0,2025-09-08 00:00:00+00:00,1.0,0.01152604887044717,0.06915629322268302,0.06914832315316755,-0.011516756881257972,0.1458957229516944,0.1418494095997591,True
2025-09-10 00:00:00+00:00,6532.25,6536.75,6565.25,6522.5,23,2,6532.25,6538.0,6554.75,6539.0,6552.5,6536.75,6521.0,6530.25,2025-09-09 00:00:00+00:00,1.0,0.030626698824698373,0.5175586566477541,0.08802480003062829,0.25619455490974996,-0.24028376368282478,-0.03440893102920617,True
2025-09-11 00:00:00+00:00,6535.75,6591.75,6600.0,6535.5,23,3,6535.75,6540.5,6557.75,6592.0,6572.0,6591.75,6539.0,6536.75,2025-09-10 00:00:00+00:00,1.0,-0.015298122155504856,0.2867410919100699,0.07267719848524923,0.26374130418163055,0.522282795166018,-0.003792475728159328,True
2025-09-12 00:00:00+00:00,6596.25,6588.5,6606.0,6576.0,23,4,6596.25,6593.25,6590.5,6587.5,6593.5,6588.5,6592.0,6591.75,2025-09-11 00:00:00+00:00,1.0,0.06826715212198131,-0.022754854368933763,-0.04548038658328535,-0.04170932392977278,-0.04552006676276088,0.015180265654657354,True
2025-09-15 00:00:00+00:00,6588.25,6616.75,6623.5,6585.25,23,0,6588.25,6595.75,6609.5,6621.75,6619.25,6616.75,6587.5,6588.5,2025-09-12 00:00:00+00:00,3.0,-0.0037944903999442836,0.33396584440228416,0.11383903160930853,0.20846757381647318,0.18533928436341718,-0.07550874013667608,True
2025-09-16 00:00:00+00:00,6616.25,6669.75,6679.25,6604.25,22,1,6616.25,6629.25,6626.75,6668.5,6615.0,6669.75,6621.75,6616.75,2025-09-15 00:00:00+00:00,1.0,-0.007556579891943027,0.07550874013666498,0.19648592480634441,-0.03771165667307841,0.630022258271401,0.018744845167573132,True
2025-09-17 00:00:00+00:00,6669.5,6665.75,6686.5,6608.5,23,2,6669.5,6665.25,6667.75,6660.25,6667.5,6665.75,6668.5,6669.75,2025-09-16 00:00:00+00:00,1.0,-0.0037482664267729504,-0.01124690710054832,-0.06372291775995631,0.037507970443728667,-0.11248172172022564,0.08257948275214311,True
2025-09-18 00:00:00+00:00,6664.5,6698.75,6719.75,6623.25,23,3,6664.5,6686.5,6693.25,6692.25,6688.75,6698.75,6660.25,6665.75,2025-09-17 00:00:00+00:00,1.0,-0.018752578479541704,0.49547689651290305,0.3301072848675757,0.10094967471772076,-0.014940425055087747,0.09712727408570654,True
2025-09-19 00:00:00+00:00,6700.0,6722.5,6731.5,6650.5,23,4,6700.0,6693.0,6702.75,6721.75,6705.75,6722.5,6692.25,6698.75,2025-09-18 00:00:00+00:00,1.0,0.018660197798103795,0.15689790429227468,-0.10447761194030125,0.14567458538772282,0.2834657416731945,0.011157808606387931,True
2025-09-22 00:00:00+00:00,6716.0,6749.75,6756.75,6695.25,23,0,6716.0,6715.0,6703.0,6751.75,6718.0,6749.75,6721.75,6722.5,2025-09-19 00:00:00+00:00,3.0,-0.09669021941242084,-0.2789452151597427,-0.014889815366292414,-0.17870439314966458,0.7272862897210297,-0.029621949864855335,True
2025-09-23 00:00:00+00:00,6749.5,6716.5,6756.5,6701.75,23,1,6749.5,6750.25,6752.0,6715.75,6752.0,6716.5,6751.75,6749.75,2025-09-22 00:00:00+00:00,1.0,-0.0037038408829959124,0.0037027437331138557,0.01111193421734491,0.025924965742007977,-0.5368779620853026,0.011167777240062016,True
2025-09-24 00:00:00+00:00,6717.75,6697.0,6728.75,6678.0,23,2,6717.75,6722.75,6726.75,6692.25,6712.5,6697.0,6715.75,6716.5,2025-09-23 00:00:00+00:00,1.0,0.018610883644765153,0.16379406618769465,0.07442968255739757,0.05949946078613877,-0.5128776898204901,0.07097762337031632,True
2025-09-25 00:00:00+00:00,6697.25,6662.0,6705.25,6624.25,23,3,6697.25,6698.25,6658.5,6660.75,6637.0,6662.0,6692.25,6697.0,2025-09-24 00:00:00+00:00,1.0,0.0037330147827363547,-0.5043146923680353,0.014931501735793162,-0.5934385847049639,0.03379139445820467,0.01876665540667677,True
2025-09-26 00:00:00+00:00,6662.75,6696.5,6703.75,6653.25,23,4,6662.75,6661.0,6681.5,6696.25,6697.0,6696.5,6660.75,6662.0,2025-09-25 00:00:00+00:00,1.0,0.011257880516368779,0.31152647975076775,-0.026265430940675127,0.30776159735774744,0.22075881164409505,0.003733432891550592,True
2025-09-29 00:00:00+00:00,6701.25,6708.5,6736.0,6696.25,23,0,6701.25,6717.0,6733.25,6714.5,6723.75,6708.5,6696.25,6696.5,2025-09-26 00:00:00+00:00,3.0,0.07093257671917375,0.5525480679484884,0.23503077783995074,0.24192347774303347,-0.27846879293060844,-0.08935885024945467,True
2025-09-30 00:00:00+00:00,6708.0,6724.0,6743.5,6693.0,23,1,6708.0,6712.0,6708.25,6737.25,6707.75,6724.0,6714.5,6708.5,2025-09-29 00:00:00+00:00,1.0,-0.007453230975629221,-0.09308213567652546,0.05963029218842841,-0.05587008343266309,0.43230350687586405,-0.19666777988051054,True
2025-10-01 00:00:00+00:00,6725.5,6757.0,6769.5,6680.0,23,2,6725.5,6704.5,6710.75,6760.5,6712.0,6757.0,6737.25,6724.0,2025-09-30 00:00:00+00:00,1.0,0.022308149910776898,-0.3933355597610322,-0.3122444427923532,0.093220970989627,0.7413478374250326,-0.05177131868944196,True
2025-10-02 00:00:00+00:00,6757.0,6765.0,6782.25,6741.5,23,3,6757.0,6768.5,6779.0,6766.25,6768.5,6765.0,6760.5,6757.0,2025-10-01 00:00:00+00:00,1.0,0.0,0.27364839878707414,0.17019387302057432,0.15513038339365348,-0.18808083788169894,-0.01847404396821961,False
2025-10-03 00:00:00+00:00,6764.75,6764.0,6800.0,6754.0,23,4,6764.75,6780.25,6770.5,6765.25,6780.25,6764.0,6766.25,6765.0,2025-10-02 00:00:00+00:00,1.0,-0.003695491500366188,0.06281174949196444,0.22912894046343002,-0.14380000737436172,-0.0775422790045055,-0.018476774694209386,True
2025-10-06 00:00:00+00:00,6771.0,6790.25,6797.75,6764.0,23,0,6771.0,6782.5,6782.5,6788.5,6772.25,6790.25,6765.25,6764.0,2025-10-03 00:00:00+00:00,3.0,0.10348905972796807,0.25497949078008286,0.16984197312066573,0.0,0.08846295613711419,0.02577889077115536,True
2025-10-08 00:00:00+00:00,6766.0,6803.25,6807.75,6758.25,23,2,6766.0,6764.75,6771.5,6802.0,6773.5,6803.25,6762.5,6765.0,2025-10-07 00:00:00+00:00,1.0,0.014781966001486957,0.13308687615527504,-0.01847472657404703,0.09978195794375644,0.4504171896920983,0.018376947956477707,True
2025-10-09 00:00:00+00:00,6802.75,6779.75,6812.25,6760.75,23,3,6802.75,6805.0,6805.0,6781.0,6788.75,6779.75,6802.0,6803.25,2025-10-08 00:00:00+00:00,1.0,-0.007349428581926443,0.0441046750955687,0.033074859431847514,0.0,-0.352681851579717,-0.018433859312783074,True
2025-10-10 00:00:00+00:00,6779.5,6595.25,6806.5,6540.25,23,4,6779.5,6788.5,6783.25,6595.0,6796.75,6595.25,6781.0,6779.75,2025-10-09 00:00:00+00:00,1.0,-0.003687451602196745,0.033180946763011754,0.1327531528873882,-0.07733667231346608,-2.7752183687760335,0.003790750568621881,True
2025-10-13 00:00:00+00:00,6632.0,6689.75,6711.5,6595.25,23,0,6632.0,6683.0,6669.25,6694.75,6693.25,6689.75,6595.0,6595.25,2025-10-10 00:00:00+00:00,3.0,0.5572192107956564,1.1258529188779454,0.7689987937273823,-0.2057459224898972,0.3823518386625091,-0.07468538780387446,True
2025-10-14 00:00:00+00:00,6691.0,6685.0,6722.5,6593.25,23,1,6691.0,6650.75,6631.0,6686.0,6630.25,6685.0,6694.75,6689.75,2025-10-13 00:00:00+00:00,1.0,0.01868530214133024,-0.9522386944994188,-0.6015543267075207,-0.2969589895876368,0.8294374905745805,-0.014956625785222943,True
2025-10-15 00:00:00+00:00,6684.25,6713.5,6766.75,6651.5,23,2,6684.25,6710.25,6738.75,6715.25,6747.0,6713.5,6686.0,6685.0,2025-10-14 00:00:00+00:00,1.0,-0.011219147344798674,0.788962010170513,0.388974080861737,0.42472337096233215,-0.34872936375440755,-0.02606008711514285,True
2025-10-16 00:00:00+00:00,6715.25,6659.25,6750.5,6632.0,23,3,6715.25,6716.0,6742.0,6668.5,6729.75,6659.25,6715.25,6713.5,2025-10-15 00:00:00+00:00,1.0,0.026066880166819573,0.3983470459029803,0.011168608763645338,0.38713519952353614,-1.0901809552061659,-0.13871185424008114,True
2025-10-17 00:00:00+00:00,6659.25,6702.5,6718.0,6571.5,23,4,6659.25,6628.5,6658.25,6703.75,6666.25,6702.5,6668.5,6659.25,2025-10-16 00:00:00+00:00,1.0,0.0,-0.15370773037414187,-0.461763712129748,0.4488194915893473,0.6833627454661428,-0.018646280067124987,False
2025-10-20 00:00:00+00:00,6721.0,6780.25,6783.0,6694.0,23,0,6721.0,6728.75,6733.75,6773.25,6747.5,6780.25,6703.75,6702.5,2025-10-17 00:00:00+00:00,3.0,0.2760164117866504,0.4475107216110441,0.11531022169319893,0.07430800668772886,0.5865973640245103,0.10334772819546867,True
2025-10-21 00:00:00+00:00,6779.5,6772.5,6789.75,6759.25,23,1,6779.5,6771.75,6774.0,6772.25,6765.25,6772.5,6773.25,6780.25,2025-10-20 00:00:00+00:00,1.0,-0.011061539028800471,0.011072970878078792,-0.11431521498636021,0.03322627090485142,-0.025834071449659657,0.003691535309524596,True
2025-10-22 00:00:00+00:00,6776.0,6737.5,6788.75,6690.75,23,2,6776.0,6782.25,6779.25,6737.0,6771.5,6737.5,6772.25,6772.5,2025-10-21 00:00:00+00:00,1.0,0.05167958656331351,0.10336298866697735,0.09223730814640341,-0.04423310848169493,-0.62322528303278,0.00742170105387796,True
2025-10-23 00:00:00+00:00,6733.5,6777.75,6785.75,6717.5,23,3,6733.5,6746.25,6736.0,6774.75,6758.25,6777.75,6737.0,6737.5,2025-10-22 00:00:00+00:00,1.0,-0.059369202226344786,-0.014843402107767023,0.1893517487191021,-0.1519362608856767,0.57526722090262,0.04428207682940499,True
2025-10-24 00:00:00+00:00,6778.25,6827.0,6841.25,6776.5,23,4,6778.25,6791.5,6813.0,6827.5,6830.0,6827.0,6774.75,6777.75,2025-10-23 00:00:00+00:00,1.0,0.007377079414250254,0.564596479574897,0.19547818389702432,0.3165721858205073,0.2128284162630223,-0.007323324789454411,True
2025-10-27 00:00:00+00:00,6881.0,6914.0,6916.25,6827.0,23,0,6881.0,6883.0,6882.75,6907.75,6886.75,6914.0,6827.5,6827.0,2025-10-24 00:00:00+00:00,3.0,0.790977003076021,0.8092273892347235,0.029065542799022737,-0.003632137149500725,0.3632269078493344,0.09047808620752384,True
2025-10-28 00:00:00+00:00,6914.0,6927.5,6944.75,6901.5,23,1,6914.0,6905.0,6916.25,6925.75,6911.5,6927.5,6907.75,6914.0,2025-10-27 00:00:00+00:00,1.0,0.0,0.12305019724223598,-0.13017066820942835,0.16292541636495628,0.13735767214893002,0.025268021513924488,False
2025-10-29 00:00:00+00:00,6929.25,6918.0,6952.0,6882.25,23,2,6929.25,6940.25,6942.0,6928.0,6950.75,6918.0,6925.75,6927.5,2025-10-28 00:00:00+00:00,1.0,0.025261638397688913,0.2346316283434957,0.15874733917811135,0.025215229998920563,-0.2016709881878409,-0.14434180138568342,True
2025-10-30 00:00:00+00:00,6906.5,6894.0,6953.75,6851.0,23,3,6906.5,6929.75,6890.75,6853.75,6904.0,6894.0,6928.0,6918.0,2025-10-29 00:00:00+00:00,1.0,-0.1662330153223479,-0.5376732101616599,0.33663939766885864,-0.5627908654713409,-0.5369517106265653,0.5872697428415119,True
2025-10-31 00:00:00+00:00,6897.0,6874.0,6918.5,6843.5,23,4,6897.0,6895.0,6905.75,6872.25,6886.25,6874.0,6853.75,6894.0,2025-10-30 00:00:00+00:00,1.0,0.04351610095736369,0.7587087360933831,-0.028998115122513823,0.15591007976794025,-0.485102993881914,0.02546473134708016,True
2025-11-03 00:00:00+00:00,6889.0,6884.0,6909.5,6849.5,23,0,6889.0,6880.25,6896.75,6885.5,6876.25,6884.0,6872.25,6874.0,2025-10-31 00:00:00+00:00,3.0,0.21821355833575584,0.35650623885918886,-0.12701408041805307,0.23981686711964656,-0.1631203102910761,-0.021784910318789485,True
2025-11-04 00:00:00+00:00,6884.0,6806.25,6884.0,6786.25,23,1,6884.0,6820.5,6808.75,6803.5,6836.25,6806.25,6885.5,6884.0,2025-11-03 00:00:00+00:00,1.0,0.0,-1.1146612446445436,-0.9224288204532249,-0.17227475991495877,-0.07710666421884005,0.04042037186742231,False
2025-11-05 00:00:00+00:00,6801.0,6827.5,6857.75,6748.5,23,2,6801.0,6797.75,6805.5,6824.0,6821.75,6827.5,6803.5,6806.25,2025-11-04 00:00:00+00:00,1.0,-0.07713498622589077,0.02939663408538795,-0.04778709013379956,0.11400831157368785,0.2718389537873733,0.0512895662368118,True
2025-11-06 00:00:00+00:00,6828.5,6764.75,6843.5,6733.5,23,3,6828.5,6815.25,6831.75,6750.5,6788.5,6764.75,6824.0,6827.5,2025-11-05 00:00:00+00:00,1.0,0.014646649578908821,0.11356975381007217,-0.1940396866076055,0.24210410476503963,-1.1892999597467702,0.21109547440929521,True
2025-11-07 00:00:00+00:00,6763.0,6753.75,6772.0,6655.5,23,4,6763.0,6763.75,6723.25,6753.5,6706.5,6753.75,6750.5,6764.75,2025-11-06 00:00:00+00:00,1.0,-0.025869396503941378,-0.4036738019405961,0.011089753068160846,-0.5987802624283889,0.44993120886476223,0.003701784260012886,True
2025-11-10 00:00:00+00:00,6785.5,6857.75,6865.75,6753.75,23,0,6785.5,6800.0,6819.75,6857.0,6828.75,6857.75,6753.5,6753.75,2025-11-07 00:00:00+00:00,3.0,0.4701091985933825,0.9809728289035258,0.21369095866186072,0.29044117647059053,0.5462077055610637,0.010937727869331226,True
2025-11-11 00:00:00+00:00,6857.25,6874.0,6880.0,6830.5,23,1,6857.25,6852.25,6841.0,6872.75,6850.5,6874.0,6857.0,6857.75,2025-11-10 00:00:00+00:00,1.0,-0.007291021107502793,-0.23333819454571803,-0.07291552736155005,-0.16417964902039062,0.4641134337085129,0.01818777054307663,True
2025-11-12 00:00:00+00:00,6874.0,6873.25,6900.5,6852.0,23,2,6874.0,6890.0,6895.25,6876.0,6880.0,6873.25,6872.75,6874.0,2025-11-11 00:00:00+00:00,1.0,0.0,0.327379869775557,0.23276112889147882,0.07619738751813987,-0.2791776947898894,-0.03999418266433796,False
2025-11-13 00:00:00+00:00,6873.25,6762.5,6892.5,6746.0,23,3,6873.25,6889.75,6851.25,6762.0,6829.5,6762.5,6876.0,6873.25,2025-11-12 00:00:00+00:00,1.0,0.0,-0.35994764397905277,0.2400611064634628,-0.5588011176022367,-1.3026819923371624,0.007394262052651257,False
2025-11-14 00:00:00+00:00,6762.75,6755.25,6795.5,6670.5,23,4,6762.75,6757.5,6692.25,6758.25,6725.0,6755.25,6762.0,6762.5,2025-11-13 00:00:00+00:00,1.0,0.0036968576709872636,-1.031499556344273,-0.0776311411777808,-0.9655937846836826,0.9862153984085964,-0.04439018976806208,True
2025-11-17 00:00:00+00:00,6749.75,6697.25,6801.5,6658.5,23,0,6749.75,6779.5,6747.5,6693.5,6765.25,6697.25,6758.25,6755.25,2025-11-14 00:00:00+00:00,3.0,-0.08141815624884696,-0.1590648466688882,0.44075706507649137,-0.47201121026624326,-0.8002964060763285,0.05602450138193493,True
2025-11-18 00:00:00+00:00,6696.5,6627.75,6708.75,6594.0,23,1,6696.5,6646.75,6661.5,6637.75,6622.0,6627.75,6693.5,6697.25,2025-11-17 00:00:00+00:00,1.0,-0.011198626301844872,-0.47807574512587214,-0.7429254087956361,0.22191296498288438,-0.35652630788861606,-0.1506534593800568,True
2025-11-19 00:00:00+00:00,6630.75,6696.0,6709.0,6613.25,23,2,6630.75,6634.0,6652.75,6661.75,6692.0,6696.0,6637.75,6627.75,2025-11-18 00:00:00+00:00,1.0,0.04526422994228785,0.22598018907009632,0.04901406326585089,0.2826349110642168,0.13528240201421404,0.5141291702630779,True
2025-11-20 00:00:00+00:00,6697.5,6552.0,6791.25,6550.5,23,3,6697.5,6749.0,6767.75,6559.0,6784.75,6552.0,6661.75,6696.0,2025-11-19 00:00:00+00:00,1.0,0.022401433691765504,1.5911734904492159,0.7689436356849599,0.27781893613869624,-3.084481548520557,-0.10672358591248265,True
2025-11-21 00:00:00+00:00,6560.0,6631.5,6677.5,6525.0,23,4,6560.0,6576.75,6590.5,6622.75,6576.5,6631.5,6559.0,6552.0,2025-11-20 00:00:00+00:00,1.0,0.12210012210012167,0.48025613660618305,0.25533536585364836,0.20906982932298313,0.48934071769972665,0.13212034275791318,True
2025-11-24 00:00:00+00:00,6658.5,6725.0,6731.75,6625.0,23,0,6658.5,6652.25,6653.0,6718.75,6671.25,6725.0,6622.75,6631.5,2025-11-21 00:00:00+00:00,3.0,0.4071477041393434,0.4567588992488103,-0.09386498460614012,0.011274380848580456,0.9882759657297457,0.09302325581395099,True
2025-11-25 00:00:00+00:00,6726.25,6781.5,6792.5,6674.5,23,1,6726.25,6714.0,6718.0,6780.25,6718.75,6781.5,6718.75,6725.0,2025-11-24 00:00:00+00:00,1.0,0.018587360594790603,-0.011162790697671898,-0.18212228210370274,0.05957700327674509,0.9266150640071524,0.018435898381330418,True
2025-11-26 00:00:00+00:00,6781.0,6830.25,6846.75,6778.25,23,2,6781.0,6804.75,6804.0,6825.25,6802.0,6830.25,6780.25,6781.5,2025-11-25 00:00:00+00:00,1.0,-0.007373000073729319,0.35028206924523353,0.3502433269429339,-0.011021712774161863,0.31231628453851634,0.07325738983920971,True
2025-12-01 00:00:00+00:00,6859.0,6826.75,6864.5,6802.0,23,0,6859.0,6815.0,6817.25,6829.25,6840.25,6826.75,,6860.5,2025-11-28 00:00:00+00:00,3.0,-0.02186429560527836,,-0.6414929289983995,0.033015407190029045,0.17602405662107135,-0.03660724091225642,True
2025-12-02 00:00:00+00:00,6829.0,6842.75,6863.5,6812.25,23,1,6829.0,6821.0,6848.25,6839.25,6848.25,6842.75,6829.25,6826.75,2025-12-01 00:00:00+00:00,1.0,0.03295858204857005,0.2782150309331266,-0.11714745936447502,0.39950153936372246,-0.13142043587778263,0.05117520195927483,True
2025-12-03 00:00:00+00:00,6843.0,6862.0,6873.25,6817.5,23,2,6843.0,6853.0,6855.5,6862.5,6832.75,6862.0,6839.25,6842.75,2025-12-02 00:00:00+00:00,1.0,0.0036535018815619935,0.23759915195380454,0.1461347362267995,0.03648037355903355,0.10210779665962288,-0.00728597449909385,True
2025-12-04 00:00:00+00:00,6866.0,6865.75,6880.75,6836.25,23,3,6866.0,6865.25,6864.25,6867.25,6853.5,6865.75,6862.5,6862.0,2025-12-03 00:00:00+00:00,1.0,0.05829204313612113,0.025500910746822925,-0.010923390620443119,-0.014566111940572668,0.04370470189751785,-0.02184280461611232,True
2025-12-05 00:00:00+00:00,6865.5,6878.25,6905.0,6856.75,23,4,6865.5,6880.75,6864.0,6876.75,6889.75,6878.25,6867.25,6865.75,2025-12-04 00:00:00+00:00,1.0,-0.003641262789932931,-0.04732607666824151,0.22212511834533988,-0.24343276532354796,0.18575174825175012,0.021812629512485415,True
2025-12-08 00:00:00+00:00,6880.5,6864.5,6893.75,6835.25,23,0,6880.5,6888.0,6888.75,6856.5,6873.75,6864.5,6876.75,6878.25,2025-12-05 00:00:00+00:00,3.0,0.03271180896302628,0.17450103609990553,0.10900370612600963,0.01088850174215672,-0.46815459989112407,0.11667760519216142,True
2025-12-09 00:00:00+00:00,6865.0,6846.25,6872.75,6844.0,23,1,6865.0,6862.0,6850.5,6849.5,6863.25,6846.25,6856.5,6864.5,2025-12-08 00:00:00+00:00,1.0,0.007283851700790045,-0.08750820389411551,-0.043699927166784835,-0.16758962401631772,-0.014597474636890428,-0.04744871888459068,True
2025-12-10 00:00:00+00:00,6847.25,6893.25,6908.0,6830.75,23,2,6847.25,6851.5,6847.0,6892.0,6849.0,6893.25,6849.5,6846.25,2025-12-09 00:00:00+00:00,1.0,0.014606536425043615,-0.03649901452660309,0.06206871371718936,-0.06567904838357119,0.6572221410836798,0.018136970400473018,True
2025-12-11 00:00:00+00:00,6887.0,6925.0,6928.75,6817.5,23,3,6887.0,6837.25,6864.5,6908.0,6843.0,6925.0,6892.0,6893.25,2025-12-10 00:00:00+00:00,1.0,-0.09066840750009408,-0.39901334881021766,-0.7223754900537283,0.3985520494350858,0.6336950979678013,0.24609148812970716,True
2025-12-12 00:00:00+00:00,6914.0,6830.75,6915.5,6805.0,23,4,6914.0,6907.5,6907.75,6831.25,6889.0,6830.75,6908.0,6925.0,2025-12-11 00:00:00+00:00,1.0,-0.1588447653429581,-0.003618992472498306,-0.094012149262368,0.0036192544335955645,-1.1074517751800461,-0.007319304666053572,False
2025-12-15 00:00:00+00:00,6822.0,6824.25,6872.5,6806.25,23,0,6822.0,6849.75,6867.5,6820.75,6838.0,6824.25,6831.25,6830.75,2025-12-12 00:00:00+00:00,3.0,-0.12809720748088171,0.5306495882891227,0.40677220756375476,0.25913354501989616,-0.6807426283218065,0.051314005058089585,True
2025-12-16 00:00:00+00:00,6825.25,6848.0,6892.0,6762.0,23,1,6825.25,6785.25,6867.75,6855.5,6821.0,6848.0,6820.75,6824.25,2025-12-15 00:00:00+00:00,1.0,0.01465362494046385,0.6890737822087045,-0.5860591187136,1.2158726649718066,-0.1783699173674047,-0.1094012107067277,True
2025-12-17 00:00:00+00:00,6796.0,6786.5,6882.5,6741.25,23,2,6796.0,6805.5,6818.5,6776.75,6857.75,6786.5,6855.5,6848.0,2025-12-16 00:00:00+00:00,1.0,-0.7593457943925186,-0.5397126394865448,0.1397881106533161,0.19102196752627254,-0.6123047591112374,0.1438742760172751,True
2025-12-18 00:00:00+00:00,6792.0,6822.75,6872.0,6771.5,23,3,6792.0,6786.0,6829.0,6828.75,6844.5,6822.75,6776.75,6786.5,2025-12-17 00:00:00+00:00,1.0,0.08104324762396864,0.7710185560925176,-0.08833922261484162,0.6336575302092529,-0.0036608581051367217,-0.08786381109280317,True
2025-12-19 00:00:00+00:00,6824.75,6893.25,6895.25,6820.0,23,4,6824.75,6827.5,6836.0,6888.75,6880.25,6893.25,6828.75,6822.75,2025-12-18 00:00:00+00:00,1.0,0.029313693158927734,0.10616877173714734,0.04029451628264624,0.12449652142072498,0.7716500877706256,0.06532389765923075,True
2025-12-22 00:00:00+00:00,6902.75,6930.75,6936.25,6900.5,23,0,6902.75,6906.75,6919.25,6929.5,6922.25,6930.75,6888.75,6893.25,2025-12-19 00:00:00+00:00,3.0,0.13781597940014656,0.4427508619125442,0.057947919307532736,0.18098237231694014,0.14813744264190465,0.01803881953965636,False
2025-12-23 00:00:00+00:00,6930.75,6958.0,6963.75,6913.25,23,1,6930.75,6924.5,6915.75,6960.5,6934.75,6958.0,6929.5,6930.75,2025-12-22 00:00:00+00:00,1.0,0.0,-0.19842701493614223,-0.09017783068210328,-0.12636291428984592,0.6470737085637834,-0.035916959988502306,False
2025-12-29 00:00:00+00:00,6981.25,6956.5,6984.75,6936.0,23,0,6981.25,6971.75,6952.25,6955.25,6951.25,6956.5,6980.0,6979.25,2025-12-26 00:00:00+00:00,3.0,0.028656374252244987,-0.3975644699140357,-0.13607878245299743,-0.27970021873992,0.04315149771656479,0.01797203551274773,True
2025-12-30 00:00:00+00:00,6956.5,6945.5,6961.5,6940.75,23,1,6956.5,6952.0,6952.5,6945.0,6956.25,6945.5,6955.25,6956.5,2025-12-29 00:00:00+00:00,1.0,0.0,-0.039538478128031684,-0.06468770214906883,0.007192174913694949,-0.10787486515642097,0.007199424046078207,False
2025-12-31 00:00:00+00:00,6945.5,6893.75,6951.5,6890.25,23,2,6945.5,6929.25,6949.0,6891.75,6932.25,6893.75,6945.0,6945.5,2025-12-30 00:00:00+00:00,1.0,0.0,0.05759539236860345,-0.23396443740550943,0.2850236317061716,-0.8238595481364186,0.02902020531794225,False
2026-01-05 00:00:00+00:00,6904.5,6943.5,6963.5,6899.5,23,0,6904.5,6915.25,6923.0,6946.25,6939.75,6943.5,6900.25,6900.0,2026-01-02 00:00:00+00:00,3.0,0.06521739130433968,0.3296981993406112,0.15569556086609815,0.1120711471024105,0.3358370648562703,-0.03958970667626849,True
2026-01-06 00:00:00+00:00,6945.5,6988.5,6991.5,6931.0,23,1,6945.5,6957.0,6943.75,6989.25,6969.25,6988.5,6946.25,6943.5,2026-01-05 00:00:00+00:00,1.0,0.02880391733275367,-0.03599064243297034,0.16557483262544803,-0.19045565617363813,0.6552655265526619,-0.010730765103550421,True
2026-01-07 00:00:00+00:00,6988.5,6967.0,7006.75,6958.0,23,2,6988.5,6981.25,6989.25,6962.75,6993.0,6967.0,6989.25,6988.5,2026-01-06 00:00:00+00:00,1.0,0.0,0.0,-0.10374186162982468,0.11459265890778614,-0.37915370032549633,0.06103910092993825,False
2026-01-08 00:00:00+00:00,6967.5,6971.25,6977.75,6935.25,23,3,6967.5,6941.75,6956.25,6960.75,6948.25,6971.25,6962.75,6967.0,2026-01-07 00:00:00+00:00,1.0,0.0071766901105219105,-0.09335391906932777,-0.36957301758162586,0.20888104584579903,0.06469002695417281,0.15084581402866615,True
2026-01-09 00:00:00+00:00,6973.25,7005.0,7017.5,6954.25,23,4,6973.25,6963.5,6987.0,7004.5,6979.5,7005.0,6960.75,6971.25,2026-01-08 00:00:00+00:00,1.0,0.02868925945849199,0.37711453507165427,-0.13982002652995762,0.3374739714224084,0.25046514956348354,0.007138268256112745,True
2026-01-12 00:00:00+00:00,7000.25,7011.5,7025.25,6950.0,23,0,7000.25,6964.5,6966.75,7016.0,7000.0,7011.5,7004.5,7005.0,2026-01-09 00:00:00+00:00,3.0,-0.06780870806566419,-0.5389392533371451,-0.5106960465697696,0.03230669825544652,0.7069293429504464,-0.0641391106043332,True
2026-01-13 00:00:00+00:00,7014.0,6999.25,7036.25,6976.75,23,1,7014.0,7011.25,7019.75,7000.75,7005.25,6999.25,7016.0,7011.5,2026-01-12 00:00:00+00:00,1.0,0.03565570847892108,0.05344925883694618,-0.03920729968633907,0.12123373150294547,-0.27066490971900947,-0.021426275756164515,True
2026-01-14 00:00:00+00:00,6998.5,6960.0,7002.5,6923.25,23,2,6998.5,6989.25,6970.75,6968.0,6949.25,6960.0,7000.75,6999.25,2026-01-13 00:00:00+00:00,1.0,-0.010715433796482099,-0.4285255151233791,-0.13217117953847612,-0.26469220588761777,-0.03945056127389046,-0.11481056257175437,True
2026-01-15 00:00:00+00:00,6955.75,6983.5,7017.25,6949.5,23,3,6955.75,6973.75,6998.25,6984.75,6999.0,6983.5,6968.0,6960.0,2026-01-14 00:00:00+00:00,1.0,-0.06106321839079998,0.4341274397244632,0.25877870826294114,0.3513174404015107,-0.19290536919944756,-0.01789613085650954,True
2026-01-16 00:00:00+00:00,6986.75,6976.75,7007.0,6960.5,23,4,6986.75,7003.75,6990.75,6976.5,6979.0,6976.75,6984.75,6983.5,2026-01-15 00:00:00+00:00,1.0,0.04653826877640821,0.08590142811124579,0.24331770851970802,-0.1856148491879317,-0.20384078961485086,0.0035834587543970287,True
2026-01-21 00:00:00+00:00,6839.0,6915.75,6945.25,6814.5,23,2,6839.0,6847.25,6824.75,6911.0,6881.5,6915.75,6833.25,6837.5,2026-01-20 00:00:00+00:00,1.0,0.0219378427787964,-0.12439176087513104,0.12063167129696684,-0.32859907262039467,1.2637825561375937,0.06873100853710401,True
2026-01-22 00:00:00+00:00,6920.0,6940.25,6969.0,6911.25,23,3,6920.0,6922.0,6957.5,6946.0,6935.5,6940.25,6911.0,6915.75,2026-01-21 00:00:00+00:00,1.0,0.06145392762897384,0.6728403993633281,0.028901734104036514,0.5128575556197612,-0.16528925619834212,-0.08278145695364003,True
2026-01-23 00:00:00+00:00,6938.0,6933.75,6964.0,6924.75,23,4,6938.0,6957.5,6927.75,6945.5,6941.75,6933.75,6946.0,6940.25,2026-01-22 00:00:00+00:00,1.0,-0.03241958142717882,-0.2627411459833029,0.2810608244450785,-0.4275961192957256,0.25621594312728035,-0.1691742855085998,True
2026-01-26 00:00:00+00:00,6894.0,6977.0,6995.5,6893.5,23,0,6894.0,6934.0,6951.75,6980.75,6976.25,6977.0,6945.5,6933.75,2026-01-23 00:00:00+00:00,3.0,-0.5732828555976233,0.08998632207903867,0.58021467943139,0.2559850014421716,0.4171611464738989,-0.05371915625111967,True
2026-01-27 00:00:00+00:00,6977.0,7009.5,7018.5,6972.0,23,1,6977.0,7000.75,6995.0,7008.75,7005.25,7009.5,6980.75,6977.0,2026-01-26 00:00:00+00:00,1.0,0.0,0.20413279375426363,0.3404041851798878,-0.08213405706531951,0.1965689778413049,0.010700909577310291,False
2026-01-28 00:00:00+00:00,7010.25,7016.75,7043.0,6977.25,23,2,7010.25,7034.75,7022.25,7006.75,7023.5,7016.75,7008.75,7009.5,2026-01-27 00:00:00+00:00,1.0,0.01069976460517097,0.19261637239165186,0.34948824934917244,-0.1776893279789582,-0.22072697497240723,0.14271952046240877,True
2026-01-29 00:00:00+00:00,7021.5,6989.75,7029.5,6898.25,23,3,7021.5,7019.75,7023.5,6990.0,6966.5,6989.75,7006.75,7016.75,2026-01-28 00:00:00+00:00,1.0,0.06769515801474668,0.23905519677454024,-0.0249234494054007,0.053420705865603324,-0.4769701715668817,-0.0035765379112984164,True
2026-02-03 00:00:00+00:00,7004.25,6938.75,7027.25,6886.25,23,1,7004.25,7021.75,7015.25,6941.0,6981.75,6938.75,7003.0,7003.25,2026-02-02 00:00:00+00:00,1.0,0.014279084710677736,0.17492503212908073,0.249848306385414,-0.09256951614625697,-1.0584084672677352,-0.032416078374875035,True
2026-02-04 00:00:00+00:00,6934.0,6928.5,6965.75,6862.5,23,2,6934.0,6955.25,6946.25,6906.5,6928.0,6928.5,6941.0,6938.75,2026-02-03 00:00:00+00:00,1.0,-0.06845613402990391,0.07563751620804915,0.30646091721950874,-0.12939865569174813,-0.5722512146841829,0.31854050532107436,True
2026-02-05 00:00:00+00:00,6915.5,6788.75,6935.25,6785.0,23,3,6915.5,6913.0,6857.25,6818.0,6850.25,6788.75,6906.5,6928.5,2026-02-04 00:00:00+00:00,1.0,-0.18763080031752866,-0.7130963585028627,-0.036150676017643324,-0.8064516129032251,-0.572386889788179,-0.42901144030507155,True
2026-02-06 00:00:00+00:00,6785.5,6952.75,6965.5,6751.5,23,4,6785.5,6805.0,6856.75,6949.0,6890.0,6952.75,6818.0,6788.75,2026-02-05 00:00:00+00:00,1.0,-0.04787331983060472,0.5683484892930579,0.2873774961314579,0.7604702424687693,1.3453895796113224,0.05396459922291097,True
2026-02-09 00:00:00+00:00,6971.0,6984.0,7000.5,6921.0,23,0,6971.0,6955.0,6938.25,6980.25,6945.0,6984.0,6949.0,6952.75,2026-02-06 00:00:00+00:00,3.0,0.2624860666642803,-0.15469851777234478,-0.2295223066991814,-0.24083393242271267,0.605339963247209,0.053723004190397994,True
2026-02-10 00:00:00+00:00,6985.0,6970.5,7006.5,6957.0,23,1,6985.0,6978.0,6984.0,6961.25,6998.25,6970.5,6980.25,6984.0,2026-02-09 00:00:00+00:00,1.0,0.014318442153493649,0.053723004190397994,-0.10021474588404189,0.08598452278589797,-0.3257445589919805,0.13287843418925416,True
2026-02-11 00:00:00+00:00,6971.5,6963.0,7011.5,6931.0,23,2,6971.5,6974.0,7004.75,6958.75,6981.25,6963.0,6961.25,6970.5,2026-02-10 00:00:00+00:00,1.0,0.01434617315831943,0.6248877715927526,0.03586028831672472,0.4409234298824227,-0.6566972411577887,0.06107418717442581,True
2026-02-12 00:00:00+00:00,6964.5,6861.75,6992.75,6842.0,23,3,6964.5,6976.5,6986.5,6850.75,6967.0,6861.75,6958.75,6963.0,2026-02-11 00:00:00+00:00,1.0,0.0215424386040608,0.39877851625651495,0.17230239069567777,0.1433383501755925,-1.943032992199245,0.16056636134729185,True
2026-02-13 00:00:00+00:00,6865.5,6845.25,6897.75,6808.75,23,4,6865.5,6838.0,6854.75,6850.25,6833.25,6845.25,6850.75,6861.75,2026-02-12 00:00:00+00:00,1.0,0.05465078150617142,0.05838776776265764,-0.4005534920981768,0.2449546651067669,-0.0656479083846917,-0.07299003685996563,True
2026-02-18 00:00:00+00:00,6862.75,6892.0,6925.75,6848.75,23,2,6862.75,6873.75,6873.75,6895.25,6895.5,6892.0,6862.25,6862.25,2026-02-17 00:00:00+00:00,1.0,0.0072862399358886165,0.16758351852526054,0.1602855997959951,0.0,0.3127841425713873,-0.04713389652296618,True
2026-02-19 00:00:00+00:00,6891.75,6872.25,6912.5,6847.75,23,3,6891.75,6906.25,6871.75,6878.25,6882.75,6872.25,6895.25,6892.0,2026-02-18 00:00:00+00:00,1.0,-0.003627394080096824,-0.34081432870454176,0.21039648855516457,-0.499547511312215,0.09459016989850078,-0.08723149056809598,True
2026-02-20 00:00:00+00:00,6874.25,6923.25,6931.5,6847.25,23,4,6874.25,6896.75,6861.5,6924.75,6880.0,6923.25,6878.25,6872.25,2026-02-19 00:00:00+00:00,1.0,0.029102550110948755,-0.24352124450259804,0.3273084336472998,-0.5111103055787103,0.9218100998323875,-0.021661431820640953,True
2026-02-23 00:00:00+00:00,6916.5,6858.25,6930.25,6832.75,23,0,6916.5,6879.25,6899.75,6854.25,6894.75,6858.25,6924.75,6923.25,2026-02-20 00:00:00+00:00,3.0,-0.09749756256093312,-0.3610238636773899,-0.538567194390227,0.2979976014827246,-0.6594441827602493,0.05835795309478975,True
2026-02-24 00:00:00+00:00,6858.25,6900.0,6912.75,6828.5,23,1,6858.25,6866.5,6863.25,6903.0,6861.0,6900.0,6854.25,6858.25,2026-02-23 00:00:00+00:00,1.0,0.0,0.13130539446328804,0.12029307768015585,-0.047331245904025376,0.5791716752267417,-0.04345936549325913,False
2026-02-25 00:00:00+00:00,6900.25,6975.5,6983.75,6892.25,23,2,6900.25,6905.75,6927.25,6959.5,6942.0,6975.5,6903.0,6900.0,2026-02-24 00:00:00+00:00,1.0,0.0036231884057880137,0.35129653773722236,0.07970725698345227,0.3113347572675007,0.4655527085062561,0.22990157338889095,True
2026-02-26 00:00:00+00:00,6965.0,6903.75,6970.75,6870.75,23,3,6965.0,6949.75,6966.5,6921.25,6934.5,6903.75,6959.5,6975.5,2026-02-25 00:00:00+00:00,1.0,-0.15052684395383542,0.10058193835764673,-0.2189519023689912,0.24101586387998974,-0.6495370702648384,-0.25284450063211006,False
2026-02-27 00:00:00+00:00,6899.0,6876.0,6915.5,6841.5,23,4,6899.0,6900.5,6865.75,6888.0,6853.5,6876.0,6921.25,6903.75,2026-02-26 00:00:00+00:00,1.0,-0.06880318667390473,-0.8018782734332652,0.021742281490078064,-0.5035866966161873,0.3240723883042529,-0.17421602787456303,True
2026-03-02 00:00:00+00:00,6830.25,6884.5,6911.25,6768.5,23,0,6830.25,6798.5,6807.75,6887.0,6853.75,6884.5,6888.0,6876.0,2026-02-27 00:00:00+00:00,3.0,-0.6653577661431043,-1.1650696864111465,-0.46484389297609674,0.13605942487313616,1.1641144284088023,-0.03630027588209517,True
2026-03-03 00:00:00+00:00,6883.5,6814.0,6886.0,6718.75,23,1,6883.5,6827.75,6768.75,6825.75,6746.25,6814.0,6887.0,6884.5,2026-03-02 00:00:00+00:00,1.0,-0.01452538310697804,-1.7170030492231758,-0.8099077504176599,-0.8641206839734905,0.8421052631578885,-0.172142255429808,True
2026-03-04 00:00:00+00:00,6813.25,6879.0,6894.0,6773.5,23,2,6813.25,6790.5,6847.75,6873.5,6836.25,6879.0,6825.75,6814.0,2026-03-03 00:00:00+00:00,1.0,-0.01100675080716318,0.32230890378346366,-0.33390819359336854,0.8430896104852259,0.37603592420867304,0.0800174583545532,True
2026-03-05 00:00:00+00:00,6883.25,6824.75,6900.75,6777.0,23,3,6883.25,6866.75,6844.75,6835.0,6872.5,6824.75,6873.5,6879.0,2026-03-04 00:00:00+00:00,1.0,0.06178223579007547,-0.41827307776242106,-0.2397123451857719,-0.32038446135362886,-0.14244493955221094,-0.14996342355523273,True
2026-03-06 00:00:00+00:00,6826.0,6743.75,6854.0,6715.75,23,4,6826.0,6843.75,6745.0,6742.5,6727.25,6743.75,6835.0,6824.75,2026-03-05 00:00:00+00:00,1.0,0.01831568921939475,-1.3167520117044584,0.26003515968355817,-1.442922374429223,-0.03706449221645425,0.018539117537996752,True
2026-03-09 00:00:00+00:00,6617.75,6793.75,6818.5,6584.5,23,0,6617.75,6642.5,6670.5,6801.75,6658.25,6793.75,6742.5,6743.75,2026-03-06 00:00:00+00:00,3.0,-1.8683966635773874,-1.0678531701891036,0.3739941823127202,0.42152803914188297,1.9676186192939094,-0.11761678979674839,True
2026-03-10 00:00:00+00:00,6800.75,6797.25,6852.0,6762.5,23,1,6800.75,6790.0,6785.75,6788.0,6775.5,6797.25,6801.75,6793.75,2026-03-09 00:00:00+00:00,1.0,0.10303587856486107,-0.23523357959348568,-0.15807080101459814,-0.06259204712812938,0.03315772022252084,0.1362698880377211,True
2026-03-11 00:00:00+00:00,6796.75,6769.75,6822.5,6749.75,23,2,6796.75,6803.0,6771.75,6779.75,6796.0,6769.75,6788.0,6797.25,2026-03-10 00:00:00+00:00,1.0,-0.00735591599544394,-0.2393930465527383,0.09195571412807801,-0.45935616639717347,0.11813785210617045,-0.14749806408791422,True
2026-03-12 00:00:00+00:00,6766.0,6685.25,6769.5,6671.75,23,3,6766.0,6720.75,6737.5,6676.25,6704.0,6685.25,6779.75,6769.75,2026-03-11 00:00:00+00:00,1.0,-0.05539347834114805,-0.6231793207714165,-0.6687851019804958,0.24922813674068678,-0.9090909090909038,0.13480621606440923,False
2026-03-13 00:00:00+00:00,6684.25,6636.0,6737.5,6625.0,23,4,6684.25,6693.5,6710.25,6637.0,6719.25,6636.0,6676.25,6685.25,2026-03-12 00:00:00+00:00,1.0,-0.01495830372835183,0.5092679273544176,0.13838500953735622,0.2502427728393153,-1.0916135762452983,-0.015067048365224878,True
2026-03-16 00:00:00+00:00,6623.5,6749.75,6784.75,6616.0,23,0,6623.5,6677.5,6695.0,6753.75,6721.75,6749.75,6637.0,6636.0,2026-03-13 00:00:00+00:00,3.0,-0.1883664858348455,0.8738888051830651,0.8152789310787334,0.2620741295394913,0.8775205377147044,-0.05922635572830348,True
2026-03-17 00:00:00+00:00,6751.75,6774.25,6808.5,6715.75,23,1,6751.75,6723.25,6771.75,6772.0,6803.0,6774.25,6753.75,6749.75,2026-03-16 00:00:00+00:00,1.0,0.0296307270639673,0.26651860077735456,-0.4221127855741136,0.7213773100806842,0.003691807878314357,0.033225044300055906,True
2026-03-18 00:00:00+00:00,6774.0,6664.0,6814.0,6654.5,23,2,6774.0,6804.5,6737.0,6677.25,6755.75,6664.0,6772.0,6774.25,2026-03-17 00:00:00+00:00,1.0,-0.003690445436765888,-0.5168340224453671,0.45025095955122385,-0.9919905944595464,-0.8868932759388493,-0.19843498446217023,True
2026-03-19 00:00:00+00:00,6673.0,6670.5,6695.0,6611.75,23,3,6673.0,6667.25,6629.5,6658.75,6647.0,6670.5,6677.25,6664.0,2026-03-18 00:00:00+00:00,1.0,0.13505402160864932,-0.7151147553259185,-0.08616814026675135,-0.5662004574599755,0.4412097443245999,0.1764595457105278,True
2026-03-20 00:00:00+00:00,6675.5,6588.5,6685.5,6523.75,23,4,6675.5,6667.25,6643.5,6562.5,6607.25,6588.5,6658.75,6670.5,2026-03-19 00:00:00+00:00,1.0,0.07495689978262998,-0.22902196358175475,-0.12358624822110809,-0.3562188308522951,-1.2192368480469673,0.3961904761904833,True
2026-03-23 00:00:00+00:00,6537.0,6632.75,6748.0,6483.5,23,0,6537.0,6529.75,6691.0,6631.5,6680.0,6632.75,6562.5,6588.5,2026-03-20 00:00:00+00:00,3.0,-0.7816650223874899,1.9580952380952477,-0.11090714394982326,2.469466671771503,-0.8892542220893751,0.01884943074719203,True
2026-03-24 00:00:00+00:00,6635.0,6646.25,6680.5,6573.5,23,1,6635.0,6598.0,6599.75,6607.0,6590.0,6646.25,6631.5,6632.75,2026-03-23 00:00:00+00:00,1.0,0.033922581131506924,-0.4787755409786598,-0.5576488319517736,0.026523188845106738,0.10985264593355026,0.5940668987437503,True
2026-03-25 00:00:00+00:00,6646.5,6641.0,6684.75,6616.5,23,2,6646.5,6648.0,6661.0,6642.0,6639.5,6641.0,6607.0,6646.25,2026-03-24 00:00:00+00:00,1.0,0.003761519653933121,0.8173149689723047,0.022568269013767406,0.19554753309265482,-0.2852424560876754,-0.015055706112621081,True
2026-03-26 00:00:00+00:00,6641.5,6535.5,6647.0,6517.0,23,3,6641.5,6613.0,6586.0,6523.0,6617.75,6535.5,6642.0,6641.0,2026-03-25 00:00:00+00:00,1.0,0.007528986598392962,-0.8431195423065363,-0.4291199277271729,-0.4082867079993946,-0.9565745520801694,0.191629618273792,True
2026-03-27 00:00:00+00:00,6536.0,6398.0,6568.5,6389.0,23,4,6536.0,6559.75,6490.75,6407.5,6458.5,6398.0,6523.0,6535.5,2026-03-26 00:00:00+00:00,1.0,0.0076505240609092695,-0.49440441514641,0.363372093023262,-1.051869354777235,-1.2825944613488405,-0.14826375341396858,True
2026-03-30 00:00:00+00:00,6369.75,6383.25,6481.75,6359.5,23,0,6369.75,6416.75,6464.0,6387.75,6417.5,6383.25,6407.5,6398.0,2026-03-27 00:00:00+00:00,3.0,-0.44154423257267705,0.8817791650409745,0.7378625534754102,0.7363540733237306,-1.1796101485148536,-0.07044734061288915,True
2026-03-31 00:00:00+00:00,6385.25,6567.5,6583.25,6353.25,23,1,6385.25,6438.5,6453.75,6569.25,6494.5,6567.5,6387.75,6383.25,2026-03-30 00:00:00+00:00,1.0,0.0313320017232499,1.0332276623224113,0.8339532516346226,0.23685641065465113,1.789657176060433,-0.026639266278494222,True
2026-04-01 00:00:00+00:00,6562.0,6617.25,6653.75,6561.0,23,2,6562.0,6593.0,6596.25,6619.5,6611.25,6617.25,6569.25,6567.5,2026-03-31 00:00:00+00:00,1.0,-0.08374571754853344,0.41100582258248863,0.47241694605302254,0.04929470650689716,0.3524729960204587,-0.03399048266485849,True
2026-04-02 00:00:00+00:00,6618.5,6624.0,6644.5,6503.75,23,3,6618.5,6522.75,6517.0,6623.25,6560.25,6624.0,6619.5,6617.25,2026-04-01 00:00:00+00:00,1.0,0.018890022290229957,-1.5484553213989005,-1.4467024250207738,-0.08815300295120787,1.630351388675777,0.011323745895142068,True
2026-04-06 00:00:00+00:00,6590.0,6650.75,6661.0,6567.0,23,0,6590.0,6617.0,6629.25,6653.0,6649.0,6650.75,,6613.0,2026-04-03 00:00:00+00:00,3.0,-0.3477997882957773,,0.40971168437025085,0.1851292126341164,0.3582607383942449,-0.03381932962572831,True
2026-04-07 00:00:00+00:00,6650.5,6663.5,6673.5,6572.75,23,1,6650.5,6622.75,6624.25,6655.5,6603.0,6663.5,6653.0,6650.75,2026-04-06 00:00:00+00:00,1.0,-0.0037589745517374595,-0.4321358785510321,-0.41726186001052046,0.02264920161563211,0.4717515190398869,0.12020133723986692,True
2026-04-08 00:00:00+00:00,6689.0,6816.25,6847.25,6652.25,23,2,6689.0,6836.25,6831.75,6823.75,6811.75,6816.25,6655.5,6663.5,2026-04-07 00:00:00+00:00,1.0,0.38268177384257474,2.6481857110660423,2.201375392435345,-0.06582556226001346,-0.117100303728912,-0.10991023997068972,True
2026-04-09 00:00:00+00:00,6814.25,6860.75,6876.0,6792.5,23,3,6814.25,6811.75,6807.25,6862.0,6816.5,6860.75,6823.75,6816.25,2026-04-08 00:00:00+00:00,1.0,-0.029341646799929677,-0.2418025279355196,-0.03668782331144316,-0.06606231878738544,0.8042895442359255,-0.018216263480030914,True
2026-04-10 00:00:00+00:00,6858.0,6855.25,6888.0,6846.25,23,4,6858.0,6862.0,6871.25,6855.5,6869.75,6855.25,6862.0,6860.75,2026-04-09 00:00:00+00:00,1.0,-0.04008308129577198,0.13480034975226207,0.05832604257800522,0.13480034975226207,-0.22921593596507694,-0.003646707023552409,True
2026-04-13 00:00:00+00:00,6786.75,6927.5,6928.25,6767.0,23,0,6786.75,6808.5,6822.75,6921.25,6858.0,6927.5,6855.5,6855.25,2026-04-10 00:00:00+00:00,3.0,-0.9992341635972402,-0.477718620086065,0.32047740081777576,0.2092972020268702,1.4436993880766469,0.0903016073686036,True
2026-04-14 00:00:00+00:00,6925.25,7004.25,7008.0,6920.25,23,1,6925.25,6922.0,6939.75,7006.0,6956.5,7004.25,6921.25,6927.5,2026-04-13 00:00:00+00:00,1.0,-0.03247924936845559,0.2672927578110995,-0.046929713728749434,0.2564287778098917,0.9546453402500044,-0.024978589780189075,True
2026-04-15 00:00:00+00:00,7004.0,7058.25,7064.5,6991.75,23,2,7004.0,7004.0,7008.75,7060.0,7017.75,7058.25,7006.0,7004.25,2026-04-14 00:00:00+00:00,1.0,-0.0035692615197868705,0.03925206965458283,0.0,0.06781838949172503,0.7312288211164697,-0.02478753541076406,True
2026-04-16 00:00:00+00:00,7057.25,7078.25,7089.0,7046.5,23,3,7057.25,7073.25,7069.5,7076.5,7056.0,7078.25,7060.0,7058.25,2026-04-15 00:00:00+00:00,1.0,-0.01416781780185783,0.1345609065155795,0.22671720571043608,-0.053016647227233094,0.09901690359996884,0.024729739277895568,True
2026-04-17 00:00:00+00:00,7077.25,7161.5,7185.75,7075.25,23,4,7077.25,7081.5,7136.0,7161.25,7143.5,7161.5,7076.5,7078.25,2026-04-16 00:00:00+00:00,1.0,-0.014127785822770633,0.8408111354483161,0.06005157370447822,0.769610958130329,0.3538396860986559,0.0034910106475827263,True
2026-04-20 00:00:00+00:00,7109.75,7152.0,7161.5,7101.25,21,0,7109.75,7114.0,7136.5,7148.25,7157.0,7152.0,7161.25,7161.5,2026-04-17 00:00:00+00:00,3.0,-0.7226139775186713,-0.3456100541106677,0.05977706670416971,0.31627776215912284,0.16464653541652385,0.05246039240374145,True
2026-04-21 00:00:00+00:00,7150.75,7122.25,7183.0,7085.0,23,1,7150.75,7160.75,7164.25,7100.5,7167.5,7122.25,7148.25,7152.0,2026-04-20 00:00:00+00:00,1.0,-0.017477628635342857,0.22383100758927021,0.1398454707548069,0.04887756170792734,-0.8898349443416942,0.3063164565875631,True
2026-04-22 00:00:00+00:00,7125.0,7164.5,7173.0,7121.25,23,2,7125.0,7141.0,7139.0,7170.25,7152.75,7164.5,7100.5,7122.25,2026-04-21 00:00:00+00:00,1.0,0.03861139387131285,0.5422153369480931,0.22456140350877174,-0.028007281893294156,0.4377363776439269,-0.0801924619085792,True
2026-04-23 00:00:00+00:00,7163.0,7132.5,7181.5,7079.25,23,3,7163.0,7138.25,7152.25,7142.25,7159.75,7132.5,7170.25,7164.5,2026-04-22 00:00:00+00:00,1.0,-0.020936562216489207,-0.2510372720616383,-0.3455256177579247,0.19612650159352985,-0.13981614177356327,-0.1365116034863001,True
2026-04-24 00:00:00+00:00,7143.0,7196.0,7200.5,7135.5,23,4,7143.0,7151.0,7162.5,7194.75,7154.75,7196.0,7142.25,7132.5,2026-04-23 00:00:00+00:00,1.0,0.14721345951629328,0.28352409954846003,0.11199776004480189,0.16081666899734337,0.4502617801047215,0.01737377949198038,False
2026-04-27 00:00:00+00:00,7175.0,7205.25,7211.25,7171.5,23,0,7175.0,7189.75,7188.5,7207.0,7195.5,7205.25,7194.75,7196.0,2026-04-24 00:00:00+00:00,3.0,-0.29182879377431803,-0.0868688974599574,0.2055749128919926,-0.01738586181716517,0.25735549836545246,-0.02428194810600859,True
2026-04-28 00:00:00+00:00,7204.75,7172.5,7223.25,7146.25,23,1,7204.75,7198.25,7169.25,7171.5,7169.75,7172.5,7207.0,7205.25,2026-04-27 00:00:00+00:00,1.0,-0.006939384476600807,-0.5237963091438869,-0.09021825878759993,-0.40287569895460784,0.03138403598703654,0.013944084222261566,True
2026-04-29 00:00:00+00:00,7172.5,7141.5,7190.75,7131.25,23,2,7172.5,7185.0,7169.0,7170.25,7160.75,7141.5,7171.5,7172.5,2026-04-28 00:00:00+00:00,1.0,0.0,-0.03486021055567612,0.17427675148136146,-0.22268615170494277,0.01743618356813137,-0.4009623095429071,False
2026-04-30 00:00:00+00:00,7150.0,7246.75,7253.5,7133.75,23,3,7150.0,7143.25,7204.0,7238.25,7165.25,7246.75,7170.25,7141.5,2026-04-29 00:00:00+00:00,1.0,0.11902261429672656,0.47069488511557456,-0.09440559440559992,0.8504532250726227,0.47543031649084355,0.1174316996511493,True
2026-05-01 00:00:00+00:00,7256.0,7258.0,7300.75,7240.75,23,4,7256.0,7257.25,7258.25,7257.5,7293.0,7258.0,7238.25,7246.75,2026-04-30 00:00:00+00:00,1.0,0.12764342636353287,0.276309881532133,0.017227122381480164,0.01377932412414129,-0.010333069266010853,0.006889424733036442,True
2026-05-05 00:00:00+00:00,7228.75,7295.5,7304.25,7223.75,23,1,7228.75,7243.75,7261.75,7287.0,7275.0,7295.5,7231.25,7225.25,2026-05-04 00:00:00+00:00,1.0,0.048441230407259006,0.4217804667242975,0.2075047553173004,0.2484900776531518,0.347712328295513,0.11664608206394256,True
2026-05-06 00:00:00+00:00,7300.5,7386.75,7395.75,7293.5,23,2,7300.5,7311.5,7338.5,7387.0,7346.0,7386.75,7287.0,7295.5,2026-05-05 00:00:00+00:00,1.0,0.06853539853333146,0.7067380266227552,0.15067461132798332,0.3692812692333902,0.6608980036792333,-0.0033843238121056274,True
2026-05-07 00:00:00+00:00,7380.5,7352.25,7410.5,7345.5,23,3,7380.5,7393.75,7402.0,7364.25,7387.75,7352.25,7387.0,7386.75,2026-05-06 00:00:00+00:00,1.0,-0.08461095881138192,0.2030594287261378,0.17952713230811046,0.11158072696533239,-0.5099972980275647,-0.16294938384764368,True
2026-05-08 00:00:00+00:00,7340.0,7419.0,7427.75,7336.25,23,4,7340.0,7382.5,7398.0,7421.25,7413.5,7419.0,7364.25,7352.25,2026-05-07 00:00:00+00:00,1.0,-0.16661566187221588,0.45829514207149646,0.5790190735694756,0.20995597697257562,0.31427412814273303,-0.03031834259726862,True
2026-05-11 00:00:00+00:00,7399.5,7435.0,7454.75,7390.5,23,0,7399.5,7410.5,7408.75,7438.75,7432.5,7435.0,7421.25,7419.0,2026-05-08 00:00:00+00:00,3.0,-0.26283865750100777,-0.1684352366515096,0.14865869315494606,-0.023615140678767688,0.4049266070524693,-0.050411695513363775,True
2026-05-12 00:00:00+00:00,7435.5,7420.5,7443.75,7363.25,23,1,7435.5,7421.5,7419.5,7428.0,7396.0,7420.5,7438.75,7435.0,2026-05-11 00:00:00+00:00,1.0,0.006724949562886273,-0.25878003696857554,-0.18828592562706303,-0.026948730041098656,0.11456297594176768,-0.10096930533117776,True
2026-05-13 00:00:00+00:00,7419.25,7476.0,7483.75,7399.0,23,2,7419.25,7439.5,7421.25,7468.5,7413.25,7476.0,7428.0,7420.5,2026-05-12 00:00:00+00:00,1.0,-0.016845226062933705,-0.09087237479805665,0.2729386393503397,-0.24531218495866813,0.6366851945426966,0.10042177144005127,True
2026-05-14 00:00:00+00:00,7477.5,7523.0,7540.0,7471.75,23,3,7477.5,7483.25,7489.5,7526.0,7488.5,7523.0,7468.5,7476.0,2026-05-13 00:00:00+00:00,1.0,0.020064205457459572,0.28118096003213466,0.07689735874290005,0.0835198610229515,0.48734895520394783,-0.03986181238373465,True
2026-05-15 00:00:00+00:00,7522.25,7432.25,7528.25,7409.25,23,4,7522.25,7466.25,7438.0,7432.5,7432.5,7432.25,7526.0,7523.0,2026-05-14 00:00:00+00:00,1.0,-0.009969427090261718,-1.1692798299229312,-0.7444581076140766,-0.37836932864556694,-0.0739446087657969,-0.003363605785400292,True
2026-05-18 00:00:00+00:00,7432.25,7420.25,7454.25,7373.5,23,0,7432.25,7384.5,7450.0,7426.5,7445.75,7420.25,7432.5,7432.25,2026-05-15 00:00:00+00:00,3.0,0.0,0.23545240497813147,-0.6424703151804656,0.8869930259326919,-0.3154362416107337,-0.08415808254225166,False
2026-05-19 00:00:00+00:00,7423.5,7372.5,7440.75,7354.25,23,1,7423.5,7402.0,7401.25,7377.5,7392.5,7372.5,7426.5,7420.25,2026-05-18 00:00:00+00:00,1.0,0.04379906337388384,-0.3399986534706745,-0.2896207988145716,-0.010132396649553677,-0.32089174125992104,-0.06777363605557918,True
2026-05-20 00:00:00+00:00,7377.0,7451.75,7458.0,7356.0,23,2,7377.0,7376.25,7402.5,7451.75,7399.75,7451.75,7377.5,7372.5,2026-05-19 00:00:00+00:00,1.0,0.06103763987792554,0.3388681802778626,-0.010166734444894132,0.3558718861210064,0.665315771698749,0.0,True
2026-05-21 00:00:00+00:00,7432.75,7467.0,7486.75,7407.5,23,3,7432.75,7445.75,7419.25,7465.0,7435.25,7467.0,7451.75,7451.75,2026-05-20 00:00:00+00:00,1.0,-0.2549736639044564,-0.43613916194182867,0.17490161783997316,-0.35590773259913666,0.6166391481618794,0.02679169457469044,True
2026-05-22 00:00:00+00:00,7467.0,7491.0,7524.0,7466.75,23,4,7467.0,7485.25,7503.0,7490.5,7510.0,7491.0,7465.0,7467.0,2026-05-21 00:00:00+00:00,1.0,0.0,0.5090421969189629,0.244408731753043,0.23713302828896055,-0.16660002665600526,0.00667512182097596,False
2026-05-27 00:00:00+00:00,7533.0,7554.25,7570.75,7515.0,23,2,7533.0,7543.75,7552.75,7539.75,7538.0,7554.25,7539.25,7532.75,2026-05-26 00:00:00+00:00,1.0,0.0033188410607065677,0.17906290413503,0.14270542944379017,0.11930405965203672,-0.17212273675151213,0.1923140687688507,True
2026-05-28 00:00:00+00:00,7553.75,7587.75,7590.75,7505.75,23,3,7553.75,7528.0,7538.25,7581.75,7535.75,7587.75,7539.75,7554.25,2026-05-27 00:00:00+00:00,1.0,-0.006618790746926173,-0.019894558838162713,-0.34089028628164764,0.13615834218916323,0.5770570092528127,0.07913740231477728,True
2026-05-29 00:00:00+00:00,7587.5,7595.75,7611.5,7572.75,23,4,7587.5,7586.0,7591.5,7594.5,7608.75,7595.75,7581.75,7587.75,2026-05-28 00:00:00+00:00,1.0,-0.0032947843563668755,0.12859827876150476,-0.019769357495880158,0.07250197732664443,0.03951788184153315,0.01645927974192052,True
2026-06-01 00:00:00+00:00,7589.0,7608.5,7632.25,7576.25,23,0,7589.0,7618.0,7608.75,7613.75,7585.25,7608.5,7594.5,7595.75,2026-05-29 00:00:00+00:00,3.0,-0.08886548398775451,0.1876357890578717,0.3821320332059619,-0.12142294565502532,0.06571381632989315,-0.06895419471351083,True
2026-06-02 00:00:00+00:00,7612.0,7628.25,7632.0,7576.5,23,1,7612.0,7594.0,7597.0,7623.5,7603.5,7628.25,7613.75,7608.5,2026-06-01 00:00:00+00:00,1.0,0.04600118288755617,-0.2199967164669192,-0.23646873357856535,0.0395048722675817,0.3488219033829232,0.0623073391486928,True
2026-06-03 00:00:00+00:00,7628.0,7547.5,7628.5,7541.75,23,2,7628.0,7619.0,7607.0,7572.5,7586.5,7547.5,7623.5,7628.25,2026-06-02 00:00:00+00:00,1.0,-0.0032772916461865087,-0.2164360202006943,-0.11798636601992873,-0.15750098438115367,-0.45352964374917315,-0.330141961043251,True
2026-06-04 00:00:00+00:00,7539.75,7587.75,7611.5,7524.5,23,3,7539.75,7543.75,7550.25,7599.75,7559.25,7587.75,7572.5,7547.5,2026-06-03 00:00:00+00:00,1.0,-0.10268300761842042,-0.29382634532849616,0.05305215690174503,0.08616404308201542,0.655607430217553,-0.15789993091878118,True
2026-06-05 00:00:00+00:00,7589.5,7400.5,7591.0,7359.0,23,4,7589.5,7558.0,7549.75,7400.25,7511.25,7400.5,7599.75,7587.75,2026-06-04 00:00:00+00:00,1.0,0.023063490494545924,-0.6579163788282494,-0.4150471045523463,-0.10915586133898314,-1.980198019801982,0.0033782642478330516,True
2026-06-08 00:00:00+00:00,7369.0,7412.25,7476.75,7355.5,23,0,7369.0,7391.75,7459.25,7415.75,7431.25,7412.25,7400.25,7400.5,2026-06-05 00:00:00+00:00,3.0,-0.425646915748934,0.7972703624877564,0.3087257429773338,0.9131802347211337,-0.5831685491168637,-0.04719684455382067,True
2026-06-09 00:00:00+00:00,7412.75,7390.0,7491.0,7247.25,23,1,7412.75,7436.75,7456.25,7391.75,7465.25,7390.0,7415.75,7412.25,2026-06-08 00:00:00+00:00,1.0,0.006745590070500462,0.5461349155513551,0.3237664834238263,0.26221131542676357,-0.8650461022632006,-0.023675043122395323,True
2026-06-10 00:00:00+00:00,7380.0,7267.0,7404.75,7256.0,23,2,7380.0,7368.5,7350.5,7276.0,7378.0,7267.0,7391.75,7390.0,2026-06-09 00:00:00+00:00,1.0,-0.13531799729363803,-0.5580545878851373,-0.15582655826558156,-0.24428309696681305,-1.0135364941160518,-0.1236943375481081,True
2026-06-11 00:00:00+00:00,7259.25,7398.25,7420.0,7232.25,23,3,7259.25,7308.25,7316.25,7394.5,7317.25,7398.25,7276.0,7267.0,2026-06-10 00:00:00+00:00,1.0,-0.10664648410623201,0.5531885651456792,0.6750008609704761,0.10946533027742511,1.0695369895779905,0.05071336804380877,True
2026-06-12 00:00:00+00:00,7397.5,7435.0,7461.75,7366.5,23,4,7397.5,7393.25,7404.5,7433.75,7383.25,7435.0,7394.5,7398.25,2026-06-11 00:00:00+00:00,1.0,-0.01013753252457894,0.1352356481168382,-0.05745184183846286,0.1521658269367343,0.3950300492943537,0.01681520094165556,True
2026-06-15 00:00:00+00:00,7500.25,7624.25,7648.75,7484.75,23,0,7500.25,7531.25,7594.75,7630.0,7614.25,7624.25,7433.75,7435.0,2026-06-12 00:00:00+00:00,3.0,0.8776059179556261,2.165797881284681,0.41331955601480175,0.8431535269709522,0.46413641002007733,-0.07536041939711913,False
2026-06-16 00:00:00+00:00,7626.5,7583.0,7636.75,7578.0,23,1,7626.5,7618.0,7625.0,7588.0,7622.75,7583.0,7630.0,7624.25,2026-06-15 00:00:00+00:00,1.0,0.02951109945239505,-0.0655307994757548,-0.11145348456041981,0.09188763454974769,-0.4852459016393418,-0.06589351607801941,True
2026-06-17 00:00:00+00:00,7581.25,7511.0,7612.5,7472.25,23,2,7581.25,7603.75,7595.25,7492.5,7581.25,7511.0,7588.0,7583.0,2026-06-16 00:00:00+00:00,1.0,-0.023077937491755574,0.09554559831312925,0.29678483099753183,-0.11178694722998594,-1.3528191962081548,0.24691358024691024,True
2026-06-18 00:00:00+00:00,7512.5,7574.75,7583.0,7504.25,23,3,7512.5,7546.25,7560.5,7564.5,7544.25,7574.75,7492.5,7511.0,2026-06-17 00:00:00+00:00,1.0,0.019970709625871663,0.9075742409075715,0.44925124792012383,0.18883551432831158,0.05290655379934783,0.13550135501354532,True
2026-06-22 00:00:00+00:00,7543.25,7540.75,7599.25,7513.0,23,0,7543.25,7546.5,7568.0,7540.25,7596.25,7540.75,,7536.75,2026-06-19 00:00:00+00:00,3.0,0.08624407072013174,,0.04308487720809939,0.2849002849002913,-0.366675475687106,0.006631079871355361,True
2026-06-23 00:00:00+00:00,7541.25,7445.5,7549.5,7415.25,23,1,7541.25,7468.75,7432.5,7434.75,7465.25,7445.5,7540.25,7540.75,2026-06-22 00:00:00+00:00,1.0,0.006630640188309833,-1.4289977122774467,-0.9613790817172174,-0.4853556485355681,0.03027245206861373,0.14459127744712585,True
2026-06-24 00:00:00+00:00,7449.25,7477.5,7496.5,7404.25,23,2,7449.25,7450.25,7450.5,7428.25,7454.5,7477.5,7434.75,7445.5,2026-06-23 00:00:00+00:00,1.0,0.05036599288159582,0.21184303439927277,0.01342417021847897,0.0033555920942340833,-0.2986376753237985,0.6630094571399736,True
2026-06-25 00:00:00+00:00,7476.25,7433.75,7496.0,7390.5,23,3,7476.25,7472.0,7487.0,7428.75,7393.25,7433.75,7428.25,7477.5,2026-06-24 00:00:00+00:00,1.0,-0.016716817118023197,0.7908996062329532,-0.05684668115699676,0.20074946466810406,-0.7780152263924145,0.067306074373219,True
2026-06-26 00:00:00+00:00,7431.0,7401.75,7459.5,7357.25,23,4,7431.0,7372.25,7384.0,7375.5,7401.25,7401.75,7428.75,7433.75,2026-06-25 00:00:00+00:00,1.0,-0.03699344207163113,-0.6023893656402546,-0.7906069169694496,0.15938146427481037,-0.11511375947995672,0.3559080740288767,True
2026-06-29 00:00:00+00:00,7431.0,7493.5,7505.0,7409.0,23,0,7431.0,7457.0,7464.0,7496.75,7458.5,7493.5,7375.5,7401.75,2026-06-26 00:00:00+00:00,3.0,0.39517681629344104,1.1999186495830871,0.3498856143183904,0.09387153010593785,0.43877277599142506,-0.043352119251671706,False
2026-06-30 00:00:00+00:00,7495.5,7542.0,7567.75,7481.75,23,1,7495.5,7510.25,7497.0,7545.0,7526.75,7542.0,7496.75,7493.5,2026-06-29 00:00:00+00:00,1.0,0.026689797824785977,0.0033347784039738926,0.19678473750917025,-0.1764255517459512,0.6402561024409836,-0.03976143141153354,True
2026-07-01 00:00:00+00:00,7543.25,7532.75,7579.0,7505.75,23,2,7543.25,7527.25,7528.5,7541.75,7536.75,7532.75,7545.0,7542.0,2026-06-30 00:00:00+00:00,1.0,0.016573853089374424,-0.21868787276342339,-0.21211016471679445,0.016606330333113206,0.1759978747426505,-0.1193356979480864,True
2026-07-02 00:00:00+00:00,7536.0,7523.0,7593.75,7479.5,23,3,7536.0,7542.75,7561.75,7526.5,7588.75,7523.0,7541.75,7532.75,2026-07-01 00:00:00+00:00,1.0,0.04314493378911877,0.26519043988464386,0.08957006369427756,0.25189751748366795,-0.4661619334148881,-0.046502358333888605,True
2026-07-06 00:00:00+00:00,7562.25,7596.75,7602.5,7538.25,23,0,7562.25,7550.0,7562.75,7593.5,7564.25,7596.75,,7554.25,2026-07-03 00:00:00+00:00,3.0,0.10590065195088538,,-0.16198882607689757,0.16887417218542922,0.4065981289874676,0.04279976295515908,True
2026-07-07 00:00:00+00:00,7597.0,7551.75,7601.25,7529.5,23,1,7597.0,7573.25,7580.75,7553.25,7566.25,7551.75,7593.5,7596.75,2026-07-06 00:00:00+00:00,1.0,0.0032908809688425578,-0.1679067623625463,-0.312623403975254,0.09903277985012782,-0.3627609405401855,-0.019859001092248363,True
2026-07-08 00:00:00+00:00,7545.0,7515.5,7563.0,7468.5,23,2,7545.0,7543.75,7505.5,7526.75,7515.75,7515.5,7553.25,7551.75,2026-07-07 00:00:00+00:00,1.0,-0.08938325553680126,-0.632178201436473,-0.016567263088140827,-0.5070422535211283,0.28312570781428015,-0.1494669013850647,True
2026-07-09 00:00:00+00:00,7517.25,7586.25,7595.0,7516.25,23,3,7517.25,7552.25,7544.75,7590.5,7561.25,7586.25,7526.75,7515.5,2026-07-08 00:00:00+00:00,1.0,0.023285210564827352,0.2391470422161035,0.4655957963350943,-0.09930815319937336,0.6063819212034804,-0.05599104143336753,False
2026-07-10 00:00:00+00:00,7587.25,7620.25,7628.75,7552.75,23,4,7587.25,7576.5,7588.25,7621.0,7601.5,7620.25,7590.5,7586.25,2026-07-09 00:00:00+00:00,1.0,0.013181743285550773,-0.029642316052957973,-0.14168506375827894,0.1550848016894424,0.43158831087537486,-0.009841228185281103,True
2026-07-13 00:00:00+00:00,7600.0,7554.25,7615.25,7547.25,23,0,7600.0,7578.25,7597.0,7563.0,7607.5,7554.25,7621.0,7620.25,2026-07-10 00:00:00+00:00,3.0,-0.2657393130146679,-0.3149193019288843,-0.28618421052631904,0.24741859928083532,-0.44754508358562095,-0.11569483009388204,False
2026-07-14 00:00:00+00:00,7557.0,7591.0,7613.75,7531.5,23,1,7557.0,7568.0,7579.5,7590.0,7583.5,7591.0,7563.0,7554.25,2026-07-13 00:00:00+00:00,1.0,0.03640334910812726,0.2181673938913109,0.14556040756914523,0.1519556025370017,0.13853156540668543,0.01317523056654224,True
2026-07-15 00:00:00+00:00,7589.75,7616.0,7626.25,7571.75,23,2,7589.75,7609.25,7611.5,7616.75,7614.5,7616.0,7590.0,7591.0,2026-07-14 00:00:00+00:00,1.0,-0.016466868660258704,0.2832674571805027,0.2569254586778147,0.029569274238583354,0.06897457794128314,-0.009846719401318538,True
2026-07-16 00:00:00+00:00,7615.0,7569.25,7632.0,7548.25,23,3,7615.0,7617.25,7586.75,7577.25,7587.75,7569.25,7616.75,7616.0,2026-07-15 00:00:00+00:00,1.0,-0.01313025210084584,-0.3938687760527748,0.02954694681549519,-0.4004069710197289,-0.12521830823475355,-0.10557920089742101,True
2026-07-17 00:00:00+00:00,7572.75,7497.75,7575.0,7473.0,20,4,7572.75,,7504.5,7496.75,7513.5,7497.75,7577.25,7569.25,2026-07-16 00:00:00+00:00,1.0,0.046239719919416444,-0.9601108581609452,,,-0.10327137051102664,0.01333911361589557,True
2026-07-20 00:00:00+00:00,7487.0,7483.25,7552.0,7476.75,23,0,7487.0,7497.0,7527.25,7486.0,7520.75,7483.25,7496.75,7497.75,2026-07-17 00:00:00+00:00,3.0,-0.14337634623720064,0.4068429652849481,0.1335648457325922,0.4034947312258286,-0.5480089009930578,-0.036735239113006024,True
2026-07-21 00:00:00+00:00,7484.0,7542.75,7554.0,7473.0,23,1,7484.0,7520.5,7516.0,7545.5,7516.75,7542.75,7486.0,7483.25,2026-07-20 00:00:00+00:00,1.0,0.01002238332274974,0.4007480630510374,0.4877071084981255,-0.059836447044747665,0.3924960085151641,-0.03644556358094464,True
2026-07-22 00:00:00+00:00,7545.0,7541.0,7563.5,7504.0,23,2,7545.0,7536.0,7515.0,7536.5,7549.75,7541.0,7545.5,7542.75,2026-07-21 00:00:00+00:00,1.0,0.029829969175687587,-0.4042144324431729,-0.11928429423458953,-0.2786624203821697,0.28609447771124064,0.05970941418429465,True
2026-07-23 00:00:00+00:00,7531.25,7455.75,7549.5,7411.75,23,3,7531.25,7522.75,7465.75,7443.75,7456.25,7455.75,7536.5,7541.0,2026-07-22 00:00:00+00:00,1.0,-0.1292931971887068,-0.9387646785643189,-0.11286307053941513,-0.7577016383636281,-0.2946790342564398,0.16120906801007084,True
2026-07-24 00:00:00+00:00,7452.5,7447.5,7496.5,7431.5,23,4,7452.5,7442.25,7450.0,7448.0,7433.75,7447.5,7443.75,7455.75,2026-07-23 00:00:00+00:00,1.0,-0.04359051738590525,0.08396305625524292,-0.13753773901374888,0.10413517417446894,-0.026845637583894355,-0.0067132116004287035,True
2026-07-27 00:00:00+00:00,7493.0,7453.5,7524.75,7416.25,23,0,7493.0,7514.5,7513.5,7449.0,7474.25,7453.5,7448.0,7447.5,2026-07-24 00:00:00+00:00,3.0,0.6109432695535322,0.8794307196562823,0.28693447217402746,-0.013307605296430935,-0.8584547813934917,0.0604107933950937,True
2026-07-28 00:00:00+00:00,7453.0,7467.5,7485.75,7417.0,23,1,7453.0,7421.25,7456.5,7466.0,7421.5,7467.5,7449.0,7453.5,2026-07-27 00:00:00+00:00,1.0,-0.006708257865428724,0.10068465565846729,-0.4260029518314723,0.4749873673572491,0.12740561925836946,0.020091079560669023,True
2026-07-29 00:00:00+00:00,7466.25,7335.25,7501.0,7324.0,23,2,7466.25,7457.5,7463.5,7350.75,7430.0,7335.25,7466.0,7467.5,2026-07-28 00:00:00+00:00,1.0,-0.016739203213922416,-0.03348513260112984,-0.11719403984596921,0.08045591686220988,-1.5106853352984562,-0.2108628371254584,True
2026-07-30 00:00:00+00:00,7338.0,7474.5,7498.0,7331.0,23,3,7338.0,7368.5,7398.5,7472.75,7439.5,7474.5,7350.75,7335.25,2026-07-29 00:00:00+00:00,1.0,0.03749020142462811,0.6495935788864982,0.41564458980649643,0.4071384949446921,1.0035818071230551,0.023418420260279404,True
2026-07-31 00:00:00+00:00,7478.0,7519.25,7541.0,7427.5,23,4,7478.0,7508.25,7483.0,7520.0,7470.25,7519.25,7472.75,7474.5,2026-07-30 00:00:00+00:00,1.0,0.04682587464044374,0.13716503295306826,0.40451992511367774,-0.3362967402523842,0.4944540959508137,-0.009973404255314566,True
2026-08-03 00:00:00+00:00,7553.5,7631.25,7637.75,7542.75,23,0,7553.5,7563.25,7563.5,7628.25,7587.75,7631.25,7520.0,7519.25,2026-07-31 00:00:00+00:00,3.0,0.455497556272233,0.5784574468085113,0.12907923479181793,0.003305457310021076,0.8560851457658503,0.039327499754193695,False
2026-08-04 00:00:00+00:00,7631.0,7774.5,7786.0,7629.0,23,1,7631.0,7647.75,7651.0,7764.75,7685.25,7774.5,7628.25,7631.25,2026-08-03 00:00:00+00:00,1.0,-0.003276003275998196,0.29823353980271694,0.21949941030008358,0.04249615900100423,1.48673376029278,0.12556746836664967,True
2026-08-05 00:00:00+00:00,7772.0,7758.75,7820.25,7745.75,23,2,7772.0,7798.5,7799.5,7748.25,7818.0,7758.75,7764.75,7774.5,2026-08-04 00:00:00+00:00,1.0,-0.03215640877226589,0.44753533597345907,0.3409675759135311,0.012822978777959904,-0.6570934034232923,0.13551447100959013,True
2026-08-06 00:00:00+00:00,7756.75,7731.5,7770.75,7724.25,23,3,7756.75,7765.25,7754.25,7735.75,7759.5,7731.5,7748.25,7758.75,2026-08-05 00:00:00+00:00,1.0,-0.025777348155309188,0.07743684057690547,0.1095819769877826,-0.14165673996330286,-0.23857884385981576,-0.05493972788676027,True
2026-08-07 00:00:00+00:00,7733.5,7779.75,7786.75,7725.5,23,4,7733.5,7731.75,7775.0,7778.5,7758.25,7779.75,7735.75,7731.5,2026-08-06 00:00:00+00:00,1.0,0.0258682015132905,0.5073845457777226,-0.022628822654680025,0.5593817699744541,0.04501607717042333,0.016069936363050097,True
2026-08-10 00:00:00+00:00,7772.0,7777.25,7798.0,7763.0,23,0,7772.0,7790.75,7773.75,7778.0,7780.75,7777.25,7778.5,7779.75,2026-08-07 00:00:00+00:00,3.0,-0.09961759696648365,-0.06106575817960147,0.24125064333504476,-0.21820748965118986,0.05467116899822155,-0.009642581640523229,True
2026-08-11 00:00:00+00:00,7778.25,7753.25,7796.0,7738.0,23,1,7778.25,7780.75,7788.0,7750.0,7782.25,7753.25,7778.0,7777.25,2026-08-10 00:00:00+00:00,1.0,0.012858015365324604,0.1285677552069986,0.032140905730715374,0.09317867814799818,-0.4879301489471022,0.04193548387096957,True
2026-08-12 00:00:00+00:00,7756.0,7766.75,7794.0,7748.5,23,2,7756.0,7756.75,7785.0,7769.5,7770.5,7766.75,7750.0,7753.25,2026-08-11 00:00:00+00:00,1.0,0.03546899687227878,0.4516129032257954,0.009669932955125304,0.3641989235182219,-0.19910083493898112,-0.03539481305103731,True
2026-08-13 00:00:00+00:00,7770.0,7825.25,7838.5,7764.25,23,3,7770.0,7776.5,7788.25,7823.25,7820.75,7825.25,7769.5,7766.75,2026-08-12 00:00:00+00:00,1.0,0.04184504458106808,0.24132827080249886,0.08365508365508756,0.15109625152702755,0.44939492183737606,0.025564822803825216,True
2026-08-14 00:00:00+00:00,7825.5,7805.0,7831.75,7796.5,23,4,7825.5,7824.75,7830.25,7805.5,7825.75,7805.0,7823.25,7825.25,2026-08-13 00:00:00+00:00,1.0,0.0031947861090619867,0.08947687981337715,-0.009584052137245891,0.07028978561616217,-0.3160818620095096,-0.006405739542625355,True
2026-08-17 00:00:00+00:00,7809.75,7765.5,7824.5,7763.5,23,0,7809.75,7817.5,7803.5,7768.5,7794.5,7765.5,7805.5,7805.0,2026-08-14 00:00:00+00:00,3.0,0.060858424087117946,-0.025622958170523624,0.09923493069561307,-0.17908538535337248,-0.4485166912282956,-0.0386174937246575,True
2026-08-18 00:00:00+00:00,7766.0,7713.25,7770.5,7710.25,23,1,7766.0,7735.25,7735.75,7715.25,7725.0,7713.25,7768.5,7765.5,2026-08-17 00:00:00+00:00,1.0,0.006438735432356957,-0.4215743064941768,-0.395956734483649,0.006463915193433145,-0.2650033933361384,-0.025922685590229477,True
2026-08-19 00:00:00+00:00,7714.5,7730.5,7764.75,7698.25,23,2,7714.5,7699.5,7748.0,7731.25,7739.75,7730.5,7715.25,7713.25,2026-08-18 00:00:00+00:00,1.0,0.01620587949306973,0.42448397653997993,-0.19443904335990636,0.6299110331839719,-0.21618482188952015,-0.00970088924817647,True
2026-08-20 00:00:00+00:00,7733.0,7667.75,7746.5,7657.75,23,3,7733.0,7735.0,7697.0,7665.0,7704.0,7667.75,7731.25,7730.5,2026-08-19 00:00:00+00:00,1.0,0.03233943470668521,-0.4430072756669401,0.025863183757923736,-0.4912734324499013,-0.4157463946992346,0.035877364644498755,True
2026-08-21 00:00:00+00:00,7669.0,7691.25,7714.0,7661.25,23,4,7669.0,7668.5,7701.0,7691.5,7680.5,7691.25,7665.0,7667.75,2026-08-20 00:00:00+00:00,1.0,0.016302044276361727,0.4696673189823919,-0.006519754857214899,0.42381169720284717,-0.12336060251915137,-0.0032503412858320146,True
2026-08-24 00:00:00+00:00,7683.75,7674.25,7703.25,7655.0,23,0,7683.75,7676.5,7678.0,7669.75,7668.75,7674.25,7691.5,7691.25,2026-08-21 00:00:00+00:00,3.0,-0.09751340809360798,-0.17551842943509532,-0.09435496990402026,0.019540155018571426,-0.10744985673352137,0.058672055803654644,True
2026-08-25 00:00:00+00:00,7676.0,7690.75,7714.0,7660.25,23,1,7676.0,7680.25,7697.75,7691.0,7690.0,7690.75,7669.75,7674.25,2026-08-24 00:00:00+00:00,1.0,0.02280353128969459,0.365070569444903,0.055367378843151904,0.22785716610786988,-0.0876879607677572,-0.003250552593936362,True
2026-08-26 00:00:00+00:00,7692.25,7710.0,7710.25,7670.75,23,2,7692.25,7685.5,7679.5,7692.0,7701.25,7710.0,7691.0,7690.75,2026-08-25 00:00:00+00:00,1.0,0.019503949549792843,-0.1495254193212836,-0.08775065812993699,-0.07806909114566052,0.1627710137378724,0.23400936037440978,True
2026-08-27 00:00:00+00:00,7722.0,7733.0,7755.5,7702.75,23,3,7722.0,7712.25,7711.5,7741.25,7715.5,7733.0,7692.0,7710.0,2026-08-26 00:00:00+00:00,1.0,0.15564202334630295,0.2535101404056217,-0.12626262626262985,-0.00972478848585423,0.3857874602865907,-0.1065719360568429,True
2026-08-28 00:00:00+00:00,7733.5,7724.75,7782.5,7711.75,23,4,7733.5,7731.75,7749.75,7722.75,7745.25,7724.75,7741.25,7733.0,2026-08-27 00:00:00+00:00,1.0,0.006465795939480934,0.10980138866463207,-0.022628822654680025,0.23280628576971552,-0.34839833543017784,0.02589751060180223,True
2026-08-31 00:00:00+00:00,7708.0,7701.25,7718.5,7674.75,23,0,7708.0,7705.0,7693.75,7697.75,7689.75,7701.25,7722.75,7724.75,2026-08-28 00:00:00+00:00,3.0,-0.21683549629437637,-0.37551390372599913,-0.03892060197198122,-0.14600908500973508,0.05199025182778261,0.04546783150920497,False
2026-09-01 00:00:00+00:00,7701.25,7647.5,7708.0,7621.5,23,1,7701.25,7704.75,7647.25,7644.0,7647.5,7647.5,7697.75,7701.25,2026-08-31 00:00:00+00:00,1.0,0.0,-0.6560358546328526,0.04544716766758938,-0.7462928712807071,-0.04249893752655831,0.045787545787545625,False
2026-09-02 00:00:00+00:00,7645.0,7669.25,7691.25,7618.5,23,2,7645.0,7637.5,7640.0,7678.25,7656.5,7669.25,7644.0,7647.5,2026-09-01 00:00:00+00:00,1.0,-0.03269042170643832,-0.05232862375719183,-0.09810333551341088,0.03273322422259195,0.5006544502617727,-0.11721420896688706,True
2026-09-03 00:00:00+00:00,7673.25,7749.25,7766.5,7661.25,23,3,7673.25,7678.75,7701.25,7756.25,7720.75,7749.25,7678.25,7669.25,2026-09-02 00:00:00+00:00,1.0,0.05215633862503122,0.2995474229153805,0.07167758120745216,0.2930164414781,0.7141697776334999,-0.09024979854955761,True
2026-09-04 00:00:00+00:00,7749.75,7722.0,7764.0,7711.75,23,4,7749.75,7761.25,7738.5,7724.0,7745.25,7722.0,7756.25,7749.25,2026-09-03 00:00:00+00:00,1.0,0.006452237313281373,-0.22884770346495165,0.14839188360915578,-0.29312288613303483,-0.18737481424048186,-0.02589331952356222,True
2026-09-09 00:00:00+00:00,7680.0,7648.0,7691.25,7628.75,23,2,7680.0,7691.0,7655.5,7644.5,7660.75,7648.0,7681.0,7678.25,2026-09-08 00:00:00+00:00,1.0,0.022791651743570007,-0.331988022392915,0.14322916666666963,-0.46157846833961846,-0.14368754490236002,0.045784550984362404,True
2026-09-10 00:00:00+00:00,7648.25,7602.0,7666.25,7585.5,23,3,7648.25,7663.0,7601.5,7598.75,7586.75,7602.0,7644.5,7648.0,2026-09-09 00:00:00+00:00,1.0,0.0032688284518744837,-0.5624959120936635,0.19285457457587363,-0.8025577450084809,-0.03617707031506878,0.04277019246585745,True
2026-09-11 00:00:00+00:00,7599.5,7659.5,7683.5,7594.25,23,4,7599.5,7626.0,7676.25,7659.0,7681.25,7659.5,7598.75,7602.0,2026-09-10 00:00:00+00:00,1.0,-0.03288608260983983,1.0199045895706638,0.3487071517862983,0.6589299763965384,-0.22471910112359383,0.006528267397842846,True
2026-09-14 00:00:00+00:00,7609.5,7700.0,7719.75,7593.75,23,0,7609.5,7622.0,7606.5,7692.5,7615.75,7700.0,7659.0,7659.5,2026-09-11 00:00:00+00:00,3.0,-0.6527841242900956,-0.6854680767724219,0.16426834877456553,-0.20335869850433008,1.1306119765989608,0.09749756256094422,True
2026-09-15 00:00:00+00:00,7699.25,7663.75,7701.0,7643.5,23,1,7699.25,7675.0,7689.0,7656.75,7678.5,7663.75,7692.5,7700.0,2026-09-14 00:00:00+00:00,1.0,-0.009740259740265156,-0.045498862528436934,-0.314965743416562,0.18241042345277236,-0.41943035505267456,0.09142260097299015,True
2026-09-16 00:00:00+00:00,7663.25,7622.0,7699.0,7575.0,23,2,7663.25,7670.5,7679.25,7622.25,7684.5,7622.0,7656.75,7663.75,2026-09-15 00:00:00+00:00,1.0,-0.006524221171100297,0.2938583602703604,0.09460737937558861,0.11407339808355843,-0.7422599863267876,-0.003279871429040515,True
2026-09-17 00:00:00+00:00,7624.0,7702.25,7722.25,7617.5,23,3,7624.0,7657.0,7717.5,7707.25,7693.5,7702.25,7622.25,7622.0,2026-09-16 00:00:00+00:00,1.0,0.02623983206506697,1.2496310144642253,0.43284365162643557,0.7901266814679397,-0.13281503077421375,-0.064873982289404,True
2026-09-18 00:00:00+00:00,7703.5,7712.5,7739.25,7675.0,23,4,7703.5,7726.75,7700.75,7712.5,7692.75,7712.5,7707.25,7702.25,2026-09-17 00:00:00+00:00,1.0,0.01622902398650261,-0.08433617697621854,0.3018108651911433,-0.3364933510208057,0.15258254066161658,0.0,True
2026-09-21 00:00:00+00:00,7721.75,7829.25,7847.25,7721.25,23,0,7721.75,7745.5,7761.5,7833.25,7774.75,7829.25,7712.5,7712.5,2026-09-18 00:00:00+00:00,3.0,0.11993517017827582,0.6353322528362959,0.3075727652410487,0.20657155767864754,0.924434709785471,-0.05106437302524469,False
2026-09-22 00:00:00+00:00,7830.5,7827.75,7848.5,7810.5,23,1,7830.5,7838.25,7837.0,7831.0,7835.0,7827.75,7833.25,7829.25,2026-09-21 00:00:00+00:00,1.0,0.01596576939042471,0.04787284971117245,0.09897196858437152,-0.015947437246832674,-0.07655990812811542,-0.041501723917758415,True
2026-09-23 00:00:00+00:00,7829.75,7772.75,7843.25,7758.75,23,2,7829.75,7836.5,7823.25,7773.75,7801.75,7772.75,7831.0,7827.75,2026-09-22 00:00:00+00:00,1.0,0.02555012615375052,-0.09896564934235297,0.08620964909480389,-0.16908058444458085,-0.6327293643945908,-0.012863804470175655,True
2026-09-24 00:00:00+00:00,7774.75,7759.5,7783.5,7707.25,23,3,7774.75,7742.0,7734.75,7765.25,7747.75,7759.5,7773.75,7772.75,2026-09-23 00:00:00+00:00,1.0,0.025730918915445322,-0.5016883743367062,-0.4212354094986992,-0.09364505295789138,0.3943243155887455,-0.07404784134444897,True
2026-09-25 00:00:00+00:00,7759.0,7803.75,7814.75,7748.5,23,4,7759.0,7769.75,7785.0,7804.5,7787.5,7803.75,7765.25,7759.5,2026-09-24 00:00:00+00:00,1.0,-0.006443714156845193,0.25433823766136676,0.13854878205954435,0.1962740113903294,0.25048169556840527,-0.00960984047664315,True
2026-09-28 00:00:00+00:00,7791.0,7746.25,7792.25,7726.0,23,0,7791.0,7776.0,7780.5,7746.5,7773.0,7746.25,7804.5,7803.75,2026-09-25 00:00:00+00:00,3.0,-0.1633829889476246,-0.30751489525273623,-0.1925298421255328,0.057870370370372015,-0.43698991067412374,-0.003227263925642543,False
2026-09-29 00:00:00+00:00,7747.25,7738.25,7770.75,7712.25,23,1,7747.25,7728.75,7752.75,7732.75,7736.25,7738.25,7746.5,7746.25,2026-09-28 00:00:00+00:00,1.0,0.012909472325328686,0.08068159814109688,-0.23879441092000686,0.3105288694808417,-0.25797297733062274,0.07112605476706779,True
2026-09-30 00:00:00+00:00,7739.0,7721.0,7782.0,7705.5,23,2,7739.0,7746.0,7754.5,7713.25,7767.25,7721.0,7732.75,7738.25,2026-09-29 00:00:00+00:00,1.0,0.009692113850023887,0.2812712165788378,0.09045096265667407,0.10973405628711408,-0.5319491907924467,0.10047645285709006,True
2026-10-01 00:00:00+00:00,7719.5,7725.0,7767.75,7672.75,23,3,7719.5,7764.25,7733.5,7726.25,7711.5,7725.0,7713.25,7721.0,2026-09-30 00:00:00+00:00,1.0,-0.019427535293359277,0.2625352477878984,0.5797007578211,-0.39604597997230373,-0.09374797956940295,-0.016178611875106164,True
2026-10-02 00:00:00+00:00,7724.0,7777.25,7810.25,7723.25,23,4,7724.0,7744.5,7797.25,7779.0,7788.75,7777.25,7726.25,7725.0,2026-10-01 00:00:00+00:00,1.0,-0.012944983818774514,0.9189451545057459,0.2654065251165294,0.6811285428368619,-0.23405687902786632,-0.02249646484123735,True
2026-10-05 00:00:00+00:00,7786.75,7830.0,7847.5,7760.25,23,0,7786.75,7768.0,7768.25,7831.5,7787.75,7830.0,7779.0,7777.25,2026-10-02 00:00:00+00:00,3.0,0.12215114597062815,-0.13819256973903737,-0.24079365588981494,0.003218331616894332,0.8142116950407008,-0.019153418885275997,True
2026-10-06 00:00:00+00:00,7831.75,7880.5,7897.5,7829.0,23,1,7831.75,7836.75,7859.75,7873.25,7879.0,7880.5,7831.5,7830.0,2026-10-05 00:00:00+00:00,1.0,0.022349936143029048,0.3607227223392684,0.06384269160788492,0.2934890101126131,0.17176118833295284,0.09208395516464574,True
2026-10-07 00:00:00+00:00,7881.5,7850.25,7884.5,7815.75,23,2,7881.5,7876.75,7841.75,7851.25,7828.0,7850.25,7873.25,7880.5,2026-10-06 00:00:00+00:00,1.0,0.012689550155453588,-0.4000889086463677,-0.06026771553637733,-0.44434570095533976,0.12114642777441009,-0.012736825346282288,True
