tdate,open,close,high,low,nbars,dow,o18,o02,o09,c15,o10,c16,prev_c15,prev_close,prev_date,gapdays,wk_gap,on,asia,europe,us,post,filled
2024-10-03 00:00:00+00:00,20055.5,19958.25,20113.5,19852.0,23,3,20055.5,19938.0,19921.0,19988.0,20024.5,19958.25,20009.25,20056.25,2024-10-02 00:00:00+00:00,1.0,-0.003739482704889774,-0.4410460162174945,-0.5858741990975025,-0.08526431939011037,0.33632849756537464,-0.14883930358214892,True
2024-10-04 00:00:00+00:00,19965.5,20202.25,20263.75,19941.5,23,4,19965.5,20017.0,20245.0,20227.0,20086.5,20202.25,19988.0,19958.25,2024-10-03 00:00:00+00:00,1.0,0.03632583017048052,1.2857714628777162,0.2579449550474511,1.139031822950498,-0.08891084218325407,-0.12236120037573128,True
2024-10-07 00:00:00+00:00,20220.0,20017.0,20267.25,19948.0,23,0,20220.0,20189.0,20126.0,19987.0,20110.75,20017.0,20227.0,20202.25,2024-10-04 00:00:00+00:00,3.0,0.08786150057542574,-0.4993325752706723,-0.15331355093965993,-0.312051116944867,-0.6906489118553072,0.15009756341621827,True
2024-10-08 00:00:00+00:00,20025.75,20286.25,20329.5,19902.5,23,1,20025.75,19978.5,20064.75,20300.0,20155.75,20286.25,19987.0,20017.0,2024-10-07 00:00:00+00:00,1.0,0.04371284408253295,0.38900285185370365,-0.23594621924272197,0.43171409264959326,1.172454179593574,-0.06773399014777803,True
2024-10-09 00:00:00+00:00,20294.25,20449.25,20482.5,20196.0,23,2,20294.25,20231.75,20271.0,20458.25,20265.5,20449.25,20300.0,20286.25,2024-10-08 00:00:00+00:00,1.0,0.0394355782857847,-0.14285714285714457,-0.30796900599923127,0.19400200180410554,0.9237334122638163,-0.04399203255410766,True
2024-10-10 00:00:00+00:00,20445.25,20433.0,20508.25,20301.5,23,3,20445.25,20442.75,20361.25,20429.5,20357.5,20433.0,20458.25,20449.25,2024-10-09 00:00:00+00:00,1.0,-0.019560619582625893,-0.47413635086089867,-0.01222777906848549,-0.39867434665101786,0.3351955307262511,0.017132088401572432,True
2024-10-11 00:00:00+00:00,20435.0,20413.25,20494.25,20314.75,23,4,20435.0,20426.75,20369.25,20449.75,20358.5,20413.25,20429.5,20433.0,2024-10-10 00:00:00+00:00,1.0,0.009788087897022457,-0.29491666462713173,-0.04037191093712034,-0.2814936296767767,0.39520355437729915,-0.17848628956343981,True
2024-10-14 00:00:00+00:00,20432.5,20638.5,20680.0,20383.25,23,0,20432.5,20430.5,20538.75,20621.25,20671.75,20638.5,20449.75,20413.25,2024-10-11 00:00:00+00:00,3.0,0.09430149535227805,0.43521314441496983,-0.009788327419557596,0.5298450845549585,0.40167975168887704,0.08365157301326587,True
2024-10-15 00:00:00+00:00,20638.75,20333.25,20659.25,20254.0,23,1,20638.75,20608.75,20624.5,20343.5,20629.0,20333.25,20621.25,20638.5,2024-10-14 00:00:00+00:00,1.0,0.0012113283426540278,0.015760441292345106,-0.14535764036097687,0.0764238490932323,-1.3624572716914307,-0.0503846437437061,True
2024-10-16 00:00:00+00:00,20334.5,20328.0,20398.5,20206.25,23,2,20334.5,20391.75,20350.5,20347.0,20224.25,20328.0,20343.5,20333.25,2024-10-15 00:00:00+00:00,1.0,0.006147566178560382,0.03440902499569631,0.28154122304457907,-0.20228768987458068,-0.017198594629119768,-0.09337985943873583,True
2024-10-17 00:00:00+00:00,20328.0,20383.5,20594.75,20276.75,23,3,20328.0,20342.25,20559.25,20363.75,20434.25,20383.5,20347.0,20328.0,2024-10-16 00:00:00+00:00,1.0,0.0,1.0431513245195756,0.07010035419126037,1.0667453206995248,-0.9509101742524617,0.0969860659259636,False
2024-10-18 00:00:00+00:00,20384.0,20484.25,20529.75,20320.75,23,4,20384.0,20404.5,20478.75,20482.5,20476.0,20484.25,20363.75,20383.5,2024-10-17 00:00:00+00:00,1.0,0.002452964407484437,0.564728991467689,0.100569073783352,0.36389031831214336,0.01831166453030164,0.008543878921041248,True
2024-10-21 00:00:00+00:00,20496.25,20538.75,20554.5,20343.75,23,0,20496.25,20448.0,20400.75,20520.0,20493.5,20538.75,20482.5,20484.25,2024-10-18 00:00:00+00:00,3.0,0.05858159317524425,-0.3991212010252654,-0.23540891626516736,-0.23107394366197465,0.5845373331862858,0.09137426900585055,True
2024-10-22 00:00:00+00:00,20536.5,20519.0,20602.25,20360.25,23,1,20536.5,20453.25,20394.5,20540.0,20461.0,20519.0,20520.0,20538.75,2024-10-21 00:00:00+00:00,1.0,-0.010954902318782711,-0.611598440545813,-0.40537579431743076,-0.2872404141151197,0.7134276398048423,-0.10223953261927488,True
2024-10-23 00:00:00+00:00,20521.0,20274.5,20542.5,20079.0,23,2,20521.0,20508.0,20454.75,20218.5,20433.0,20274.5,20540.0,20519.0,2024-10-22 00:00:00+00:00,1.0,0.009747063697052027,-0.41504381694255077,-0.06334973929146281,-0.2596547688706874,-1.1549884501155017,0.27697405841184963,True
2024-10-24 00:00:00+00:00,20294.25,20391.0,20428.5,20261.75,23,3,20294.25,20323.0,20383.0,20380.0,20337.25,20391.0,20218.5,20274.5,2024-10-23 00:00:00+00:00,1.0,0.09741300648598017,0.8136112965848152,0.1416657427596446,0.29523200314913733,-0.014718147475833998,0.05397448478901001,True
2024-10-25 00:00:00+00:00,20388.5,20476.0,20707.25,20364.0,23,4,20388.5,20390.0,20492.0,20494.75,20649.25,20476.0,20380.0,20391.0,2024-10-24 00:00:00+00:00,1.0,-0.012260310921485829,0.5495583905789969,0.0073570885548157605,0.500245218244233,0.013419871169229047,-0.09148684419180153,True
2024-10-28 00:00:00+00:00,20525.5,20507.25,20676.5,20486.0,23,0,20525.5,20607.75,20658.75,20500.25,20555.5,20507.25,20494.75,20476.0,2024-10-25 00:00:00+00:00,3.0,0.2417464348505538,0.80020493053099,0.40072105429831417,0.24747971030316673,-0.7672293822230336,0.03414592504968894,False
2024-10-29 00:00:00+00:00,20513.0,20708.25,20760.25,20432.25,23,1,20513.0,20507.0,20489.25,20695.0,20515.0,20708.25,20500.25,20507.25,2024-10-28 00:00:00+00:00,1.0,0.02803886430409186,-0.053657882220947695,-0.029249744064741012,-0.08655581021114189,1.004185121466139,0.0640251268422265,True
2024-10-30 00:00:00+00:00,20734.0,20507.0,20788.5,20472.75,23,2,20734.0,20712.0,20689.0,20534.5,20631.5,20507.0,20695.0,20708.25,2024-10-29 00:00:00+00:00,1.0,0.12434657684738948,-0.028992510268177618,-0.10610591299314853,-0.1110467361915779,-0.7467736478321774,-0.1339209622829851,True
2024-10-31 00:00:00+00:00,20482.0,20043.0,20495.75,20008.5,23,3,20482.0,20392.5,20381.25,20012.75,20166.0,20043.0,20534.5,20507.0,2024-10-30 00:00:00+00:00,1.0,-0.1219095918466917,-0.7463049989042791,-0.4369690459915976,-0.055167340934170195,-1.8080343452928527,0.15115363955477967,False
2024-11-01 00:00:00+00:00,20071.0,20170.25,20288.0,20017.0,23,4,20071.0,20121.5,20113.5,20147.0,20171.75,20170.25,20012.75,20043.0,2024-10-31 00:00:00+00:00,1.0,0.1396996457616151,0.5034290639717165,0.2516067958746371,-0.03975846731109067,0.16655480150147284,0.11540179679356832,True
2024-11-04 00:00:00+00:00,20138.0,20114.5,20248.5,20013.25,23,0,20138.0,20237.0,20147.25,20085.25,20131.25,20114.5,20147.0,20170.25,2024-11-01 00:00:00+00:00,3.0,-0.15988894535268194,0.0012408795354135194,0.49160790545237365,-0.44349458911894235,-0.3077343061708149,0.1456292552992844,True
2024-11-05 00:00:00+00:00,20130.75,20362.75,20385.5,20041.75,23,1,20130.75,20118.25,20125.5,20341.75,20289.75,20362.75,20085.25,20114.5,2024-11-04 00:00:00+00:00,1.0,0.08078749161053445,0.20039581284774233,-0.0620940600822073,0.03603693164166977,1.0745074656530296,0.10323595560854937,True
2024-11-06 00:00:00+00:00,20360.5,20922.5,20935.25,20323.5,23,2,20360.5,20648.0,20686.75,20894.75,20676.0,20922.5,20341.75,20362.75,2024-11-05 00:00:00+00:00,1.0,-0.011049588095912721,1.6960192707117239,1.4120478377250167,0.18766950794266712,1.005474518713667,0.13280848059920025,True
2024-11-07 00:00:00+00:00,20923.5,21225.25,21253.0,20861.5,23,3,20923.5,20949.5,20985.5,21221.75,21108.75,21225.25,20894.75,20922.5,2024-11-06 00:00:00+00:00,1.0,0.004779543553601329,0.43431962574331795,0.12426219322771992,0.17184181006706378,1.1257773224369272,0.016492513576871204,True
2024-11-08 00:00:00+00:00,21224.25,21226.75,21265.0,21121.75,23,4,21224.25,21232.25,21162.5,21234.0,21208.5,21226.75,21221.75,21225.25,2024-11-07 00:00:00+00:00,1.0,-0.0047113697129619325,-0.2791946941227752,0.03769273354770064,-0.32850969633458904,0.3378617838157183,-0.0341433549967074,True
2024-11-11 00:00:00+00:00,21249.75,21210.25,21340.75,21098.25,23,0,21249.75,21287.25,21301.0,21219.75,21172.0,21210.25,21234.0,21226.75,2024-11-08 00:00:00+00:00,3.0,0.10835384597265296,0.3155316944522868,0.17647266438429732,0.06459265522789082,-0.3814374911976004,-0.04476961321410178,True
2024-11-12 00:00:00+00:00,21221.0,21178.0,21251.5,21054.75,23,1,21221.0,21209.0,21221.75,21185.0,21234.75,21178.0,21219.75,21210.25,2024-11-11 00:00:00+00:00,1.0,0.05068304239694843,0.009425181729283416,-0.05654775929503364,0.06011598849544608,-0.17317139255715874,-0.03304224687278312,True
2024-11-13 00:00:00+00:00,21178.0,21166.0,21268.5,21056.5,23,2,21178.0,21118.0,21174.25,21159.25,21140.75,21166.0,21185.0,21178.0,2024-11-12 00:00:00+00:00,1.0,0.0,-0.05074345055463558,-0.28331287184814036,0.2663604508002626,-0.07084076177432674,0.03190094166853896,False
2024-11-14 00:00:00+00:00,21167.0,20981.75,21190.25,20950.5,23,3,21167.0,21100.75,21134.75,21009.0,21091.75,20981.75,21159.25,21166.0,2024-11-13 00:00:00+00:00,1.0,0.004724558253799138,-0.11578860309321426,-0.31298719705201705,0.16113171332772236,-0.5949916606536654,-0.12970631634061647,True
2024-11-15 00:00:00+00:00,20977.5,20503.25,20981.5,20405.25,23,4,20977.5,20869.0,20811.25,20491.75,20690.25,20503.25,21009.0,20981.75,2024-11-14 00:00:00+00:00,1.0,-0.020255698404569866,-0.9412632681231825,-0.5172208318436455,-0.2767262446691232,-1.5352273409814376,0.05612014591238612,False
2024-11-18 00:00:00+00:00,20504.0,20630.5,20724.25,20476.0,23,0,20504.0,20649.25,20554.75,20631.5,20525.0,20630.5,20491.75,20503.25,2024-11-15 00:00:00+00:00,3.0,0.0036579566654149076,0.3074407993460815,0.7083983612953482,-0.45764374008741004,0.3733930113477335,-0.0048469573225462526,True
2024-11-19 00:00:00+00:00,20633.25,20754.5,20792.5,20382.5,23,1,20633.25,20677.75,20421.75,20765.75,20553.75,20754.5,20631.5,20630.5,2024-11-18 00:00:00+00:00,1.0,0.013329778725679198,-1.0166492984029274,0.2156713072346772,-1.2380457254778654,1.684478558399749,-0.05417574612041065,True
2024-11-20 00:00:00+00:00,20762.25,20738.75,20843.25,20477.25,23,2,20762.25,20830.25,20792.75,20751.25,20614.0,20738.75,20765.75,20754.5,2024-11-19 00:00:00+00:00,1.0,0.03734129947721154,0.13002179068899444,0.3275174896747668,-0.18002664394329848,-0.19958879898041015,-0.06023733510029938,True
2024-11-21 00:00:00+00:00,20738.0,20793.75,20905.75,20514.25,23,3,20738.0,20689.75,20844.75,20823.25,20668.75,20793.75,20751.25,20738.75,2024-11-20 00:00:00+00:00,1.0,-0.00361641854017547,0.45057526655021274,-0.23266467354614573,0.7491632330018483,-0.1031434773744011,-0.14166856758671686,True
2024-11-22 00:00:00+00:00,20794.0,20878.75,20880.0,20693.25,23,4,20794.0,20800.75,20784.5,20847.25,20853.0,20878.75,20823.25,20793.75,2024-11-21 00:00:00+00:00,1.0,0.0012022843402403893,-0.18609006759271463,0.03246128690967964,-0.07812218309436458,0.30190767158218,0.151099065824023,True
2024-11-25 00:00:00+00:00,20935.0,20899.5,21081.0,20780.25,23,0,20935.0,20958.75,20998.75,20878.25,20944.25,20899.5,20847.25,20878.75,2024-11-22 00:00:00+00:00,3.0,0.26941268035682864,0.7267145546774767,0.11344638165751153,0.1908510765193494,-0.5738436811714931,0.10178056111025402,True
2024-11-26 00:00:00+00:00,20906.25,20998.75,21024.75,20755.25,23,1,20906.25,20906.5,20943.25,20989.5,20974.0,20998.75,20878.25,20899.5,2024-11-25 00:00:00+00:00,1.0,0.03229742338333175,0.3113287751607574,0.0011958146487245358,0.17578265132853765,0.22083487519846123,0.044069653874556636,True
2024-11-27 00:00:00+00:00,20990.75,20806.5,21019.0,20675.25,23,2,20990.75,20970.25,20953.75,20816.5,20860.5,20806.5,20989.5,20998.75,2024-11-26 00:00:00+00:00,1.0,-0.03809750580391347,-0.1703232568665336,-0.09766206543357914,-0.0786828960074426,-0.6550140189703568,-0.0480388153628164,True
2024-12-02 00:00:00+00:00,20995.25,21211.0,21259.75,20940.0,23,0,20995.25,20953.25,21027.0,21217.0,21153.0,21211.0,,20990.5,2024-11-29 00:00:00+00:00,3.0,0.022629284676400907,,-0.20004524832998305,0.3519740374404945,0.9036001331621302,-0.028279210067394533,True
2024-12-03 00:00:00+00:00,21220.0,21324.25,21329.0,21134.25,23,1,21220.0,21226.75,21196.25,21279.0,21203.0,21324.25,21217.0,21211.0,2024-12-02 00:00:00+00:00,1.0,0.04243081420018946,-0.09779893481641766,0.031809613572097994,-0.1436866218333055,0.39039924514949753,0.2126509704403423,True
2024-12-04 00:00:00+00:00,21323.0,21517.0,21548.5,21305.75,23,2,21323.0,21353.25,21447.75,21537.0,21416.0,21517.0,21279.0,21324.25,2024-12-03 00:00:00+00:00,1.0,-0.005861870874712682,0.7930353870012619,0.14186559114570674,0.4425555828738048,0.41612756582858346,-0.09286344430514681,True
2024-12-05 00:00:00+00:00,21513.25,21453.25,21567.25,21437.5,23,3,21513.25,21503.5,21527.0,21475.25,21511.0,21453.25,21537.0,21517.0,2024-12-04 00:00:00+00:00,1.0,-0.017428080122694478,-0.04643172215257341,-0.04532090688297297,0.10928453507568214,-0.2403957820411584,-0.10244351055284096,True
2024-12-06 00:00:00+00:00,21450.0,21631.75,21669.25,21424.75,23,4,21450.0,21476.75,21490.75,21658.75,21607.5,21631.75,21475.25,21453.25,2024-12-05 00:00:00+00:00,1.0,-0.01514921981518036,0.07217610970768895,0.12470862470861377,0.0651867717415433,0.7817316752556369,-0.1246609338027338,True
2024-12-09 00:00:00+00:00,21649.0,21473.25,21706.25,21436.0,23,0,21649.0,21649.5,21620.5,21485.5,21623.25,21473.25,21658.75,21631.75,2024-12-06 00:00:00+00:00,3.0,0.07974389496920864,-0.17660298955387566,0.002309575500025751,-0.1339522852721764,-0.6244073911334191,-0.05701519629517371,True
2024-12-10 00:00:00+00:00,21479.25,21434.75,21606.75,21352.75,23,1,21479.25,21459.75,21501.75,21408.0,21546.5,21434.75,21485.5,21473.25,2024-12-09 00:00:00+00:00,1.0,0.027941741469028614,0.07563240324870435,-0.0907852927825692,0.19571523433403737,-0.43601102235864,0.12495328849029264,True
2024-12-11 00:00:00+00:00,21436.0,21755.75,21820.0,21405.75,23,2,21436.0,21445.25,21528.5,21791.25,21696.0,21755.75,21408.0,21434.75,2024-12-10 00:00:00+00:00,1.0,0.005831651873711152,0.5628736920777255,0.043151707408095596,0.3881978526713459,1.220475184058345,-0.1629094246543894,True
2024-12-12 00:00:00+00:00,21756.75,21630.25,21772.25,21604.25,23,3,21756.75,21761.25,21683.75,21643.25,21682.25,21630.25,21791.25,21755.75,2024-12-11 00:00:00+00:00,1.0,0.004596485986474441,-0.49331727184076524,0.020683236237029057,-0.3561376299615171,-0.1867758113794915,-0.060064916313395944,True
2024-12-13 00:00:00+00:00,21720.75,21760.5,21908.0,21666.5,23,4,21720.75,21745.75,21821.5,21797.5,21880.5,21760.5,21643.25,21630.25,2024-12-12 00:00:00+00:00,1.0,0.418395534032201,0.8235824102202693,0.11509731477965524,0.3483439292735424,-0.10998327337717884,-0.16974423672438954,False
2024-12-16 00:00:00+00:00,21780.25,22111.75,22152.5,21762.0,23,0,21780.25,21809.0,21910.75,22111.5,21971.5,22111.75,21797.5,21760.5,2024-12-13 00:00:00+00:00,3.0,0.0907607821511558,0.5195549948388667,0.1320003213920895,0.46655050667154807,0.9162169254817831,0.0011306333808303037,False
2024-12-17 00:00:00+00:00,22115.0,22005.0,22124.5,21942.25,23,1,22115.0,22092.75,22047.75,22015.75,22004.0,22005.0,22111.5,22111.75,2024-12-16 00:00:00+00:00,1.0,0.014698067769391976,-0.2883115121090851,-0.10061044539905195,-0.20368672980954905,-0.1451395267090705,-0.04882867946810476,True
2024-12-18 00:00:00+00:00,22010.0,21176.75,22083.75,21034.25,23,2,22010.0,22037.5,21987.75,21212.75,21991.5,21176.75,22015.75,22005.0,2024-12-17 00:00:00+00:00,1.0,0.022722108611672454,-0.12718167675414005,0.12494320763289934,-0.22575155984118078,-3.524689884140031,-0.16970925504707912,True
2024-12-19 00:00:00+00:00,21218.5,21145.5,21424.25,21080.0,23,3,21218.5,21213.5,21346.75,21110.75,21310.75,21145.5,21212.75,21176.75,2024-12-18 00:00:00+00:00,1.0,0.19715017649073463,0.6316955604530383,-0.023564342437021324,0.628137742475321,-1.1055547097333362,0.16460807882239248,True
2024-12-23 00:00:00+00:00,21566.0,21737.25,21776.75,21477.0,23,0,21566.0,21733.5,21572.5,21755.5,21633.0,21737.25,,20945.25,2024-12-20 00:00:00+00:00,3.0,2.9636791157899856,,0.776685523509224,-0.74079186509306,0.8483022366438719,-0.0838868332145859,False
2024-12-27 00:00:00+00:00,21990.75,21719.75,22008.0,21498.75,23,4,21990.75,21936.0,21894.25,21702.75,21695.25,21719.75,22007.0,21984.25,2024-12-26 00:00:00+00:00,1.0,0.029566621558618777,-0.5123369836870117,-0.24896831622386317,-0.19032640408460644,-0.8746588716215475,0.07833108707422376,True
2024-12-30 00:00:00+00:00,21711.0,21388.25,21742.75,21253.0,23,0,21711.0,21655.5,21378.75,21412.25,21288.75,21388.25,21702.75,21719.75,2024-12-27 00:00:00+00:00,3.0,-0.04028591489312339,-1.492898365414519,-0.255630786237393,-1.2779663364965055,0.15669765538208758,-0.1120853716914394,True
2024-12-31 00:00:00+00:00,21390.25,21234.25,21524.75,21182.0,23,1,21390.25,21380.25,21461.5,21220.75,21434.0,21234.25,21412.25,21388.25,2024-12-30 00:00:00+00:00,1.0,0.009350928664098035,0.23000852315846476,-0.046750271735951365,0.38002361992961475,-1.1217762039000045,0.06361697866474891,True
2025-01-03 00:00:00+00:00,21186.75,21493.0,21559.25,21144.0,23,4,21186.75,21237.25,21228.25,21508.0,21382.75,21493.0,21169.25,21182.5,2025-01-02 00:00:00+00:00,1.0,0.020063731854125244,0.2787061421637427,0.2383565199947979,-0.04237836819739327,1.3178194151661105,-0.06974149153803344,True
2025-01-06 00:00:00+00:00,21532.25,21780.5,21896.75,21478.25,23,0,21532.25,21549.0,21749.5,21750.0,21818.25,21780.5,21508.0,21493.0,2025-01-03 00:00:00+00:00,3.0,0.18261759642674846,1.1228380137623173,0.0777902913072337,0.9304376073135723,0.0022989034230702643,0.14022988505746348,True
2025-01-07 00:00:00+00:00,21781.25,21375.5,21806.0,21279.5,23,1,21781.25,21690.25,21778.25,21359.5,21709.75,21375.5,21750.0,21780.5,2025-01-06 00:00:00+00:00,1.0,0.003443447120132781,0.12988505747126844,-0.41779053084648465,0.4057122439805827,-1.9227899395038661,0.07490812050843232,True
2025-01-08 00:00:00+00:00,21380.75,21325.5,21448.25,21166.25,23,2,21380.75,21399.75,21376.75,21361.0,21343.5,21325.5,21359.5,21375.5,2025-01-07 00:00:00+00:00,1.0,0.024560828986452954,0.08076031742316747,0.08886498368860796,-0.10747789109686323,-0.07367817839475377,-0.16619072140817703,True
2025-01-10 00:00:00+00:00,21302.75,20997.75,21372.5,20874.75,23,4,21302.75,21244.0,21115.5,21016.25,21053.0,20997.75,,21301.5,2025-01-09 00:00:00+00:00,1.0,0.005868131352260164,,-0.27578599007170856,-0.6048766710600617,-0.470033861381447,-0.0880271218699824,True
2025-01-13 00:00:00+00:00,21027.5,20992.25,21037.0,20696.25,23,0,21027.5,20906.25,20810.0,20947.5,20802.0,20992.25,21016.25,20997.75,2025-01-10 00:00:00+00:00,3.0,0.14168184686453866,-0.9813834532802046,-0.5766258471049834,-0.46038863976083366,0.6607400288322962,0.21362931137367536,True
2025-01-14 00:00:00+00:00,21020.0,20977.5,21143.5,20773.5,23,1,21020.0,21047.0,21057.75,20923.5,20980.75,20977.5,20947.5,20992.25,2025-01-13 00:00:00+00:00,1.0,0.1321916421536562,0.5263157894736858,0.12844909609894817,0.051076162873564535,-0.6375324999109644,0.25808301670371403,True
2025-01-15 00:00:00+00:00,20977.0,21376.75,21452.75,20909.0,23,2,20977.0,20947.5,21281.5,21396.5,21328.25,21376.75,20923.5,20977.5,2025-01-14 00:00:00+00:00,1.0,-0.002383506137526581,1.7109948144431009,-0.14063021404395748,1.5944623463420404,0.5403754434602837,-0.09230481620825515,True
2025-01-16 00:00:00+00:00,21389.0,21214.25,21567.25,21172.25,23,3,21389.0,21440.5,21474.0,21247.75,21377.5,21214.25,21396.5,21376.75,2025-01-15 00:00:00+00:00,1.0,0.057305249862582563,0.3622087724627798,0.24077796998456247,0.15624635619504446,-1.0535997019651688,-0.15766375263263077,True
2025-01-17 00:00:00+00:00,21227.5,21586.25,21682.5,21209.25,23,4,21227.5,21288.75,21541.75,21600.25,21505.5,21586.25,21247.75,21214.25,2025-01-16 00:00:00+00:00,1.0,0.06245801760609293,1.38367591862667,0.2885408079142726,1.188421114438376,0.2715656805969857,-0.0648140646520301,True
2025-01-22 00:00:00+00:00,21809.25,21985.0,22093.5,21768.25,23,2,21809.25,21841.75,21930.5,21997.75,22013.75,21985.0,21714.5,21772.5,2025-01-21 00:00:00+00:00,1.0,0.16879090595935953,0.9947270257201435,0.14901933812487833,0.40633191021781645,0.30665055516290174,-0.05796047323021192,True
2025-01-23 00:00:00+00:00,21981.75,22021.75,22050.5,21855.5,23,3,21981.75,21943.0,21896.5,22041.75,21898.0,22021.75,21997.75,21985.0,2025-01-22 00:00:00+00:00,1.0,-0.01478280645894614,-0.4602743462399528,-0.17628259806430346,-0.2119126828601381,0.6633480236567513,-0.09073689702496779,True
2025-01-24 00:00:00+00:00,22018.5,21907.75,22078.25,21844.0,23,4,22018.5,22003.5,22010.75,21908.5,22058.0,21907.75,22041.75,22021.75,2025-01-23 00:00:00+00:00,1.0,-0.014758136841985792,-0.14064219038869563,-0.0681245316438428,0.03294930351989134,-0.4645457333348424,-0.003423328844964768,True
2025-01-27 00:00:00+00:00,21771.0,21304.5,21771.0,20763.75,23,0,21771.0,21388.75,21158.5,21258.25,21330.5,21304.5,21908.5,21907.75,2025-01-24 00:00:00+00:00,3.0,-0.6242083281030708,-3.4233288449688426,-1.7557760323365978,-1.0765004967564717,0.4714417373632429,0.21756259334611006,False
2025-01-28 00:00:00+00:00,21343.25,21558.5,21626.0,21159.5,23,1,21343.25,21289.5,21301.0,21576.25,21284.75,21558.5,21258.25,21304.5,2025-01-27 00:00:00+00:00,1.0,0.18188645591306063,0.20109839709290256,-0.251836060581212,0.05401723854481233,1.2921928547955597,-0.08226638085858662,True
2025-01-29 00:00:00+00:00,21559.0,21572.25,21695.0,21367.0,23,2,21559.0,21663.0,21602.25,21530.75,21518.75,21572.25,21576.25,21558.5,2025-01-28 00:00:00+00:00,1.0,0.0023192708212604884,0.12050286773650498,0.4823971427246221,-0.2804320731200627,-0.3309840410142484,0.19274758194676167,True
2025-01-30 00:00:00+00:00,21547.75,21608.75,21748.75,21420.0,23,3,21547.75,21641.5,21668.5,21624.75,21674.0,21608.75,21530.75,21572.25,2025-01-29 00:00:00+00:00,1.0,-0.11357183418512218,0.6397826364618053,0.4350802287941935,0.12476029850057024,-0.20190599256986186,-0.07398929467392623,True
2025-01-31 00:00:00+00:00,21680.0,21571.0,21965.75,21533.75,23,4,21680.0,21761.75,21791.25,21580.5,21868.25,21571.0,21624.75,21608.75,2025-01-30 00:00:00+00:00,1.0,0.3297275409267053,0.7699510977005497,0.3770756457564639,0.135558950911574,-0.9671313027017736,-0.04402122286323307,True
2025-02-03 00:00:00+00:00,21200.0,21553.25,21579.75,20943.0,23,0,21200.0,21068.0,21202.25,21406.25,21215.25,21553.25,21580.5,21571.0,2025-01-31 00:00:00+00:00,3.0,-1.7199017199017175,-1.752739741896625,-0.6226415094339632,0.6372223277007816,0.9621620346897064,0.6867153284671579,True
2025-02-04 00:00:00+00:00,21592.0,21583.5,21694.0,21242.5,23,1,21592.0,21400.5,21434.5,21668.0,21561.0,21583.5,21406.25,21553.25,2025-02-03 00:00:00+00:00,1.0,0.17978727106120473,0.13197080291971197,-0.8869025565024113,0.15887479264502513,1.0893652756070793,-0.38997600147683276,True
2025-02-05 00:00:00+00:00,21562.0,21770.5,21795.0,21429.75,23,2,21562.0,21518.0,21529.25,21761.5,21570.5,21770.5,21668.0,21583.5,2025-02-04 00:00:00+00:00,1.0,-0.09961313040053321,-0.6403452095255724,-0.20406270290325157,0.05228181057719272,1.0787649360753493,0.04135744319095913,True
2025-02-06 00:00:00+00:00,21764.5,21845.25,21882.25,21705.75,23,3,21764.5,21810.5,21775.75,21871.0,21789.5,21845.25,21761.5,21770.5,2025-02-05 00:00:00+00:00,1.0,-0.027560230587264645,0.06548261838568159,0.211353350639798,-0.1593269296898292,0.4374131775024992,-0.1177358145489471,True
2025-02-07 00:00:00+00:00,21817.75,21575.25,21968.0,21552.75,23,4,21817.75,21861.25,21878.5,21588.25,21904.0,21575.25,21871.0,21845.25,2025-02-06 00:00:00+00:00,1.0,-0.1258854899806594,0.03429198482007845,0.19937894604165063,0.0789067413802913,-1.3266448796763974,-0.060217942630824695,True
2025-02-10 00:00:00+00:00,21463.25,21837.0,21894.0,21418.0,23,0,21463.25,21694.75,21780.5,21843.0,21792.5,21837.0,21588.25,21575.25,2025-02-07 00:00:00+00:00,3.0,-0.5191133358825484,0.8905307285212993,1.0785878187133724,0.39525691699604515,0.2869539266775245,-0.027468754291992692,True
2025-02-11 00:00:00+00:00,21832.0,21792.5,21871.5,21669.5,23,1,21832.0,21771.5,21675.5,21790.5,21777.5,21792.5,21843.0,21837.0,2025-02-10 00:00:00+00:00,1.0,-0.022896918074821748,-0.7668360573181321,-0.2771161597654781,-0.4409434352249497,0.5305529284214794,0.009178311649571391,True
2025-02-12 00:00:00+00:00,21794.25,21861.75,21862.5,21510.75,23,2,21794.25,21783.75,21544.75,21801.75,21677.25,21861.75,21790.5,21792.5,2025-02-11 00:00:00+00:00,1.0,0.008030285648730207,-1.1277850439411652,-0.04817784507381573,-1.0971481035175312,1.192866011441307,0.27520726547181074,True
2025-02-13 00:00:00+00:00,21861.25,22075.0,22123.75,21753.0,23,3,21861.25,21890.0,21877.5,22110.0,21919.5,22075.0,21801.75,21861.75,2025-02-12 00:00:00+00:00,1.0,-0.002287099614628474,0.3474491726581652,0.13151123563381883,-0.057103700319782735,1.0627356873500249,-0.15829941203076014,True
2025-02-14 00:00:00+00:00,22071.0,22203.5,22225.0,22042.5,23,4,22071.0,22132.25,22105.25,22194.5,22127.5,22203.5,22110.0,22075.0,2025-02-13 00:00:00+00:00,1.0,-0.01812004530011846,-0.021483491632745544,0.27751347922613245,-0.12199392289532485,0.40375024032752727,0.04055058685710211,True
2025-02-19 00:00:00+00:00,22224.5,22222.25,22299.75,22118.0,23,2,22224.5,22256.0,22204.5,22246.75,22168.25,22222.25,22239.0,22224.25,2025-02-18 00:00:00+00:00,1.0,0.001124897353110832,-0.1551328746796199,0.14173547211411286,-0.231398274622574,0.19027674570470943,-0.11012844572803049,True
2025-02-20 00:00:00+00:00,22213.0,22135.75,22235.5,21951.0,23,3,22213.0,22159.0,22203.25,22145.0,22011.0,22135.75,22246.75,22222.25,2025-02-19 00:00:00+00:00,1.0,-0.04162494796881022,-0.1955341791497589,-0.24310088686805287,0.19969312694616548,-0.2623489804420509,-0.041770151275688505,True
2025-02-21 00:00:00+00:00,22136.0,21660.0,22245.5,21652.75,23,4,22136.0,22153.0,22224.0,21682.5,22096.25,21660.0,22145.0,22135.75,2025-02-20 00:00:00+00:00,1.0,0.0011293947573598473,0.35673967035447784,0.07679797614745798,0.32049835236762636,-2.436555075593949,-0.10377032168800149,True
2025-02-24 00:00:00+00:00,21700.75,21427.25,21812.75,21407.5,23,0,21700.75,21786.25,21794.75,21421.25,21567.75,21427.25,21682.5,21660.0,2025-02-21 00:00:00+00:00,3.0,0.1881348107109826,0.5176986048656795,0.3939955992304345,0.039015434046696384,-1.7137154589981551,0.028009569936404688,True
2025-02-25 00:00:00+00:00,21442.5,21196.0,21453.75,20990.0,23,1,21442.5,21421.75,21404.25,21150.0,21259.75,21196.0,21421.25,21427.25,2025-02-24 00:00:00+00:00,1.0,0.07117105554843572,-0.07936044815312071,-0.09677043255217344,-0.08169267216731058,-1.1878482077157582,0.21749408983451346,True
2025-02-26 00:00:00+00:00,21230.5,21272.75,21409.0,21055.0,23,2,21230.5,21277.0,21272.75,21191.25,21301.75,21272.75,21150.0,21196.0,2025-02-25 00:00:00+00:00,1.0,0.1627665597282446,0.5803782505910071,0.21902451661524047,-0.019974620482210437,-0.3831192488042201,0.3845926974576752,True
2025-02-27 00:00:00+00:00,21249.0,20633.25,21386.5,20583.25,23,3,21249.0,21281.5,21307.25,20608.5,21006.5,20633.25,21191.25,21272.75,2025-02-26 00:00:00+00:00,1.0,-0.11164517986625988,0.5473957411667563,0.1529483740411397,0.12099711016611003,-3.279400204155858,0.12009607686149781,True
2025-02-28 00:00:00+00:00,20649.5,20909.0,20944.25,20460.5,23,4,20649.5,20595.25,20601.0,20920.75,20591.75,20909.0,20608.5,20633.25,2025-02-27 00:00:00+00:00,1.0,0.07875637623737664,-0.036392750564084864,-0.26271822562289326,0.027919059006320524,1.5521091209164561,-0.056164334452635245,True
2025-03-03 00:00:00+00:00,21005.25,20530.75,21121.0,20316.75,23,0,21005.25,21009.0,21065.25,20473.0,20845.0,20530.75,20920.75,20909.0,2025-02-28 00:00:00+00:00,3.0,0.46032808838298855,0.690701815183492,0.017852679687213602,0.2677423961159553,-2.811502355775508,0.28207883553950097,True
2025-03-04 00:00:00+00:00,20527.0,20537.0,20732.5,20075.25,23,1,20527.0,20560.0,20324.5,20397.5,20230.5,20537.0,20473.0,20530.75,2025-03-03 00:00:00+00:00,1.0,-0.018265284999330333,-0.7253455771015438,0.16076387197350162,-1.1454280155641983,0.35917242736598354,0.6839073415859875,True
2025-03-05 00:00:00+00:00,20555.0,20611.75,20725.0,20215.0,23,2,20555.0,20549.0,20419.75,20657.5,20322.75,20611.75,20397.5,20537.0,2025-03-04 00:00:00+00:00,1.0,0.08764668646832341,0.10908199534256369,-0.029189978107513337,-0.628984378801889,1.1643139607487862,-0.22146920004840753,True
2025-03-06 00:00:00+00:00,20605.25,20173.5,20647.5,20003.0,23,3,20605.25,20635.75,20325.75,20093.5,20282.75,20173.5,20657.5,20611.75,2025-03-05 00:00:00+00:00,1.0,-0.03153541062743681,-1.6059542539029414,0.14802052874873795,-1.502247313521432,-1.1426392630038307,0.39813870157014986,True
2025-03-07 00:00:00+00:00,20214.5,20207.25,20286.25,19765.75,23,4,20214.5,20128.0,20066.0,20225.0,20139.5,20207.25,20093.5,20173.5,2025-03-06 00:00:00+00:00,1.0,0.20323691972141678,-0.13686017866474387,-0.4279106581908998,-0.30802861685215177,0.7923851290740469,-0.08776266996292081,True
2025-03-10 00:00:00+00:00,20147.0,19472.0,20156.5,19272.5,23,0,20147.0,20091.75,19914.0,19464.0,19791.0,19472.0,20225.0,20207.25,2025-03-07 00:00:00+00:00,3.0,-0.2981603137487743,-1.5377008652657564,-0.27423437732665423,-0.8846914778453896,-2.2597167821633013,0.04110152075627038,False
2025-03-11 00:00:00+00:00,19440.0,19401.25,19686.75,19139.25,23,1,19440.0,19475.75,19453.75,19393.25,19523.25,19401.25,19464.0,19472.0,2025-03-10 00:00:00+00:00,1.0,-0.16433853738702098,-0.05266132346897212,0.18389917695473823,-0.11296098994904025,-0.3109940242883802,0.04125146636071442,True
2025-03-12 00:00:00+00:00,19412.75,19572.75,19788.5,19387.0,23,2,19412.75,19480.25,19722.5,19609.5,19643.25,19572.75,19393.25,19401.25,2025-03-11 00:00:00+00:00,1.0,0.059274531280206766,1.6977556624083068,0.34770962382970616,1.2435672026796407,-0.572949676765111,-0.18740916392564477,True
2025-03-13 00:00:00+00:00,19572.0,19293.0,19694.0,19170.0,23,3,19572.0,19465.75,19556.0,19251.5,19367.5,19293.0,19609.5,19572.75,2025-03-12 00:00:00+00:00,1.0,-0.003831858067981919,-0.27282694612305036,-0.5428673615368917,0.46363484581892767,-1.5570668848435276,0.21556761810768155,True
2025-03-14 00:00:00+00:00,19312.75,19665.0,19742.5,19296.75,23,4,19312.75,19410.5,19495.75,19705.25,19545.25,19665.0,19251.5,19293.0,2025-03-13 00:00:00+00:00,1.0,0.10236873477427189,1.2687323065735168,0.5061423153098321,0.4391952809046584,1.0745931805649978,-0.20426028596439716,False
2025-03-17 00:00:00+00:00,19668.25,19831.25,19959.25,19550.5,23,0,19668.25,19594.0,19751.25,19832.5,19790.0,19831.25,19705.25,19665.0,2025-03-14 00:00:00+00:00,3.0,0.016526824307150356,0.23344032681644755,-0.37751197996771513,0.8025415943656133,0.41136636921714764,-0.006302785831335811,True
2025-03-18 00:00:00+00:00,19821.0,19496.75,19858.0,19397.75,23,1,19821.0,19743.75,19699.0,19500.25,19469.25,19496.75,19832.5,19831.25,2025-03-17 00:00:00+00:00,1.0,-0.05168610148125197,-0.6731375267868378,-0.3897381565006852,-0.22665400443178108,-1.008934463678357,-0.01794848783990277,True
2025-03-19 00:00:00+00:00,19496.75,19739.0,19935.0,19455.5,23,2,19496.75,19531.75,19557.75,19748.5,19618.75,19739.0,19500.25,19496.75,2025-03-18 00:00:00+00:00,1.0,0.0,0.2948680145126392,0.17951709900367874,0.1331165922152433,0.9753166903145871,-0.0481049193609695,False
2025-03-20 00:00:00+00:00,19746.75,19690.5,19898.75,19530.25,23,3,19746.75,19877.75,19623.0,19681.0,19728.5,19690.5,19748.5,19739.0,2025-03-19 00:00:00+00:00,1.0,0.03926237398044208,-0.635491303136948,0.6634003063795246,-1.2815836802455016,0.29557152321255664,0.048269904984499235,True
2025-03-24 00:00:00+00:00,20050.5,20357.25,20409.5,20050.5,23,0,20050.5,20116.5,20272.75,20365.75,20315.5,20357.25,,19970.75,2025-03-21 00:00:00+00:00,3.0,0.3993340260130429,,0.32916884865714646,0.7767255735341649,0.4587438803319799,-0.041736739378617216,False
2025-03-25 00:00:00+00:00,20353.0,20517.25,20524.75,20293.25,23,1,20353.0,20341.5,20407.0,20488.0,20414.5,20517.25,20365.75,20357.25,2025-03-24 00:00:00+00:00,1.0,-0.0208770831030769,0.20254594110209467,-0.05650272687073299,0.3220018189415752,0.3969226245895907,0.14276649746192138,True
2025-03-26 00:00:00+00:00,20511.5,20090.5,20536.75,20045.0,23,2,20511.5,20460.0,20480.0,20112.5,20316.5,20090.5,20488.0,20517.25,2025-03-25 00:00:00+00:00,1.0,-0.02802519830874539,-0.03904724716907726,-0.2510786631889417,0.09775171065493637,-1.79443359375,-0.1093847110006263,True
2025-03-27 00:00:00+00:00,20046.0,19997.25,20199.5,19937.25,23,3,20046.0,20114.5,20065.5,19994.75,20076.5,19997.25,20112.5,20090.5,2025-03-26 00:00:00+00:00,1.0,-0.22149772280430913,-0.23368551895587286,0.34171405766736385,-0.24360535931789995,-0.35259525055443275,0.012503282111553382,True
2025-03-28 00:00:00+00:00,19995.25,19371.25,20011.75,19367.0,23,4,19995.25,19974.5,19864.75,19461.75,19856.75,19371.25,19994.75,19997.25,2025-03-27 00:00:00+00:00,1.0,-0.010001375189083728,-0.6501706698008203,-0.10377464647853829,-0.5494505494505475,-2.0287192136825283,-0.4650147083381517,True
2025-03-31 00:00:00+00:00,19319.75,19413.0,19489.75,18977.0,23,0,19319.75,19237.25,19220.0,19449.75,19090.0,19413.0,19461.75,19371.25,2025-03-28 00:00:00+00:00,3.0,-0.2658579079821921,-1.242180173930918,-0.4270241592153057,-0.08966978128370773,1.195369406867841,-0.18894844406740496,True
2025-04-01 00:00:00+00:00,19411.25,19598.0,19644.0,19261.25,23,1,19411.25,19359.25,19383.5,19603.25,19410.5,19598.0,19449.75,19413.0,2025-03-31 00:00:00+00:00,1.0,-0.009014577860200212,-0.3406213447473605,-0.2678858909137771,0.12526311711456017,1.1336961848995353,-0.026781273513321047,True
2025-04-02 00:00:00+00:00,19600.5,19152.25,20044.25,19076.75,23,2,19600.5,19557.25,19386.5,19746.5,19530.75,19152.25,19603.25,19598.0,2025-04-01 00:00:00+00:00,1.0,0.012756403714675457,-1.1056840064785134,-0.2206576362847934,-0.8730777588873639,1.85696231913961,-3.0093940698351584,True
2025-04-03 00:00:00+00:00,19020.0,18648.5,19177.0,18614.0,23,3,19020.0,19044.25,18850.0,18686.0,18984.5,18648.5,19746.5,19152.25,2025-04-02 00:00:00+00:00,1.0,-0.6905193906721174,-4.5400450712784535,0.12749737118822324,-1.0199929112461814,-0.8700265251989414,-0.20068500481643659,True
2025-04-04 00:00:00+00:00,18660.0,17493.0,18713.0,17387.5,23,4,18660.0,18640.25,18208.75,17535.25,18195.0,17493.0,18686.0,18648.5,2025-04-03 00:00:00+00:00,1.0,0.06166715821647184,-2.5540511612972328,-0.10584137191854692,-2.31488311583804,-3.698771195167161,-0.24094324289645197,True
2025-04-07 00:00:00+00:00,17100.0,17628.75,18361.5,16460.0,23,0,17100.0,16750.75,17168.0,17561.5,17273.0,17628.75,17535.25,17493.0,2025-04-04 00:00:00+00:00,3.0,-2.246612930886638,-2.0943528036383885,-2.0423976608187178,2.4909332417951457,2.2920549860204975,0.38293995387637114,True
2025-04-08 00:00:00+00:00,17665.0,17232.0,18356.75,16973.5,23,1,17665.0,17750.0,17982.0,17237.0,18247.75,17232.0,17561.5,17628.75,2025-04-07 00:00:00+00:00,1.0,0.20563000779976193,2.394442388178697,0.4811774695725912,1.307042253521118,-4.143031920809703,-0.02900736787143643,True
2025-04-09 00:00:00+00:00,17220.25,19353.5,19386.75,16735.0,23,2,17220.25,16895.75,17128.25,19271.5,17446.75,19353.5,17237.0,17232.0,2025-04-08 00:00:00+00:00,1.0,-0.06818709377901522,-0.630910251203809,-1.8844093436506393,1.3760857020256534,12.512953746004406,0.42549879355524567,True
2025-04-10 00:00:00+00:00,19266.75,18501.5,19383.5,17919.0,23,3,19266.75,19153.75,18822.5,18482.0,18661.25,18501.5,19271.5,19353.5,2025-04-09 00:00:00+00:00,1.0,-0.44823933655411263,-2.329865345198867,-0.5865026535352369,-1.7294263525419296,-1.8090051799707796,0.10550806189806305,True
2025-04-11 00:00:00+00:00,18464.75,18820.5,18873.5,18067.25,23,4,18464.75,18697.25,18491.25,18810.0,18562.0,18820.5,18482.0,18501.5,2025-04-10 00:00:00+00:00,1.0,-0.19863254330729774,0.05004869602855955,1.2591559593279067,-1.1017663025311264,1.723788278239713,0.05582137161084244,True
2025-04-14 00:00:00+00:00,19225.0,18902.5,19256.0,18737.5,23,0,19225.0,19088.25,19185.5,18940.25,19046.75,18902.5,18810.0,18820.5,2025-04-11 00:00:00+00:00,3.0,2.149252145267133,1.9962785752259515,-0.7113133940182093,0.5094757245949655,-1.2783091397148838,-0.19931099114319784,True
2025-04-15 00:00:00+00:00,18902.5,18938.0,19144.5,18809.0,23,1,18902.5,18890.25,18936.25,18960.5,19068.25,18938.0,18940.25,18902.5,2025-04-14 00:00:00+00:00,1.0,0.0,-0.021119045419148996,-0.06480624256051115,0.2435118645862211,0.1280612581688656,-0.11866775665199114,False
2025-04-16 00:00:00+00:00,18790.0,18369.25,18861.25,18116.25,23,2,18790.0,18526.75,18636.5,18388.25,18522.75,18369.25,18960.5,18938.0,2025-04-15 00:00:00+00:00,1.0,-0.7814975182173445,-1.7088156957886125,-1.4010111761575295,0.5923866841189174,-1.3320634239261664,-0.10332685274564435,False
2025-04-17 00:00:00+00:00,18391.25,18427.75,18652.75,18261.5,23,3,18391.25,18551.5,18529.75,18373.25,18466.25,18427.75,18388.25,18369.25,2025-04-16 00:00:00+00:00,1.0,0.11976536875484278,0.76951314018463,0.871338272276212,-0.11724119343449191,-0.8445877575250615,0.2966268896357427,True
2025-04-21 00:00:00+00:00,18306.25,17914.0,18383.5,17700.0,23,0,18306.25,18245.0,18121.25,17923.0,17994.5,17914.0,18373.25,18427.75,2025-04-17 00:00:00+00:00,4.0,-0.6593317143981259,-1.371559196113914,-0.33458518265619963,-0.6782680186352419,-1.0940194523004765,-0.050214807788873106,False
2025-04-22 00:00:00+00:00,17914.0,18359.0,18513.75,17863.75,23,1,17914.0,17997.25,18138.0,18379.5,18253.75,18359.0,17923.0,17914.0,2025-04-21 00:00:00+00:00,1.0,0.0,1.1995759638453452,0.4647203304677827,0.7820639264332074,1.331458815745945,-0.11153731059060368,False
2025-04-23 00:00:00+00:00,18646.0,18850.0,19165.5,18623.75,23,2,18646.0,18739.75,18966.75,18788.0,19074.25,18850.0,18379.5,18359.0,2025-04-22 00:00:00+00:00,1.0,1.5632659730922205,3.195135885089373,0.5027888018878102,1.2113288597766836,-0.9424387414817992,0.3299978709814688,False
2025-04-24 00:00:00+00:00,18826.5,19347.5,19418.0,18594.75,23,3,18826.5,18711.5,18853.0,19319.0,19052.5,19347.5,18788.0,18850.0,2025-04-23 00:00:00+00:00,1.0,-0.1246684350132643,0.345965509899937,-0.6108411016386484,0.7562194372444653,2.4717551583302466,0.14752316372483865,True
2025-04-25 00:00:00+00:00,19405.0,19554.75,19589.0,19216.25,23,4,19405.0,19412.25,19245.0,19531.0,19257.0,19554.75,19319.0,19347.5,2025-04-24 00:00:00+00:00,1.0,0.2971960201576529,-0.38304260054867756,0.03736150476680855,-0.8615693698566629,1.4861002857885275,0.12160155649991733,True
2025-04-28 00:00:00+00:00,19524.5,19483.75,19623.0,19257.25,23,0,19524.5,19416.75,19540.0,19524.5,19464.5,19483.75,19531.0,19554.75,2025-04-25 00:00:00+00:00,3.0,-0.15469387233281173,0.046080589831554164,-0.5518707265230849,0.6347612242007639,-0.07932446264073967,-0.20871213091244734,True
2025-04-29 00:00:00+00:00,19478.25,19614.25,19688.5,19378.0,23,1,19478.25,19531.5,19450.5,19645.0,19506.0,19614.25,19524.5,19483.75,2025-04-28 00:00:00+00:00,1.0,-0.028228652081863093,-0.37901098619682605,0.27338184898539897,-0.41471469165195174,0.9999742937199629,-0.1565283787223204,True
2025-04-30 00:00:00+00:00,19599.75,19848.5,19880.0,19103.75,23,2,19599.75,19536.75,19285.5,19642.5,19120.25,19848.5,19645.0,19614.25,2025-04-29 00:00:00+00:00,1.0,-0.07392584473023822,-1.8299821837617691,-0.3214326713350979,-1.286037851740951,1.8511316792408694,1.0487463408425546,True
2025-05-01 00:00:00+00:00,19834.0,19799.0,20125.75,19757.25,23,3,19834.0,19922.25,19954.0,19878.0,19877.0,19799.0,19642.5,19848.5,2025-04-30 00:00:00+00:00,1.0,-0.07305337934856437,1.5858470154002768,0.4449430271251442,0.15936954912221246,-0.3808760148341195,-0.3974242881577661,True
2025-05-02 00:00:00+00:00,19782.5,20204.5,20276.75,19749.5,23,4,19782.5,19948.75,20095.75,20185.5,20073.25,20204.5,19878.0,19799.0,2025-05-01 00:00:00+00:00,1.0,-0.08333754230012147,1.0954321360297836,0.8403892329078788,0.7368882762077922,0.4466118457882917,0.0941269723316207,True
2025-05-05 00:00:00+00:00,20181.5,20042.25,20201.75,19966.0,23,0,20181.5,20062.0,20004.25,20065.5,20059.25,20042.25,20185.5,20204.5,2025-05-02 00:00:00+00:00,3.0,-0.11383602662773384,-0.8979217755319402,-0.592126452444075,-0.28785764131192826,0.30618493570115923,-0.11587052403378983,False
2025-05-06 00:00:00+00:00,20014.25,19846.75,20036.75,19739.25,23,1,20014.25,19922.5,19840.5,19875.5,19757.5,19846.75,20065.5,20042.25,2025-05-05 00:00:00+00:00,1.0,-0.13970487345482674,-1.1213276519398963,-0.45842337334649486,-0.4115949303551303,0.17640684458557487,-0.14465044904530266,False
2025-05-07 00:00:00+00:00,19809.0,19957.5,20133.75,19678.75,23,2,19809.0,19978.25,19932.25,19949.5,19936.75,19957.5,19875.5,19846.75,2025-05-06 00:00:00+00:00,1.0,-0.19020746469825545,0.2855274081155157,0.854409611792617,-0.23025039730707464,0.08654316497134218,0.040101255670577096,True
2025-05-08 00:00:00+00:00,19934.5,20156.25,20337.25,19910.75,23,3,19934.5,20155.5,20175.25,20152.5,20090.5,20156.25,19949.5,19957.5,2025-05-07 00:00:00+00:00,1.0,-0.11524489540273297,1.1316073084538525,1.1086307657578676,0.09798814219443841,-0.1127619236440669,0.01860811313731947,True
2025-05-09 00:00:00+00:00,20157.0,20146.5,20288.75,20058.0,23,4,20157.0,20193.0,20232.75,20136.25,20254.0,20146.5,20152.5,20156.25,2025-05-08 00:00:00+00:00,1.0,0.0037209302325535987,0.39821362113880987,0.1785980056556058,0.19685039370078705,-0.4769495001915258,0.050903221801479326,True
2025-05-12 00:00:00+00:00,20398.5,20957.0,20996.0,20376.75,23,0,20398.5,20553.25,20916.5,20950.25,20796.25,20957.0,20136.25,20146.5,2025-05-09 00:00:00+00:00,3.0,1.2508376144739763,3.874852566888065,0.7586342133000024,1.7673603931251725,0.1613558673774218,0.032219185928572536,False
2025-05-13 00:00:00+00:00,20954.75,21254.75,21346.5,20818.0,23,1,20954.75,20861.25,21006.25,21291.25,21125.0,21254.75,20950.25,20957.0,2025-05-12 00:00:00+00:00,1.0,-0.01073626950421902,0.2672999128888742,-0.44619954902825887,0.6950686080651858,1.3567390657542422,-0.17143192626078996,True
2025-05-14 00:00:00+00:00,21250.0,21399.75,21419.5,21238.25,23,2,21250.0,21317.5,21325.0,21396.5,21331.75,21399.75,21291.25,21254.75,2025-05-13 00:00:00+00:00,1.0,-0.022347945753298237,0.1585158222274341,0.3176470588235336,0.03518236190922508,0.3352872215709235,0.015189400135540154,True
2025-05-15 00:00:00+00:00,21379.75,21395.5,21529.75,21192.0,23,3,21379.75,21331.25,21288.0,21418.5,21299.0,21395.5,21396.5,21399.75,2025-05-14 00:00:00+00:00,1.0,-0.09345903573639847,-0.5070922814478962,-0.22685017364562077,-0.20275417521242733,0.6130214205186002,-0.10738380372108391,True
2025-05-16 00:00:00+00:00,21396.0,21400.25,21512.0,21320.5,23,4,21396.0,21387.75,21438.75,21504.75,21435.75,21400.25,21418.5,21395.5,2025-05-15 00:00:00+00:00,1.0,0.0023369400107497995,0.09454443588485795,-0.038558609085814766,0.23845425535644615,0.3078537694594985,-0.4859391529778323,True
2025-05-19 00:00:00+00:00,21310.75,21517.0,21544.5,21112.5,23,0,21310.75,21247.25,21212.5,21523.25,21356.0,21517.0,21504.75,21400.25,2025-05-16 00:00:00+00:00,3.0,-0.4182194133246053,-1.3590020809356118,-0.2979716809591415,-0.16355057713350885,1.4649381261048866,-0.029038365488487372,True
2025-05-20 00:00:00+00:00,21513.0,21420.0,21562.25,21298.0,23,1,21513.0,21419.0,21435.5,21447.0,21394.75,21420.0,21523.25,21517.0,2025-05-19 00:00:00+00:00,1.0,-0.01858995213087633,-0.4076986514583103,-0.436945102960995,0.07703440870254763,0.05364932005318401,-0.12589173310952884,True
2025-05-21 00:00:00+00:00,21414.75,21145.5,21558.5,21072.75,23,2,21414.75,21330.5,21312.75,21149.0,21374.25,21145.5,21447.0,21420.0,2025-05-20 00:00:00+00:00,1.0,-0.02450980392156854,-0.6259616729612505,-0.3934204228393967,-0.08321417688286203,-0.7683194332031351,-0.01654924582722428,True
2025-05-22 00:00:00+00:00,21145.0,21214.5,21337.5,21040.0,23,3,21145.0,21198.25,21191.25,21184.25,21285.75,21214.5,21149.0,21145.5,2025-05-21 00:00:00+00:00,1.0,-0.002364569293700214,0.1997730389143637,0.25183258453536084,-0.033021593763638,-0.033032501622132227,0.14279476497869314,True
2025-05-23 00:00:00+00:00,21223.75,20953.25,21236.0,20727.25,23,4,21223.75,21152.0,20801.75,20978.5,20888.25,20953.25,21184.25,21214.5,2025-05-22 00:00:00+00:00,1.0,0.04360225317590061,-1.8055866976645407,-0.33806466811944214,-1.655871785173979,0.8496881272008316,-0.1203613223061728,True
2025-05-26 00:00:00+00:00,20978.0,21283.5,21307.75,20954.25,19,0,20978.0,21202.0,21263.0,,21280.5,,20978.5,20953.25,2025-05-23 00:00:00+00:00,3.0,0.1181201007003585,1.3561503444002199,1.0677852988845382,0.28770870672578663,,,False
2025-05-27 00:00:00+00:00,21281.25,21477.0,21488.5,21141.5,23,1,21281.25,21207.75,21276.75,21466.5,21292.5,21477.0,,21283.5,2025-05-26 00:00:00+00:00,1.0,-0.010571569525685831,,-0.3453744493392086,0.32535276019378667,0.891818534315636,0.04891342324087056,True
2025-05-28 00:00:00+00:00,21480.0,21379.75,21567.5,21321.25,23,2,21480.0,21452.75,21507.0,21372.5,21477.5,21379.75,21466.5,21477.0,2025-05-27 00:00:00+00:00,1.0,0.013968431345157128,0.1886660610719071,-0.12686219739291849,0.2528813322301371,-0.62537778397731,0.03392209615160624,True
2025-05-29 00:00:00+00:00,21513.0,21385.0,21858.75,21301.0,23,3,21513.0,21804.75,21645.5,21411.75,21517.5,21385.0,21372.5,21379.75,2025-05-28 00:00:00+00:00,1.0,0.6232533121294681,1.2773423792256322,1.3561567424348109,-0.7303454522523789,-1.0799011341849352,-0.12493140448585072,True
2025-05-30 00:00:00+00:00,21371.25,21369.0,21433.5,21071.5,23,4,21371.25,21386.5,21338.0,21369.25,21257.25,21369.0,21411.75,21385.0,2025-05-29 00:00:00+00:00,1.0,-0.06429740472293499,-0.3444370497507232,0.07135754810785322,-0.22677857526944845,0.14645233855095086,-0.0011699053546587734,True
2025-06-02 00:00:00+00:00,21303.75,21554.5,21576.25,21163.25,23,0,21303.75,21230.25,21285.0,21534.0,21311.0,21554.5,21369.25,21369.0,2025-05-30 00:00:00+00:00,3.0,-0.30534886985820187,-0.3942581045193405,-0.34500968139412613,0.25788674179532123,1.1698379140239634,0.095198291074583,True
2025-06-03 00:00:00+00:00,21555.0,21688.0,21759.75,21399.25,23,1,21555.0,21464.25,21535.0,21704.25,21594.75,21688.0,21534.0,21554.5,2025-06-02 00:00:00+00:00,1.0,0.002319701222486259,0.004643819076810551,-0.42101600556715413,0.3296178529415217,0.785929881588121,-0.07487012912217317,True
2025-06-04 00:00:00+00:00,21688.25,21748.0,21803.0,21641.0,23,2,21688.25,21695.25,21709.5,21757.5,21746.0,21748.0,21704.25,21688.0,2025-06-03 00:00:00+00:00,1.0,0.0011527111766884701,0.024188810947167738,0.03227554090348139,0.06568258028831764,0.22110136115525147,-0.0436631046765501,True
2025-06-05 00:00:00+00:00,21744.75,21515.0,21935.0,21503.5,23,3,21744.75,21734.0,21802.5,21587.0,21724.75,21515.0,21757.5,21748.0,2025-06-04 00:00:00+00:00,1.0,-0.014943902887620819,0.20682523267838704,-0.04943722047850985,0.3151743811539598,-0.9884187593165894,-0.3335340714318846,True
2025-06-06 00:00:00+00:00,21471.0,21809.5,21873.5,21471.0,23,4,21471.0,21657.75,21761.0,21789.0,21840.25,21809.5,21587.0,21515.0,2025-06-05 00:00:00+00:00,1.0,-0.20450848245410214,0.8060406726270397,0.8697778398770506,0.4767346561854291,0.1286705574192304,0.09408417091192334,True
2025-06-09 00:00:00+00:00,21799.25,21822.25,21885.0,21716.0,23,0,21799.25,21746.75,21797.5,21818.5,21787.0,21822.25,21789.0,21809.5,2025-06-06 00:00:00+00:00,3.0,-0.04699786790159921,0.039010509890302636,-0.240833973645882,0.2333682044443508,0.09634132354627845,0.017187249352623724,True
2025-06-10 00:00:00+00:00,21824.0,21951.0,21992.25,21732.25,23,1,21824.0,21829.0,21854.75,21964.75,21857.25,21951.0,21818.5,21822.25,2025-06-09 00:00:00+00:00,1.0,0.008019338060916148,0.16614341040859237,0.0229105571847521,0.117962343671274,0.5033230762191199,-0.06260030275783146,True
2025-06-11 00:00:00+00:00,21945.75,21883.25,22106.0,21790.75,23,2,21945.75,21881.75,22029.75,21887.5,21981.0,21883.25,21964.75,21951.0,2025-06-10 00:00:00+00:00,1.0,-0.02391690583573025,0.29592870394610227,-0.29162821958693685,0.6763627223599578,-0.6457177226250832,-0.01941747572815622,True
2025-06-12 00:00:00+00:00,21871.0,21909.0,21977.25,21713.25,23,3,21871.0,21825.0,21836.25,21936.75,21857.25,21909.0,21887.5,21883.25,2025-06-11 00:00:00+00:00,1.0,-0.055978887962249146,-0.23415191319245965,-0.21032417356317,0.051546391752577136,0.46024386055298905,-0.1265000512838066,True
2025-06-13 00:00:00+00:00,21909.0,21652.0,21915.75,21471.0,23,4,21909.0,21570.5,21659.0,21652.25,21727.0,21652.0,21936.75,21909.0,2025-06-12 00:00:00+00:00,1.0,0.0,-1.2661401529396987,-1.5450271577890362,0.4102825618321315,-0.03116487372455401,-0.0011546144165208716,False
2025-06-16 00:00:00+00:00,21554.0,21936.0,21999.25,21501.75,23,0,21554.0,21715.0,21816.0,21948.5,21928.0,21936.0,21652.25,21652.0,2025-06-13 00:00:00+00:00,3.0,-0.4526140772215026,0.7562724428177292,0.7469611209056426,0.46511627906977715,0.6073524019068577,-0.056951500102508934,True
2025-06-17 00:00:00+00:00,21950.0,21722.5,21952.0,21685.0,23,1,21950.0,21858.25,21827.0,21730.25,21871.5,21722.5,21948.5,21936.0,2025-06-16 00:00:00+00:00,1.0,0.06382202771699763,-0.5535685809964219,-0.4179954441913436,-0.14296661443620184,-0.4432583497503084,-0.03566456897642345,True
2025-06-18 00:00:00+00:00,21705.0,21732.0,21871.25,21640.5,23,2,21705.0,21763.0,21763.25,21718.75,21761.75,21732.0,21730.25,21722.5,2025-06-17 00:00:00+00:00,1.0,-0.08056162964668045,0.15186203564157008,0.2672195346694384,0.0011487386849307057,-0.20447313705443948,0.061007194244599994,True
2025-06-19 00:00:00+00:00,21726.75,21484.75,21732.25,21443.75,19,3,21726.75,21631.0,21553.0,,21467.25,,21718.75,21732.0,2025-06-18 00:00:00+00:00,1.0,-0.024157923799006387,-0.7631654676259036,-0.4407009792076533,-0.36059359252924583,,,True
2025-06-23 00:00:00+00:00,21648.25,22072.25,22093.0,21566.75,23,0,21648.25,21809.25,21883.5,22073.0,21925.75,22072.25,,21865.25,2025-06-20 00:00:00+00:00,3.0,-0.992442345731237,,0.7437090757913545,0.3404518724853034,0.8659492311559047,-0.003397816336703219,True
2025-06-24 00:00:00+00:00,22079.0,22407.75,22448.25,22065.75,23,1,22079.0,22294.5,22286.25,22405.75,22292.0,22407.75,22073.0,22072.25,2025-06-23 00:00:00+00:00,1.0,0.030581386129635568,0.9661124450686343,0.9760405815480766,-0.03700464240059542,0.536205059173267,0.0089262800843537,True
2025-06-25 00:00:00+00:00,22412.0,22472.5,22548.25,22384.5,23,2,22412.0,22426.0,22508.0,22462.75,22523.0,22472.5,22405.75,22407.75,2025-06-24 00:00:00+00:00,1.0,0.018966652162766273,0.4563560693125579,0.06246653578441119,0.36564701685544154,-0.2010396303536499,0.04340519304182333,True
2025-06-26 00:00:00+00:00,22461.25,22672.5,22694.0,22437.75,23,3,22461.25,22510.0,22555.0,22672.75,22564.0,22672.5,22462.75,22472.5,2025-06-25 00:00:00+00:00,1.0,-0.05006118589386821,0.41067990339562765,0.21704045856754117,0.19991115059974085,0.5220571935269369,-0.0011026452459428349,True
2025-06-27 00:00:00+00:00,22676.25,22740.25,22825.5,22600.0,23,4,22676.25,22709.0,22731.0,22751.75,22764.5,22740.25,22672.75,22672.5,2025-06-26 00:00:00+00:00,1.0,0.016539861065156813,0.2569163423051801,0.14442423240175195,0.09687788982342127,0.09128502925519477,-0.05054556242926056,True
2025-06-30 00:00:00+00:00,22751.5,22866.75,22934.75,22751.5,23,0,22751.5,22876.5,22868.0,22885.25,22837.0,22866.75,22751.75,22740.25,2025-06-27 00:00:00+00:00,3.0,0.049471751629814875,0.5109497071653868,0.5494143243302663,-0.03715603348414254,0.0754329193632941,-0.08083809440578849,False
2025-07-01 00:00:00+00:00,22867.5,22691.75,22914.75,22594.5,23,1,22867.5,22841.5,22794.0,22692.25,22809.75,22691.75,22885.25,22866.75,2025-06-30 00:00:00+00:00,1.0,0.003279871429029413,-0.39872843862313045,-0.11369848037607877,-0.20795481907930347,-0.4463894007194824,-0.0022033954323652516,True
2025-07-02 00:00:00+00:00,22694.5,22852.75,22858.75,22582.0,23,2,22694.5,22768.5,22616.25,22844.5,22706.5,22852.75,22692.25,22691.75,2025-07-01 00:00:00+00:00,1.0,0.012118941906202885,-0.3349161057189076,0.3260701932186194,-0.6686870017787783,1.0092300889846806,0.036113725404374186,True
2025-07-07 00:00:00+00:00,22970.0,22839.0,23028.5,22779.75,23,0,22970.0,22949.0,22951.5,22883.25,22944.5,22839.0,,22906.75,2025-07-04 00:00:00+00:00,3.0,0.2761194844314474,,-0.09142359599477734,0.010893720859295186,-0.29736618521665203,-0.19337288191144664,True
2025-07-08 00:00:00+00:00,22837.75,22903.25,22972.75,22808.5,23,1,22837.75,22933.5,22939.75,22898.0,22882.0,22903.25,22883.25,22839.0,2025-07-07 00:00:00+00:00,1.0,-0.0054730942685710104,0.24690548763834919,0.41926196757562373,0.027252708919256463,-0.18199849606033158,0.022927766617164558,True
2025-07-09 00:00:00+00:00,22906.5,23043.5,23112.0,22843.75,23,2,22906.5,22873.75,22935.25,23051.0,23105.25,23043.5,22898.0,22903.25,2025-07-08 00:00:00+00:00,1.0,0.014190125855506608,0.16267796314088923,-0.14297251871739913,0.268867151210439,0.5046816581462998,-0.03253654939048278,True
2025-07-10 00:00:00+00:00,23041.0,23010.0,23078.75,22901.25,23,3,23041.0,22992.0,23049.0,23015.0,22960.75,23010.0,23051.0,23043.5,2025-07-09 00:00:00+00:00,1.0,-0.010849046368821558,-0.008676413170793928,-0.2126643808862516,0.24791231732776975,-0.14751182263872398,-0.02172496198131757,True
2025-07-11 00:00:00+00:00,23011.75,22959.0,23048.75,22831.5,23,4,23011.75,22942.75,22904.25,22955.5,22963.75,22959.0,23015.0,23010.0,2025-07-10 00:00:00+00:00,1.0,0.007605388961318127,-0.48120790788616086,-0.299846817386773,-0.16780900284403266,0.2237575995721386,0.015246890723363826,True
2025-07-15 00:00:00+00:00,23034.25,23017.75,23222.75,22996.0,23,1,23034.25,23147.25,23196.0,23073.75,23139.0,23017.75,23034.0,23036.25,2025-07-14 00:00:00+00:00,1.0,-0.00868196863639259,0.7033081531648833,0.4905738194210807,0.2106081715970598,-0.5270305225038796,-0.24270003792188355,True
2025-07-16 00:00:00+00:00,23018.75,23063.25,23100.0,22835.75,23,2,23018.75,23006.0,23073.25,23074.5,22968.5,23063.25,23073.75,23017.75,2025-07-15 00:00:00+00:00,1.0,0.004344473286921335,-0.0021669646243061003,-0.05538962802063008,0.2923150482482928,0.005417528956686013,-0.04875511928752463,True
2025-07-17 00:00:00+00:00,23065.5,23265.5,23279.75,23017.0,23,3,23065.5,23087.75,23145.75,23258.25,23150.5,23265.5,23074.5,23063.25,2025-07-16 00:00:00+00:00,1.0,0.009755780299824934,0.30878242215433005,0.09646441655286608,0.25121547140800615,0.4860503548167694,0.031171734760793157,True
2025-07-18 00:00:00+00:00,23261.25,23228.5,23320.75,23169.5,23,4,23261.25,23303.0,23269.0,23226.5,23257.25,23228.5,23258.25,23265.5,2025-07-17 00:00:00+00:00,1.0,-0.01826739163138802,0.04622015843840366,0.17948304583803587,-0.14590396086340274,-0.18264643946882542,0.008610853981450006,True
2025-07-21 00:00:00+00:00,23211.75,23347.0,23424.75,23203.75,23,0,23211.75,23269.0,23238.0,23344.5,23389.75,23347.0,23226.5,23228.5,2025-07-18 00:00:00+00:00,3.0,-0.07210969283423241,0.04951241039330423,0.24664232554632015,-0.13322446173019697,0.4583010586108882,0.010709160615984814,True
2025-07-22 00:00:00+00:00,23339.5,23199.0,23367.0,23108.0,23,1,23339.5,23314.5,23334.75,23222.0,23142.25,23199.0,23344.5,23347.0,2025-07-21 00:00:00+00:00,1.0,-0.03212404163275284,-0.0417657264023652,-0.10711454829794853,0.08685581933989273,-0.48318494948520474,-0.09904400999052321,True
2025-07-23 00:00:00+00:00,23191.25,23411.25,23418.0,23146.75,23,2,23191.25,23251.0,23236.25,23324.0,23165.5,23411.25,23222.0,23199.0,2025-07-22 00:00:00+00:00,1.0,-0.033406612353981124,0.06136422358109517,0.25764027381016685,-0.06343813169326085,0.37764269191458144,0.374078202709649,True
2025-07-24 00:00:00+00:00,23402.25,23395.0,23424.5,23298.25,23,3,23402.25,23373.75,23360.5,23376.5,23364.0,23395.0,23324.0,23411.25,2025-07-23 00:00:00+00:00,1.0,-0.03844305622296984,0.1564911678957337,-0.12178316187546612,-0.05668752339696992,0.06849168468141542,0.07913930656855417,True
2025-07-25 00:00:00+00:00,23391.5,23421.25,23476.0,23330.75,23,4,23391.5,23407.75,23371.25,23422.25,23389.5,23421.25,23376.5,23395.0,2025-07-24 00:00:00+00:00,1.0,-0.014960461637103517,-0.022458451864049156,0.06946967915695268,-0.1559312620819986,0.2182168262288009,-0.00426944465198309,True
2025-07-28 00:00:00+00:00,23540.75,23509.25,23585.25,23440.0,21,0,,23573.75,23514.25,23491.75,23520.0,23509.25,23422.25,23421.25,2025-07-25 00:00:00+00:00,3.0,,0.39278890798279953,,-0.25239938490906333,-0.0956866580903104,0.07449423733862925,False
2025-07-29 00:00:00+00:00,23504.25,23452.0,23652.5,23421.5,23,1,23504.25,23547.75,23579.25,23457.25,23588.5,23452.0,23491.75,23509.25,2025-07-28 00:00:00+00:00,1.0,-0.021268224209625153,0.3724711866931907,0.18507291234564072,0.1337707424276191,-0.5174040734968299,-0.022381140159222213,True
2025-07-30 00:00:00+00:00,23452.0,23661.75,23689.0,23356.5,23,2,23452.0,23503.0,23489.75,23483.75,23483.25,23661.75,23457.25,23452.0,2025-07-29 00:00:00+00:00,1.0,0.0,0.13854991527140204,0.2174654613678939,-0.056375781815087844,-0.025543056013788146,0.7579709373503052,False
2025-07-31 00:00:00+00:00,23705.0,23329.5,23845.0,23290.5,23,3,23705.0,23799.75,23801.5,23354.25,23671.5,23329.5,23483.75,23661.75,2025-07-30 00:00:00+00:00,1.0,0.18278445169948032,1.353063288444134,0.39970470364902866,0.007353018414057999,-1.8790832510556021,-0.10597642827322451,True
2025-08-01 00:00:00+00:00,23308.5,22883.75,23347.5,22775.0,23,4,23308.5,23292.25,23068.75,22881.0,22872.25,22883.75,23354.25,23329.5,2025-07-31 00:00:00+00:00,1.0,-0.09001478814376629,-1.2224755665456999,-0.06971705600961053,-0.9595466303169542,-0.8138715795177442,0.012018705476157798,True
2025-08-04 00:00:00+00:00,22883.75,23350.75,23352.5,22821.75,23,0,22883.75,22983.25,23075.5,23296.75,23246.75,23350.75,22881.0,22883.75,2025-08-01 00:00:00+00:00,3.0,0.0,0.8500502600410798,0.43480635822363833,0.40137926533454493,0.9588091265628096,0.23179198815286295,False
2025-08-05 00:00:00+00:00,23354.0,23092.0,23404.25,23084.5,23,1,23354.0,23363.5,23360.75,23133.5,23374.0,23092.0,23296.75,23350.75,2025-08-04 00:00:00+00:00,1.0,0.013918182499494947,0.2747164304033767,0.040678256401482926,-0.01177049671495789,-0.9727855484091941,-0.1793935202195951,True
2025-08-06 00:00:00+00:00,23091.75,23413.25,23445.25,23045.5,23,2,23091.75,23184.5,23178.25,23423.75,23201.5,23413.25,23133.5,23092.0,2025-08-05 00:00:00+00:00,1.0,-0.0010826260176677316,0.19344241035728071,0.40165860101550876,-0.026957665681814902,1.059182638896372,-0.044826298094879924,True
2025-08-07 00:00:00+00:00,23418.5,23521.75,23671.0,23329.0,23,3,23418.5,23482.75,23597.75,23501.5,23654.0,23521.75,23423.75,23413.25,2025-08-06 00:00:00+00:00,1.0,0.022423200538157495,0.7428357970009181,0.2743557443901201,0.48972117831174167,-0.4078778697121588,0.0861647128906684,True
2025-08-08 00:00:00+00:00,23518.25,23713.75,23767.75,23503.0,23,4,23518.25,23510.5,23533.5,23713.75,23643.75,23713.75,23501.5,23521.75,2025-08-07 00:00:00+00:00,1.0,-0.014879845249604617,0.13616152160500494,-0.032953132142055086,0.09782862976117634,0.7659294197633226,0.0,True
2025-08-11 00:00:00+00:00,23764.0,23629.5,23804.5,23587.5,23,0,23764.0,23739.75,23722.5,23638.75,23744.75,23629.5,23713.75,23713.75,2025-08-08 00:00:00+00:00,3.0,0.21190237731274486,0.03689842391016995,-0.10204511025080354,-0.07266293874198526,-0.3530403625250256,-0.039130664692510475,True
2025-08-12 00:00:00+00:00,23635.0,23949.5,23953.5,23596.25,23,1,23635.0,23630.0,23772.5,23934.5,23653.75,23949.5,23638.75,23629.5,2025-08-11 00:00:00+00:00,1.0,0.023275989758575477,0.565808259743017,-0.021155066638456343,0.6030469741853617,0.6814596697865216,0.0626710397125585,True
2025-08-13 00:00:00+00:00,23945.0,23927.75,24068.5,23886.0,23,2,23945.0,23946.0,24019.75,23943.0,24017.5,23927.75,23934.5,23949.5,2025-08-12 00:00:00+00:00,1.0,-0.018789536315999555,0.3561804090329801,0.0041762372102738254,0.3079846320888757,-0.31952872115654785,-0.06369293739297843,True
2025-08-14 00:00:00+00:00,23927.75,23891.5,24007.75,23793.25,23,3,23927.75,23908.25,23843.75,23922.0,23935.75,23891.5,23943.0,23927.75,2025-08-13 00:00:00+00:00,1.0,0.0,-0.4145261663116573,-0.08149533491448313,-0.26978135162548655,0.3281782437745795,-0.12749770086113443,False
2025-08-15 00:00:00+00:00,23888.75,23804.0,23963.0,23734.5,23,4,23888.75,23941.0,23904.5,23806.0,23800.75,23804.0,23922.0,23891.5,2025-08-14 00:00:00+00:00,1.0,-0.011510369796785547,-0.07315441852687732,0.21872220187326707,-0.15245812622697308,-0.4120563073898187,-0.008401243384026369,True
2025-08-18 00:00:00+00:00,23795.0,23788.0,23881.75,23719.0,23,0,23795.0,23852.0,23775.0,23796.25,23749.25,23788.0,23806.0,23804.0,2025-08-15 00:00:00+00:00,3.0,-0.03780877163501728,-0.13021927245232545,0.2395461231351037,-0.3228240818380024,0.08937960042061377,-0.03466932815043844,True
2025-08-19 00:00:00+00:00,23800.75,23473.5,23838.0,23426.0,23,1,23800.75,23735.5,23744.0,23470.5,23677.75,23473.5,23796.25,23788.0,2025-08-18 00:00:00+00:00,1.0,0.05359845300152433,-0.21957241161947305,-0.27415102465258023,0.035811337448121705,-1.1518699460916437,0.012782002939859538,True
2025-08-20 00:00:00+00:00,23461.0,23319.0,23485.5,23035.0,23,2,23461.0,23365.0,23427.0,23335.25,23174.0,23319.0,23470.5,23473.5,2025-08-19 00:00:00+00:00,1.0,-0.05325153896947876,-0.1853390426279744,-0.40918971910830493,0.265354162208431,-0.39164212233747664,-0.06963713694946305,True
2025-08-21 00:00:00+00:00,23323.0,23221.75,23369.25,23119.0,23,3,23323.0,23340.75,23223.5,23218.5,23184.5,23221.75,23335.25,23319.0,2025-08-20 00:00:00+00:00,1.0,0.01715339422787565,-0.47888923409862283,0.07610513227287452,-0.5023403275387417,-0.021529915818030432,0.013997458922831996,True
2025-08-22 00:00:00+00:00,23225.25,23569.75,23650.0,23076.75,23,4,23225.25,23191.0,23242.0,23565.75,23269.0,23569.75,23218.5,23221.75,2025-08-21 00:00:00+00:00,1.0,0.015072076824518277,0.10121239528824155,-0.14746881088470998,0.21991289724461183,1.3929524137337612,0.01697378610907574,True
2025-08-25 00:00:00+00:00,23602.0,23502.25,23616.25,23443.25,23,0,23602.0,23565.5,23479.25,23495.5,23519.0,23502.25,23565.75,23569.75,2025-08-22 00:00:00+00:00,3.0,0.136827925625016,-0.36705812460881004,-0.15464791119396137,-0.3660011457427226,0.06921004716931023,0.028728905535091442,True
2025-08-26 00:00:00+00:00,23505.75,23607.5,23611.0,23371.5,23,1,23505.75,23476.25,23471.0,23586.75,23494.75,23607.5,23495.5,23502.25,2025-08-25 00:00:00+00:00,1.0,0.014892191173188074,-0.10427528675703845,-0.12550120715144608,-0.02236302646291266,0.4931617741042116,0.08797312050197181,True
2025-08-27 00:00:00+00:00,23604.0,23542.0,23689.0,23434.75,23,2,23604.0,23600.75,23581.5,23620.0,23534.75,23542.0,23586.75,23607.5,2025-08-26 00:00:00+00:00,1.0,-0.01482579688658614,-0.02225825940411763,-0.013768852736828485,-0.081565204495615,0.16326357526026403,-0.33022861981372165,True
2025-08-28 00:00:00+00:00,23542.25,23762.0,23803.75,23487.5,23,3,23542.25,23543.0,23634.0,23766.5,23608.5,23762.0,23620.0,23542.0,2025-08-27 00:00:00+00:00,1.0,0.0010619318664417676,0.05927180355631556,0.0031857617687425233,0.3865267807841022,0.5606329863755644,-0.018934214124921578,True
2025-08-29 00:00:00+00:00,23760.5,23461.75,23762.0,23397.5,23,4,23760.5,23724.75,23665.5,23473.25,23507.0,23461.75,23766.5,23762.0,2025-08-28 00:00:00+00:00,1.0,-0.006312599949498399,-0.4249679170260645,-0.15045979672144716,-0.2497391964088158,-0.8123639897741453,-0.04899193763113763,True
2025-09-03 00:00:00+00:00,23382.0,23455.75,23525.25,23298.25,23,2,23382.0,23316.0,23422.25,23452.25,23380.0,23455.75,23277.0,23379.5,2025-09-02 00:00:00+00:00,1.0,0.010693128595562484,0.6240065300511244,-0.2822684115986629,0.45569565963285985,0.12808333955960371,0.014923941199662671,True
2025-09-04 00:00:00+00:00,23456.75,23684.0,23708.75,23410.0,23,3,23456.75,23467.75,23485.0,23666.0,23477.5,23684.0,23452.25,23455.75,2025-09-03 00:00:00+00:00,1.0,0.0042633469405251034,0.13964544979692128,0.04689481705693055,0.07350512937966958,0.7707047051309424,0.07605848052056885,True
2025-09-05 00:00:00+00:00,23700.0,23673.25,23902.0,23505.0,23,4,23700.0,23761.5,23873.75,23690.75,23852.75,23673.25,23666.0,23684.0,2025-09-04 00:00:00+00:00,1.0,0.06755615605471554,0.8778416293416802,0.25949367088606845,0.47240283652125736,-0.7665322791769236,-0.07386849297721376,True
2025-09-08 00:00:00+00:00,23673.5,23798.5,23888.0,23650.25,23,0,23673.5,23730.5,23778.25,23803.0,23846.25,23798.5,23690.75,23673.25,2025-09-05 00:00:00+00:00,3.0,0.0010560442693652305,0.369342464886091,0.24077555072126167,0.20121784201765358,0.10408671790396173,-0.018905180019324064,True
2025-09-09 00:00:00+00:00,23799.0,23889.75,23921.25,23726.0,23,1,23799.0,23835.0,23839.25,23867.25,23815.5,23889.75,23803.0,23798.5,2025-09-08 00:00:00+00:00,1.0,0.0021009727503740194,0.15229172793345125,0.15126685995210387,0.0178309209146299,0.11745335948067925,0.09427143889639833,True
2025-09-10 00:00:00+00:00,23898.5,23858.0,24044.25,23785.0,23,2,23898.5,23919.5,24004.25,23874.0,23930.75,23858.0,23867.25,23889.75,2025-09-09 00:00:00+00:00,1.0,0.036626586716059784,0.5740083168358279,0.08787162374208624,0.3543134262840031,-0.542612245748153,-0.06701851386445856,True
2025-09-11 00:00:00+00:00,23853.75,24006.75,24046.0,23838.0,23,3,23853.75,23885.0,23959.0,24011.75,23978.75,24006.75,23874.0,23858.0,2025-09-10 00:00:00+00:00,1.0,-0.01781373124318808,0.3560358549049125,0.1310066551380773,0.30981787732886623,0.22016778663549452,-0.02082313867168839,True
2025-09-12 00:00:00+00:00,24028.25,24115.25,24159.0,23969.0,23,4,24028.25,24035.0,24041.75,24109.5,24049.25,24115.25,24011.75,24006.75,2025-09-11 00:00:00+00:00,1.0,0.08955814510502869,0.12493883203015255,0.028091933453322504,0.028084044102349992,0.2818014495616916,0.023849519898799798,True
2025-09-15 00:00:00+00:00,24115.25,24296.5,24315.5,24076.0,23,0,24115.25,24140.25,24172.75,24311.75,24260.5,24296.5,24109.5,24115.25,2025-09-12 00:00:00+00:00,3.0,0.0,0.26234471888675337,0.10366884025667655,0.1346299230538195,0.5750276654497233,-0.06272687075179473,False
2025-09-16 00:00:00+00:00,24290.0,24292.5,24563.0,24258.25,23,1,24290.0,24353.75,24353.0,24524.25,24292.5,24292.5,24311.75,24296.5,2025-09-15 00:00:00+00:00,1.0,-0.026752824480891224,0.16967104383682763,0.26245368464388186,-0.0030796078632655544,0.7031987845439902,-0.9449830270038873,True
2025-09-17 00:00:00+00:00,24526.75,24502.0,24553.0,24242.0,23,2,24526.75,24518.5,24524.5,24475.25,24477.5,24502.0,24524.25,24292.5,2025-09-16 00:00:00+00:00,1.0,0.9642893897293447,0.0010193991661244794,-0.03363674355550961,0.02447131757652432,-0.20081958857468551,0.1092940827979394,True
2025-09-18 00:00:00+00:00,24498.5,24713.75,24816.0,24332.25,23,3,24498.5,24614.5,24690.25,24698.5,24696.75,24713.75,24475.25,24502.0,2025-09-17 00:00:00+00:00,1.0,-0.014284548200149683,0.878438422488026,0.47349837745167545,0.30774543460154735,0.03341399945322454,0.06174464036277083,True
2025-09-19 00:00:00+00:00,24717.75,24866.25,24888.0,24517.0,23,4,24717.75,24706.25,24738.25,24860.25,24790.5,24866.25,24698.5,24713.75,2025-09-18 00:00:00+00:00,1.0,0.016185321936168506,0.16094094783083435,-0.04652527030171161,0.12952188211485804,0.4931634210180613,0.024134914170215183,True
2025-09-22 00:00:00+00:00,24850.0,24996.25,25027.25,24749.0,23,0,24850.0,24841.25,24798.5,24999.0,24872.75,24996.25,24860.25,24866.25,2025-09-19 00:00:00+00:00,3.0,-0.06534962046951254,-0.24838849166842758,-0.03521126760563931,-0.17209278921149762,0.8085166441518687,-0.011000440017605584,True
2025-09-23 00:00:00+00:00,24995.0,24833.75,25026.0,24780.5,23,1,24995.0,24997.0,25009.25,24830.25,24940.5,24833.75,24999.0,24996.25,2025-09-22 00:00:00+00:00,1.0,-0.005000750112515995,0.04100164006559659,0.008001600320062252,0.04900588070568812,-0.7157351779841448,0.014095709870010076,True
2025-09-24 00:00:00+00:00,24839.5,24747.5,24913.5,24627.0,23,2,24839.5,24860.75,24881.5,24740.0,24821.0,24747.5,24830.25,24833.75,2025-09-23 00:00:00+00:00,1.0,0.02315397392660401,0.20640146595383158,0.08554922603112303,0.0834648994901599,-0.5686956172256452,0.030315278900561182,True
2025-09-25 00:00:00+00:00,24746.0,24635.5,24793.5,24422.5,23,3,24746.0,24752.75,24567.75,24630.75,24452.5,24635.5,24740.0,24747.5,2025-09-24 00:00:00+00:00,1.0,-0.006061218304875826,-0.6962409054163343,0.02727713569870005,-0.7473917039520828,0.2564337393534233,0.019284837043120895,True
2025-09-26 00:00:00+00:00,24642.5,24726.75,24747.5,24520.0,23,4,24642.5,24616.0,24694.0,24726.0,24707.5,24726.75,24630.75,24635.5,2025-09-25 00:00:00+00:00,1.0,0.02841428020539105,0.25679283010058285,-0.10753779040275635,0.3168670783230354,0.1295861342836213,0.003033244358174869,True
2025-09-29 00:00:00+00:00,24744.25,24811.25,24975.5,24740.5,23,0,24744.25,24826.25,24899.25,24837.75,24942.0,24811.25,24726.0,24726.75,2025-09-26 00:00:00+00:00,3.0,0.07077355495566096,0.7006794467362187,0.33139012093719167,0.29404360304112753,-0.24699539142745142,-0.10669243389598293,False
2025-09-30 00:00:00+00:00,24817.75,24838.25,24913.75,24722.25,23,1,24817.75,24836.5,24833.0,24897.5,24785.5,24838.25,24837.75,24811.25,2025-09-29 00:00:00+00:00,1.0,0.02619779333972172,-0.019124115509661088,0.07555076507741454,-0.014092162744350212,0.25973503000040754,-0.23797570037151772,True
2025-10-01 00:00:00+00:00,24843.0,25009.25,25036.75,24633.25,23,2,24843.0,24762.0,24777.5,25011.5,24781.25,25009.25,24897.5,24838.25,2025-09-30 00:00:00+00:00,1.0,0.019123730536563244,-0.4819761020182778,-0.32604757879483026,0.06259591309263346,0.944405206336385,-0.008995861903526858,True
2025-10-02 00:00:00+00:00,25009.25,25105.0,25180.0,24993.75,23,3,25009.25,25069.5,25162.0,25108.5,25063.5,25105.0,25011.5,25009.25,2025-10-01 00:00:00+00:00,1.0,0.0,0.6017232073246337,0.2409108629807033,0.3689742515806005,-0.21262220809156185,-0.013939502558890648,False
2025-10-03 00:00:00+00:00,25101.5,24992.0,25196.5,24923.25,23,4,25101.5,25171.5,25119.75,24996.25,25105.5,24992.0,25108.5,25105.0,2025-10-02 00:00:00+00:00,1.0,-0.013941445927101448,0.044805543939308023,0.2788677967452191,-0.20558965496693116,-0.4916450203525158,-0.017002550382561044,True
2025-10-06 00:00:00+00:00,25021.75,25184.0,25252.75,24992.0,23,0,25021.75,25088.5,25191.75,25184.25,25156.0,25184.0,24996.25,24992.0,2025-10-03 00:00:00+00:00,3.0,0.11903809218949402,0.7821173175976304,0.2667679119166433,0.4115431372939904,-0.029771651433507795,-0.0009926839195095738,True
2025-10-08 00:00:00+00:00,25059.75,25354.0,25364.75,25026.25,23,2,25059.75,25059.25,25063.25,25329.75,25174.25,25354.0,25045.25,25054.75,2025-10-07 00:00:00+00:00,1.0,0.019956295712386662,0.07186991545302668,-0.001995231396956232,0.01596216965791264,1.0633098261398688,0.09573722598921197,True
2025-10-09 00:00:00+00:00,25351.5,25287.25,25394.0,25160.75,23,3,25351.5,25356.25,25332.75,25294.5,25279.5,25287.25,25329.75,25354.0,2025-10-08 00:00:00+00:00,1.0,-0.009860377060821879,0.011843780534737114,0.018736563911403437,-0.09267931969435539,-0.15099031885602576,-0.028662357429476426,True
2025-10-10 00:00:00+00:00,25287.75,24397.0,25388.0,24158.5,23,4,25287.75,25333.75,25297.5,24402.75,25357.5,24397.0,25294.5,25287.25,2025-10-09 00:00:00+00:00,1.0,0.0019772810408325014,0.011860285832887563,0.1819062589593745,-0.14308975181329675,-3.5369107619329987,-0.023562918113739784,True
2025-10-13 00:00:00+00:00,24542.0,24904.5,24965.0,24397.0,23,0,24542.0,24836.25,24787.25,24921.0,24887.0,24904.5,24402.75,24397.0,2025-10-10 00:00:00+00:00,3.0,0.5943353691027609,1.5756420895185919,1.1989650395240803,-0.19729226433137237,0.5395919273013305,-0.06620922113880212,True
2025-10-14 00:00:00+00:00,24913.75,24756.25,25044.25,24421.25,23,1,24913.75,24706.5,24620.75,24756.5,24575.0,24756.25,24921.0,24904.5,2025-10-13 00:00:00+00:00,1.0,0.03714188198919999,-1.2048071907226787,-0.8318699513320982,-0.34707465646691693,0.5513641948356574,-0.0010098358007026853,True
2025-10-15 00:00:00+00:00,24754.0,24941.25,25115.0,24663.25,23,2,24754.0,24885.0,25022.5,24924.75,25013.75,24941.25,24756.5,24756.25,2025-10-14 00:00:00+00:00,1.0,-0.009088613986363292,1.0744652919435271,0.5292074008241165,0.5525416917822046,-0.3906484164252211,0.06619925977191521,True
2025-10-16 00:00:00+00:00,24937.0,24794.25,25179.5,24643.5,23,3,24937.0,24954.25,25080.25,24831.0,25062.5,24794.25,24924.75,24941.25,2025-10-15 00:00:00+00:00,1.0,-0.01704004410364446,0.623877872395906,0.06917431928459283,0.5049240109400221,-0.9938098703162868,-0.14800048326688575,True
2025-10-17 00:00:00+00:00,24793.75,24986.5,25055.75,24410.0,23,4,24793.75,24662.0,24737.0,24988.25,24822.25,24986.5,24831.0,24794.25,2025-10-16 00:00:00+00:00,1.0,-0.0020165965899376914,-0.3785590592404686,-0.5313839173178736,0.30411158867893473,1.0156850062659206,-0.007003291547025281,True
2025-10-20 00:00:00+00:00,25065.75,25326.75,25354.5,24955.75,23,0,25065.75,25112.25,25129.5,25300.0,25222.5,25326.75,24988.25,24986.5,2025-10-17 00:00:00+00:00,3.0,0.31717127248713783,0.565265674867188,0.1855121031686613,0.06869157482902732,0.6784854453928624,0.10573122529644596,True
2025-10-21 00:00:00+00:00,25326.75,25265.25,25368.0,25203.25,23,1,25326.75,25297.75,25298.5,25291.5,25235.0,25265.25,25300.0,25326.75,2025-10-20 00:00:00+00:00,1.0,0.0,-0.005928853754944008,-0.1145034400386935,0.0029646905357116893,-0.027669624681303517,-0.1037898108059987,False
2025-10-22 00:00:00+00:00,25283.75,25040.0,25338.25,24804.75,23,2,25283.75,25309.0,25260.75,25040.5,25258.0,25040.0,25291.5,25265.25,2025-10-21 00:00:00+00:00,1.0,0.07322310287845024,-0.1215823498013191,0.09986651505413668,-0.19064364455332328,-0.8719060202092233,-0.0019967652403085623,True
2025-10-23 00:00:00+00:00,25012.25,25278.0,25296.0,24937.0,23,3,25012.25,25091.0,25008.0,25252.75,25160.75,25278.0,25040.5,25040.0,2025-10-22 00:00:00+00:00,1.0,-0.11082268370606885,-0.12978974062018978,0.3148457255944592,-0.33079590291339445,0.9786868202175336,0.0999891100969208,True
2025-10-24 00:00:00+00:00,25283.25,25509.25,25570.75,25276.0,23,4,25283.25,25346.75,25459.0,25509.0,25506.0,25509.25,25252.75,25278.0,2025-10-23 00:00:00+00:00,1.0,0.020769048184199335,0.8167427309896835,0.2511544204166771,0.44285756556561306,0.19639420244315087,0.0009800462581921465,True
2025-10-27 00:00:00+00:00,25723.5,26003.75,26013.5,25509.25,23,0,25723.5,25783.0,25830.75,25960.75,25849.0,26003.75,25509.0,25509.25,2025-10-24 00:00:00+00:00,3.0,0.839891411938809,1.2613195342820127,0.2313060042373749,0.18519955009115296,0.5032761340650227,0.16563466001560112,True
2025-10-28 00:00:00+00:00,26002.5,26172.5,26231.5,25943.0,23,1,26002.5,25961.75,26012.25,26160.5,26065.0,26172.5,25960.75,26003.75,2025-10-27 00:00:00+00:00,1.0,-0.00480699899052528,0.1983763951349582,-0.15671570041342342,0.19451693356573596,0.569923785908566,0.045870682899784576,True
2025-10-29 00:00:00+00:00,26179.75,26221.0,26379.75,26049.25,23,2,26179.75,26261.25,26260.75,26280.0,26319.5,26221.0,26160.5,26172.5,2025-10-28 00:00:00+00:00,1.0,0.027700831024923822,0.3832113300586748,0.311309313496122,-0.001903945927939077,0.0733033138809791,-0.22450532724505035,True
2025-10-30 00:00:00+00:00,26154.5,26149.25,26399.0,25853.0,23,3,26154.5,26280.5,26087.0,25869.75,26124.75,26149.25,26280.0,26221.0,2025-10-29 00:00:00+00:00,1.0,-0.2536135158842101,-0.7343987823439924,0.48175266206580414,-0.736287361351573,-0.8327902786828711,1.080412450835433,True
2025-10-31 00:00:00+00:00,26150.5,26004.0,26274.0,25888.75,23,4,26150.5,26164.25,26211.5,25994.25,26102.25,26004.0,25869.75,26149.25,2025-10-30 00:00:00+00:00,1.0,0.004780251823666148,1.321040984161037,0.05258025659165,0.18058992709517607,-0.8288346718043571,0.03750829510371645,True
2025-11-03 00:00:00+00:00,26064.25,26109.5,26266.0,26004.0,23,0,26064.25,26047.25,26189.5,26111.0,26140.5,26109.5,25994.25,26004.0,2025-10-31 00:00:00+00:00,3.0,0.23169512382710256,0.7511276532309985,-0.06522343823436305,0.5461229112478261,-0.2997384447965823,-0.005744705296617525,True
2025-11-04 00:00:00+00:00,26104.5,25577.0,26104.5,25522.75,23,1,26104.5,25775.25,25715.75,25579.5,25874.75,25577.0,26111.0,26109.5,2025-11-03 00:00:00+00:00,1.0,-0.019150117773225617,-1.5137298456589177,-1.2612767913578127,-0.23084160192432535,-0.529830940182574,-0.00977345139662189,False
2025-11-05 00:00:00+00:00,25545.0,25729.0,25880.0,25282.0,23,2,25545.0,25529.5,25586.75,25741.5,25680.5,25729.0,25579.5,25577.0,2025-11-04 00:00:00+00:00,1.0,-0.1251124056769748,0.028343009050213475,-0.060677236249750965,0.22425037701483408,0.6048052214525201,-0.048559718742113844,True
2025-11-06 00:00:00+00:00,25738.5,25310.5,25822.25,25197.75,23,3,25738.5,25682.25,25766.75,25258.75,25513.25,25310.5,25741.5,25729.0,2025-11-05 00:00:00+00:00,1.0,0.03692331610245514,0.0980906318590602,-0.2185442042077046,0.3290210164607954,-1.9715330804234155,0.20487949720393583,True
2025-11-07 00:00:00+00:00,25314.75,25166.25,25354.75,24709.25,23,4,25314.75,25326.25,25111.25,25163.5,25018.0,25166.25,25258.75,25310.5,2025-11-06 00:00:00+00:00,1.0,0.016791450188646806,-0.5839560548324796,0.04542806071559102,-0.8489215734662658,0.20807407038678782,0.010928527430609236,True
2025-11-10 00:00:00+00:00,25337.5,25720.75,25760.5,25166.25,23,0,25337.5,25469.5,25555.75,25713.0,25637.25,25720.75,25163.5,25166.25,2025-11-07 00:00:00+00:00,3.0,0.6804748422987172,1.5588054126015827,0.5209669462259425,0.3386403345177591,0.6153214051632272,0.030140395908673234,True
2025-11-11 00:00:00+00:00,25722.25,25659.0,25768.75,25478.5,23,1,25722.25,25684.75,25596.75,25647.0,25626.75,25659.0,25713.0,25720.75,2025-11-10 00:00:00+00:00,1.0,0.005831867266703483,-0.45210593863026505,-0.14578817949441047,-0.3426157544846653,0.19631398517390153,0.04678909814013199,True
2025-11-12 00:00:00+00:00,25668.0,25625.0,25830.0,25488.75,23,2,25668.0,25772.0,25800.75,25625.5,25593.5,25625.0,25647.0,25659.0,2025-11-11 00:00:00+00:00,1.0,0.03507541213609855,0.5994853199204675,0.405173757207411,0.11155517616017185,-0.6792438204315743,-0.0019511814403627703,True
2025-11-13 00:00:00+00:00,25624.0,25087.5,25721.5,25002.5,23,3,25624.0,25711.25,25497.75,25100.25,25382.0,25087.5,25625.5,25625.0,2025-11-12 00:00:00+00:00,1.0,-0.0039024390243946883,-0.49852685801252683,0.3405010927255647,-0.830375808255146,-1.5589610848016022,-0.05079630680969727,True
2025-11-14 00:00:00+00:00,25095.25,25094.0,25293.25,24626.0,23,4,25095.25,25067.5,24717.0,25106.0,24953.0,25094.0,25100.25,25087.5,2025-11-13 00:00:00+00:00,1.0,0.030891878425509667,-1.5268772223384186,-0.11057869517139274,-1.3982247930587444,1.5738155925071773,-0.04779733928144125,True
2025-11-17 00:00:00+00:00,25073.0,24905.5,25361.25,24731.75,23,0,25073.0,25236.25,25078.5,24887.75,25199.25,24905.5,25106.0,25094.0,2025-11-14 00:00:00+00:00,3.0,-0.08368534310990716,-0.10953556918664731,0.651098791528737,-0.6250928723562366,-0.7606116793269169,0.07132022782292413,True
2025-11-18 00:00:00+00:00,24905.5,24531.25,24959.5,24378.0,23,1,24905.5,24659.0,24731.75,24583.5,24521.75,24531.25,24887.75,24905.5,2025-11-17 00:00:00+00:00,1.0,0.0,-0.6268143966409179,-0.9897412218184742,0.295024129121213,-0.5994319043335028,-0.2125409319258864,False
2025-11-19 00:00:00+00:00,24551.0,24958.75,24988.0,24445.0,23,2,24551.0,24551.0,24664.75,24724.75,24894.0,24958.75,24583.5,24531.25,2025-11-18 00:00:00+00:00,1.0,0.08050955414011796,0.3305062338560427,0.0,0.463321249643589,0.24326214536940505,0.9464200851373672,True
2025-11-20 00:00:00+00:00,24966.75,24073.75,25310.0,24073.25,23,3,24966.75,25176.0,25230.0,24137.25,25275.0,24073.75,24724.75,24958.75,2025-11-19 00:00:00+00:00,1.0,0.032052887263978036,2.043498923143816,0.8381146925410699,0.21448999046711492,-4.331153388822829,-0.26307885115329777,True
2025-11-21 00:00:00+00:00,24110.0,24305.5,24596.25,23904.5,23,4,24110.0,24174.25,24242.0,24317.75,24174.25,24305.5,24137.25,24073.75,2025-11-20 00:00:00+00:00,1.0,0.15057895010124334,0.4339765300521048,0.2664869348817822,0.2802568849085363,0.3124742182988305,-0.05037472628018902,True
2025-11-24 00:00:00+00:00,24495.0,24962.75,24993.5,24361.75,23,0,24495.0,24475.0,24498.0,24942.5,24683.0,24962.75,24317.75,24305.5,2025-11-21 00:00:00+00:00,3.0,0.7796589249346786,0.741228115265602,-0.08164931618698246,0.09397344228805338,1.8144338313331732,0.08118672947778904,False
2025-11-25 00:00:00+00:00,24966.25,25085.5,25135.25,24602.0,23,1,24966.25,24902.25,24884.0,25079.75,24819.0,25085.5,24942.5,24962.75,2025-11-24 00:00:00+00:00,1.0,0.01402089112778615,-0.23453944071364363,-0.25634606719070474,-0.07328655041211052,0.7866500562610623,0.02292686330604976,True
2025-11-26 00:00:00+00:00,25071.25,25314.0,25376.0,25061.25,23,2,25071.25,25211.0,25214.25,25296.25,25167.0,25314.0,25079.75,25085.5,2025-11-25 00:00:00+00:00,1.0,-0.05680572442247067,0.5362892373329098,0.5574113775739242,0.012891198286468786,0.3252129252307778,0.07016850323664503,True
2025-12-01 00:00:00+00:00,25498.5,25399.75,25524.25,25193.25,23,0,25498.5,25268.0,25266.0,25402.0,25365.75,25399.75,,25487.0,2025-11-28 00:00:00+00:00,3.0,0.04512104209990486,,-0.903974743612368,-0.007915149596326998,0.5382727776458429,-0.008857570270059956,True
2025-12-02 00:00:00+00:00,25411.5,25603.75,25670.0,25324.75,23,1,25411.5,25369.5,25507.25,25600.5,25598.5,25603.75,25402.0,25399.75,2025-12-01 00:00:00+00:00,1.0,0.046260297837585895,0.41433745374379605,-0.16527949943923037,0.5429748319832894,0.3655823344343334,0.01269506454952829,True
2025-12-03 00:00:00+00:00,25611.0,25657.5,25685.25,25421.5,23,2,25611.0,25657.5,25648.0,25657.25,25497.5,25657.5,25600.5,25603.75,2025-12-02 00:00:00+00:00,1.0,0.028316164624331286,0.18554325110837766,0.1815626098160994,-0.03702621065965195,0.03606519026824184,0.0009743834588737954,True
2025-12-04 00:00:00+00:00,25650.25,25632.5,25732.5,25488.75,23,3,25650.25,25655.25,25631.75,25627.25,25555.5,25632.5,25657.25,25657.5,2025-12-03 00:00:00+00:00,1.0,-0.02825684497710368,-0.09938711280437218,0.01949298739778449,-0.09159918535193157,-0.017556351009972992,0.020486006106779087,True
2025-12-05 00:00:00+00:00,25629.75,25732.0,25868.0,25579.75,23,4,25629.75,25712.0,25613.75,25726.0,25791.25,25732.0,25627.25,25632.5,2025-12-04 00:00:00+00:00,1.0,-0.010728567248607934,-0.05267830141744145,0.3209161228650226,-0.38211729931549865,0.4382411790542218,0.02332270854388252,True
2025-12-08 00:00:00+00:00,25738.75,25706.75,25860.75,25564.75,23,0,25738.75,25789.5,25810.25,25669.0,25744.75,25706.75,25726.0,25732.0,2025-12-05 00:00:00+00:00,3.0,0.026231929115505537,0.3274896991370513,0.19717352241270802,0.08045910157234992,-0.5472631996977895,0.14706455257313955,True
2025-12-09 00:00:00+00:00,25713.0,25676.25,25735.75,25560.0,23,1,25713.0,25683.0,25616.5,25703.25,25630.5,25676.25,25669.0,25706.75,2025-12-08 00:00:00+00:00,1.0,0.02431268052165425,-0.20452686119443175,-0.1166725002916813,-0.25892613791224095,0.3386489176897767,-0.10504508184762118,True
2025-12-10 00:00:00+00:00,25680.0,25800.5,25870.75,25528.75,23,2,25680.0,25703.25,25673.0,25800.0,25630.5,25800.5,25703.25,25676.25,2025-12-09 00:00:00+00:00,1.0,0.01460493646852079,-0.11768939725521621,0.0905373831775691,-0.11768939725521621,0.4946831301367194,0.0019379844961253667,True
2025-12-11 00:00:00+00:00,25769.5,25834.75,25861.5,25383.0,23,3,25769.5,25510.25,25643.75,25715.0,25414.75,25834.75,25800.0,25800.5,2025-12-10 00:00:00+00:00,1.0,-0.12015271021879048,-0.6056201550387552,-1.006034265313649,0.5233190580256952,0.2778454789178708,0.46568150884698234,True
2025-12-12 00:00:00+00:00,25701.0,25213.5,25733.25,25118.0,23,4,25701.0,25679.0,25625.5,25209.75,25558.25,25213.5,25715.0,25834.75,2025-12-11 00:00:00+00:00,1.0,-0.5177135447410941,-0.3480458876142345,-0.08559978210964658,-0.20834144631800555,-1.6224073676611162,0.014875197096353432,False
2025-12-15 00:00:00+00:00,25146.5,25101.5,25410.0,25033.25,23,0,25146.5,25274.25,25380.0,25084.0,25225.75,25101.5,25209.75,25213.5,2025-12-12 00:00:00+00:00,3.0,-0.26573066016221114,0.6753339481748055,0.5080229853061002,0.4184100418409997,-1.1662726556343594,0.06976558762556984,True
2025-12-16 00:00:00+00:00,25101.25,25321.5,25444.0,24828.0,23,1,25101.25,24886.0,25252.5,25132.75,25149.25,25321.5,25084.0,25101.5,2025-12-15 00:00:00+00:00,1.0,-0.000995956416949273,0.6717429437091305,-0.8575270155868786,1.472715583058748,-0.4742104742104791,0.7510121256129931,True
2025-12-17 00:00:00+00:00,25332.0,24951.75,25508.5,24756.25,23,2,25332.0,25394.25,25464.75,24892.0,25099.5,24951.75,25132.75,25321.5,2025-12-16 00:00:00+00:00,1.0,0.04146673775249354,1.3209855666411308,0.24573661771671862,0.2776219025960591,-2.249187602470082,0.2400369596657459,True
2025-12-18 00:00:00+00:00,24983.5,25219.0,25412.5,24901.25,23,3,24983.5,24984.0,25221.5,25252.0,25277.5,25219.0,24892.0,24951.75,2025-12-17 00:00:00+00:00,1.0,0.12724558397707586,1.323718463763468,0.002001320871780621,0.9506083893692008,0.12092857284460301,-0.13068271820053656,True
2025-12-19 00:00:00+00:00,25240.0,25574.75,25600.25,25209.75,23,4,25240.0,25299.0,25323.0,25581.0,25558.75,25574.75,25252.0,25219.0,2025-12-18 00:00:00+00:00,1.0,0.08327054998216177,0.28116584824964264,0.23375594294769986,0.09486540969998458,1.018836630730946,-0.024432195770296428,True
2025-12-22 00:00:00+00:00,25643.5,25700.25,25794.75,25628.0,23,0,25643.5,25690.25,25753.0,25688.25,25747.0,25700.25,25581.0,25574.75,2025-12-19 00:00:00+00:00,3.0,0.2688198320609292,0.6723740275986101,0.18230740733520268,0.24425608937241883,-0.25142701821146973,0.04671396455577792,False
2025-12-23 00:00:00+00:00,25701.0,25811.5,25822.5,25608.25,23,1,25701.0,25667.5,25621.0,25811.25,25692.25,25811.5,25688.25,25700.25,2025-12-22 00:00:00+00:00,1.0,0.0029182595500110153,-0.26179284303134986,-0.13034512275786891,-0.1811629492548983,0.7425549354045602,0.0009685699065231645,True
2025-12-29 00:00:00+00:00,25870.5,25744.5,25893.75,25648.0,23,0,25870.5,25816.25,25694.75,25741.0,25723.0,25744.5,25866.75,25863.25,2025-12-26 00:00:00+00:00,3.0,0.0280320532028977,-0.6649463113843068,-0.2096983050192347,-0.4706338062266946,0.17999785948490388,0.01359698535410292,True
2025-12-30 00:00:00+00:00,25740.0,25676.0,25793.75,25668.25,23,1,25740.0,25725.75,25714.25,25677.5,25756.0,25676.0,25741.0,25744.5,2025-12-29 00:00:00+00:00,1.0,-0.017479461632585735,-0.10391981663494532,-0.05536130536130113,-0.044702292450171655,-0.1429168651623125,-0.005841690195695914,True
2025-12-31 00:00:00+00:00,25683.25,25434.75,25716.75,25429.0,23,2,25683.25,25595.5,25702.75,25455.25,25606.25,25434.75,25677.5,25676.0,2025-12-30 00:00:00+00:00,1.0,0.02823648543386348,0.09833511829422381,-0.3416623674963204,0.41901896817799766,-0.9629319819863591,-0.08053348523389126,True
2026-01-05 00:00:00+00:00,25426.75,25578.25,25708.0,25408.0,23,0,25426.75,25506.25,25576.0,25587.0,25593.25,25578.25,25386.0,25385.25,2026-01-02 00:00:00+00:00,3.0,0.16348076146581736,0.748444024265349,0.31266284523188137,0.2734623866699426,0.04300907100407425,-0.03419705319107624,False
2026-01-06 00:00:00+00:00,25583.0,25831.25,25837.75,25527.5,23,1,25583.0,25669.5,25616.75,25834.75,25753.0,25831.25,25587.0,25578.25,2026-01-05 00:00:00+00:00,1.0,0.018570465141287684,0.11626998084965923,0.33811515459485353,-0.20549679580825764,0.8510056896366525,-0.013547644161449046,True
2026-01-07 00:00:00+00:00,25831.25,25835.75,25996.25,25727.0,23,2,25831.25,25768.75,25788.25,25834.25,25857.25,25835.75,25834.75,25831.25,2026-01-06 00:00:00+00:00,1.0,0.0,-0.17999012957353733,-0.24195499637067464,0.07567305360174359,0.1783758106889799,0.005806245584838443,False
2026-01-08 00:00:00+00:00,25838.75,25712.0,25849.75,25569.0,23,3,25838.75,25705.75,25799.5,25683.0,25603.75,25712.0,25834.25,25835.75,2026-01-07 00:00:00+00:00,1.0,0.01161181695905622,-0.13451135604866105,-0.5147307822553349,0.3647043949311035,-0.45155913874299625,0.1129151578865395,True
2026-01-09 00:00:00+00:00,25725.0,25938.25,25985.5,25615.5,23,4,25725.0,25691.5,25805.25,25932.75,25734.0,25938.25,25683.0,25712.0,2026-01-08 00:00:00+00:00,1.0,0.05056004978221118,0.47599579488377675,-0.13022351797862264,0.44275343985364923,0.49408550585636757,0.02120870328059521,True
2026-01-12 00:00:00+00:00,25914.25,25942.25,26020.5,25632.75,23,0,25914.25,25718.0,25743.75,25952.25,25901.25,25942.25,25932.75,25938.25,2026-01-09 00:00:00+00:00,3.0,-0.09252744498954302,-0.7288081672788271,-0.7573053435850907,0.10012442647173714,0.8099053168244774,-0.0385323045207997,True
2026-01-13 00:00:00+00:00,25953.5,25898.25,26045.5,25803.25,23,1,25953.5,25916.25,25970.25,25903.75,25947.25,25898.25,25952.25,25942.25,2026-01-12 00:00:00+00:00,1.0,0.043365552332574886,0.0693581481374439,-0.14352592135935538,0.2083634785125188,-0.256062225045961,-0.021232447039520874,True
2026-01-14 00:00:00+00:00,25900.75,25612.0,25925.75,25420.75,23,2,25900.75,25861.25,25754.25,25636.75,25586.25,25612.0,25903.75,25898.25,2026-01-13 00:00:00+00:00,1.0,0.009653161893186102,-0.5771365149833563,-0.15250523633485447,-0.41374643530378563,-0.4562353786268236,-0.09654109822813117,True
2026-01-15 00:00:00+00:00,25593.0,25707.0,25952.75,25562.5,23,3,25593.0,25700.5,25893.75,25719.25,25863.5,25707.0,25636.75,25612.0,2026-01-14 00:00:00+00:00,1.0,-0.07418397626113293,1.0024671613991565,0.42003672879302734,0.7519308962860682,-0.673907796282891,-0.04762969371190362,True
2026-01-16 00:00:00+00:00,25720.5,25681.25,25891.0,25591.5,23,4,25720.5,25823.75,25826.0,25684.75,25729.0,25681.25,25719.25,25707.0,2026-01-15 00:00:00+00:00,1.0,0.05251487921578146,0.4150587594894839,0.40143076534282507,0.008712909627761611,-0.5469294509409139,-0.013626762962459793,True
2026-01-21 00:00:00+00:00,25149.5,25509.5,25653.5,25025.0,23,2,25149.5,25196.25,25083.0,25471.5,25323.5,25509.5,25141.25,25142.75,2026-01-20 00:00:00+00:00,1.0,0.026846705312655317,-0.23169094615422825,0.18588838744308944,-0.44947164756660163,1.5488577921301205,0.14918634552343324,True
2026-01-22 00:00:00+00:00,25529.5,25630.0,25739.75,25483.75,23,3,25529.5,25539.25,25735.75,25663.0,25582.0,25630.0,25471.5,25509.5,2026-01-21 00:00:00+00:00,1.0,0.07840216389971566,1.0374339948570066,0.03819111224270255,0.769403956654946,-0.2826807067989101,-0.1285897985426443,True
2026-01-23 00:00:00+00:00,25605.0,25680.5,25845.75,25540.25,23,4,25605.0,25705.75,25570.75,25734.5,25668.0,25680.5,25663.0,25630.0,2026-01-22 00:00:00+00:00,1.0,-0.09754194303550623,-0.35946693683512887,0.3934778363600788,-0.5251743287007726,0.6403801218188843,-0.20983504633856898,True
2026-01-26 00:00:00+00:00,25465.5,25861.25,25936.5,25463.25,23,0,25465.5,25669.5,25716.25,25844.5,25837.0,25861.25,25734.5,25680.5,2026-01-23 00:00:00+00:00,3.0,-0.8372111134907767,-0.07091647399405376,0.8010838192849201,0.18212275268314482,0.4987119039517873,0.06481069473196488,True
2026-01-27 00:00:00+00:00,25861.25,26110.0,26118.0,25838.5,23,1,25861.25,26002.5,25990.5,26075.5,26052.5,26110.0,25844.5,25861.25,2026-01-26 00:00:00+00:00,1.0,0.0,0.5649171003501818,0.5461839624921527,-0.04614940871070505,0.3270425732479154,0.13230810530957537,False
2026-01-28 00:00:00+00:00,26111.25,26268.25,26349.0,25993.25,23,2,26111.25,26301.75,26273.5,26150.75,26253.0,26268.25,26075.5,26110.0,2026-01-27 00:00:00+00:00,1.0,0.004787437763309477,0.7593334739506519,0.7295705873904934,-0.10740730179550351,-0.4672007916722176,0.44931789719224735,True
2026-01-29 00:00:00+00:00,26282.5,25982.5,26296.0,25536.0,23,3,26282.5,26246.5,26194.25,25992.75,25864.5,25982.5,26150.75,26268.25,2026-01-28 00:00:00+00:00,1.0,0.05424799901021515,0.1663432215137206,-0.1369732711880567,-0.19907416226925267,-0.7692527940292293,-0.03943407296265189,True
2026-02-03 00:00:00+00:00,25876.5,25421.25,26027.75,25219.0,23,1,25876.5,25991.25,25967.0,25446.25,25632.75,25421.25,25855.75,25873.25,2026-02-02 00:00:00+00:00,1.0,0.012561236025621092,0.430271796408932,0.44345255347515433,-0.09330063001972144,-2.00542996880656,-0.09824630348282959,True
2026-02-04 00:00:00+00:00,25387.5,25117.0,25514.25,24783.5,23,2,25387.5,25470.75,25356.25,24996.5,25194.25,25117.0,25446.25,25421.25,2026-02-03 00:00:00+00:00,1.0,-0.13276294438707703,-0.35368669253819096,0.32791728212702154,-0.44953525121953497,-1.4187823514912545,0.4820674894485233,True
2026-02-05 00:00:00+00:00,25061.75,24425.25,25169.0,24407.25,23,3,25061.75,25072.5,24768.25,24638.75,24769.0,24425.25,24996.5,25117.0,2026-02-04 00:00:00+00:00,1.0,-0.2199705378827077,-0.9131278378973096,0.04289405169231042,-1.213480905374409,-0.5228467897408939,-0.8665212317994997,True
2026-02-06 00:00:00+00:00,24416.0,25107.75,25222.0,24239.75,23,4,24416.0,24546.75,24797.0,25148.0,24856.75,25107.75,24638.75,24425.25,2026-02-05 00:00:00+00:00,1.0,-0.037870646155102605,0.642280959870134,0.5355095019659251,1.0194832309776247,1.4154938097350467,-0.16005248926356241,True
2026-02-09 00:00:00+00:00,25242.75,25361.5,25428.75,24955.5,23,0,25242.75,25167.0,25080.0,25338.5,25112.25,25361.5,25148.0,25107.75,2026-02-06 00:00:00+00:00,3.0,0.5376825880455183,-0.2703992365198027,-0.30008616335382987,-0.3456907855525104,1.0307017543859542,0.09077096118554895,True
2026-02-10 00:00:00+00:00,25363.0,25257.25,25447.25,25198.25,23,1,25363.0,25314.25,25372.75,25219.0,25392.5,25257.25,25338.5,25361.5,2026-02-09 00:00:00+00:00,1.0,0.005914476667379098,0.1351698008958735,-0.19220912352639896,0.23109513416357252,-0.6059650609413603,0.1516713588960661,True
2026-02-11 00:00:00+00:00,25259.0,25278.75,25465.25,25058.25,23,2,25259.0,25270.25,25443.5,25278.25,25306.5,25278.75,25219.0,25257.25,2026-02-10 00:00:00+00:00,1.0,0.006928703639541567,0.8902018319520977,0.04453858030801783,0.6855887852316389,-0.6494782557431189,0.0019779850266576915,True
2026-02-12 00:00:00+00:00,25289.0,24822.0,25419.75,24721.5,23,3,25289.0,25319.25,25396.25,24762.75,25208.25,24822.0,25278.25,25278.75,2026-02-11 00:00:00+00:00,1.0,0.04054789101517464,0.4668044662901938,0.11961722488038617,0.3041164331486934,-2.494462765172023,0.23927067874125463,True
2026-02-13 00:00:00+00:00,24842.25,24773.5,24995.5,24578.75,23,4,24842.25,24713.5,24780.75,24802.75,24699.0,24773.5,24762.75,24822.0,2026-02-12 00:00:00+00:00,1.0,0.08158085569252016,0.07268982645303179,-0.5182702855015098,0.2721184777550789,0.08877858821867424,-0.11793047141950286,True
2026-02-18 00:00:00+00:00,24773.75,24936.5,25128.25,24700.75,23,2,24773.75,24823.0,24828.75,24957.5,24940.75,24936.5,24776.75,24768.25,2026-02-17 00:00:00+00:00,1.0,0.02220584821293059,0.20987417639521944,0.19879913214591038,0.023164001127984335,0.5185520817600597,-0.08414304317339028,True
2026-02-19 00:00:00+00:00,24943.5,24836.0,25054.0,24749.0,23,3,24943.5,25019.5,24855.0,24863.5,24880.0,24836.0,24957.5,24936.5,2026-02-18 00:00:00+00:00,1.0,0.028071301104803936,-0.4106981869177573,0.3046885962274759,-0.657487160015191,0.034198350432501634,-0.11060389727914899,True
2026-02-20 00:00:00+00:00,24837.75,25067.5,25139.5,24678.5,23,4,24837.75,24942.75,24769.75,25074.0,24900.5,25067.5,24863.5,24836.0,2026-02-19 00:00:00+00:00,1.0,0.007046223224360659,-0.3770587407243564,0.4227436060029621,-0.6935883172464963,1.2283127605244193,-0.02592326712930193,True
2026-02-23 00:00:00+00:00,25031.0,24786.25,25057.75,24668.0,23,0,25031.0,24868.5,24935.0,24768.0,24913.25,24786.25,25074.0,25067.5,2026-02-20 00:00:00+00:00,3.0,-0.14560686147402357,-0.5543590970726653,-0.6491949982022294,0.267406558497707,-0.6697413274513786,0.07368378552972121,False
2026-02-24 00:00:00+00:00,24788.0,25016.25,25078.75,24694.5,23,1,24788.0,24837.5,24876.75,25029.5,24878.5,25016.25,24768.0,24786.25,2026-02-23 00:00:00+00:00,1.0,0.007060366130406948,0.43907461240308976,0.19969340003227476,0.1580271766482122,0.6140271538685793,-0.05293753371021781,True
2026-02-25 00:00:00+00:00,25016.25,25461.75,25494.75,24992.0,23,2,25016.25,25043.0,25150.75,25383.25,25343.25,25461.75,25029.5,25016.25,2026-02-24 00:00:00+00:00,1.0,0.0,0.4844283745180755,0.10693049517813691,0.43025995288104024,0.9244257129509048,0.30925905863119496,False
2026-02-26 00:00:00+00:00,25388.25,25028.0,25418.25,24861.75,23,3,25388.25,25327.25,25383.0,25083.25,25193.5,25028.0,25383.25,25461.75,2026-02-25 00:00:00+00:00,1.0,-0.2886682965624887,-0.0009849014606100326,-0.24026862820398787,0.2201186469119154,-1.180908482054921,-0.22026651251333407,False
2026-02-27 00:00:00+00:00,25024.25,25004.75,25098.75,24782.0,23,4,25024.25,25033.0,24871.0,24998.25,24879.5,25004.75,25083.25,25028.0,2026-02-26 00:00:00+00:00,1.0,-0.01498321879495057,-0.8461822132299401,0.034966082899590134,-0.6471457675867875,0.5116400627236617,0.02600182012741925,True
2026-03-02 00:00:00+00:00,24785.5,24995.75,25101.0,24477.0,23,0,24785.5,24588.0,24621.5,25021.75,24862.0,24995.75,24998.25,25004.75,2026-02-27 00:00:00+00:00,3.0,-0.8768334016536872,-1.5071054973848197,-0.796836860261041,0.1362453229217575,1.6256117620778499,-0.1039095986491767,True
2026-03-03 00:00:00+00:00,25002.75,24709.75,25011.0,24352.0,23,1,25002.75,24753.25,24496.0,24756.5,24489.0,24709.75,25021.75,24995.75,2026-03-02 00:00:00+00:00,1.0,0.028004760809330342,-2.10117198037707,-0.997890232074472,-1.0392574712411506,1.0634389288046942,-0.1888392947306805,True
2026-03-04 00:00:00+00:00,24710.75,25138.0,25217.75,24499.0,23,2,24710.75,24570.25,24889.5,25120.5,24919.25,25138.0,24756.5,24709.75,2026-03-03 00:00:00+00:00,1.0,0.004046985501671152,0.5372326459717636,-0.56857845269771,1.2993355785960725,0.9281022117760607,0.06966421846699156,True
2026-03-05 00:00:00+00:00,25156.5,25010.5,25250.0,24772.5,23,3,25156.5,25091.75,24994.5,25048.0,25185.5,25010.5,25120.5,25138.0,2026-03-04 00:00:00+00:00,1.0,0.07359376243138982,-0.501582372962317,-0.2573887464472402,-0.3875775902438039,0.21404709035988123,-0.1497125519003495,True
2026-03-06 00:00:00+00:00,25019.75,24670.25,25141.5,24601.0,23,4,25019.75,25106.5,24644.5,24667.25,24691.25,24670.25,25048.0,25010.5,2026-03-05 00:00:00+00:00,1.0,0.03698446652407039,-1.6109070584477858,0.3467260863917465,-1.8401609145042075,0.09231268640061963,0.012161874550264962,True
2026-03-09 00:00:00+00:00,24245.0,24958.0,25058.0,24000.0,23,0,24245.0,24258.5,24380.75,24992.0,24370.75,24958.0,24667.25,24670.25,2026-03-06 00:00:00+00:00,3.0,-1.7237360788804335,-1.161459019550215,0.05568158383171262,0.5039470700991311,2.507100889021041,-0.136043533930863,True
2026-03-10 00:00:00+00:00,24981.5,25010.5,25217.5,24830.0,23,1,24981.5,24957.5,24970.25,24986.25,24964.75,25010.5,24992.0,24958.0,2026-03-09 00:00:00+00:00,1.0,0.09415818575206902,-0.08702784891164717,-0.09607109260852953,0.05108684764099092,0.06407625073838741,0.0970533793586581,True
2026-03-11 00:00:00+00:00,25010.25,24945.5,25180.0,24873.5,23,2,25010.25,25029.25,24946.25,24984.0,25101.5,24945.5,24986.25,25010.5,2026-03-10 00:00:00+00:00,1.0,-0.0009995801763307277,-0.16008804842663205,0.07596885277036947,-0.3316120139436829,0.15132534950141885,-0.1540986231187924,True
2026-03-12 00:00:00+00:00,24934.5,24568.5,24949.25,24517.75,23,3,24934.5,24769.75,24834.5,24555.75,24658.75,24568.5,24984.0,24945.5,2026-03-11 00:00:00+00:00,1.0,-0.04409612956244313,-0.5983829650976658,-0.6607311155226725,0.2614075636613311,-1.1224304898427628,0.05192266577074278,True
2026-03-13 00:00:00+00:00,24567.0,24394.25,24805.25,24333.75,23,4,24567.0,24584.0,24680.5,24397.25,24728.5,24394.25,24555.75,24568.5,2026-03-12 00:00:00+00:00,1.0,-0.006105378838761055,0.5080276513647508,0.06919851833759871,0.3925317279531493,-1.1476671866453292,-0.012296467839612024,True
2026-03-16 00:00:00+00:00,24326.0,24872.25,25035.0,24295.25,23,0,24326.0,24558.75,24658.0,24884.75,24735.5,24872.25,24397.25,24394.25,2026-03-13 00:00:00+00:00,3.0,-0.2797790462916505,1.0687679963930385,0.9567951985529843,0.40413294650583076,0.9195798523805587,-0.05023156752629321,True
2026-03-17 00:00:00+00:00,24870.0,25027.5,25117.0,24728.25,23,1,24870.0,24754.25,24932.75,25010.5,25092.75,25027.5,24884.75,24872.25,2026-03-16 00:00:00+00:00,1.0,-0.00904622621595852,0.19288921930098457,-0.4654201849618067,0.7210882979690414,0.31183884649708116,0.06797145199015642,True
2026-03-18 00:00:00+00:00,25019.75,24606.25,25210.5,24565.5,23,2,25019.75,25169.0,24880.75,24651.5,24969.0,24606.25,25010.5,25027.5,2026-03-17 00:00:00+00:00,1.0,-0.0309659374687854,-0.5187821115131608,0.5965287422935894,-1.145258055544518,-0.9213950544095351,-0.18355880980873707,True
2026-03-19 00:00:00+00:00,24622.0,24617.0,24725.25,24326.75,23,3,24622.0,24596.5,24447.0,24574.75,24501.75,24617.0,24651.5,24606.25,2026-03-18 00:00:00+00:00,1.0,0.06400812801625744,-0.8295641238869833,-0.1035659166598979,-0.6078100542760145,0.5225590051949114,0.17192443463311946,True
2026-03-20 00:00:00+00:00,24632.75,24206.5,24660.5,23971.25,23,4,24632.75,24592.25,24496.25,24113.0,24285.75,24206.5,24574.75,24617.0,2026-03-19 00:00:00+00:00,1.0,0.06398017630093733,-0.3194335649396196,-0.16441526017192398,-0.39036688387601437,-1.56452518242588,0.3877576411064565,True
2026-03-23 00:00:00+00:00,24005.0,24400.0,24763.0,23772.5,23,0,24005.0,23972.75,24610.0,24399.25,24600.5,24400.0,24113.0,24206.5,2026-03-20 00:00:00+00:00,3.0,-0.8324210439344837,2.0611288516567905,-0.13434701103937075,2.6582265280370443,-0.856359203575785,0.003073864975355889,True
2026-03-24 00:00:00+00:00,24417.25,24403.75,24550.0,24134.0,23,1,24417.25,24263.0,24279.5,24218.75,24215.75,24403.75,24399.25,24400.0,2026-03-23 00:00:00+00:00,1.0,0.07069672131148064,-0.4907937743988011,-0.6317255219158602,0.06800478094217688,-0.2502110834242899,0.7638709677419309,True
2026-03-25 00:00:00+00:00,24420.0,24367.75,24539.75,24286.5,23,2,24420.0,24382.5,24448.75,24372.0,24368.5,24367.75,24218.75,24403.75,2026-03-24 00:00:00+00:00,1.0,0.06658812682476256,0.949677419354833,-0.15356265356265553,0.2717112683277012,-0.3139219796513104,-0.01743804365665902,True
2026-03-26 00:00:00+00:00,24373.5,23822.0,24421.25,23763.25,23,3,24373.5,24255.75,24117.25,23787.25,24216.0,23822.0,24372.0,24367.75,2026-03-25 00:00:00+00:00,1.0,0.02359676211385331,-1.0452568521253869,-0.4831066527170913,-0.5709986291910218,-1.3683152100674834,0.14608666407425197,True
2026-03-27 00:00:00+00:00,23824.0,23254.25,23976.0,23232.5,23,4,23824.0,23926.5,23615.5,23309.0,23481.0,23254.25,23787.25,23822.0,2026-03-26 00:00:00+00:00,1.0,0.008395600705224382,-0.7220254548129801,0.43023841504366,-1.2998140137504444,-1.297876394740738,-0.23488781157492422,True
2026-03-30 00:00:00+00:00,23164.25,23106.25,23574.0,23024.5,23,0,23164.25,23345.5,23505.75,23135.5,23302.5,23106.25,23309.0,23254.25,2026-03-27 00:00:00+00:00,3.0,-0.38702602750034787,0.8440945557510071,0.7824557237985363,0.6864277912231431,-1.5751465067058046,-0.126429080849777,True
2026-03-31 00:00:00+00:00,23119.5,23905.5,23975.25,22961.5,23,1,23119.5,23311.25,23370.75,23909.75,23569.0,23905.5,23135.5,23106.25,2026-03-30 00:00:00+00:00,1.0,0.05734379226400854,1.0168355989712774,0.8293864486688785,0.25524156791247865,2.3063016805194625,-0.017775175399159515,True
2026-04-01 00:00:00+00:00,23889.0,24187.25,24348.25,23880.0,23,2,23889.0,24041.5,24061.0,24200.5,24121.75,24187.25,23909.75,23905.5,2026-03-31 00:00:00+00:00,1.0,-0.06902177323210301,0.6325871244994286,0.6383691238645461,0.08110974772788104,0.5797764016458151,-0.05475093489804017,True
2026-04-02 00:00:00+00:00,24180.0,24219.5,24266.75,23666.0,23,3,24180.0,23757.5,23725.25,24220.75,23897.75,24219.5,24200.5,24187.25,2026-04-01 00:00:00+00:00,1.0,-0.02997447002036635,-1.9638024007768484,-1.7473118279569877,-0.13574660633484115,2.0884922182063503,-0.00516086413508976,True
2026-04-06 00:00:00+00:00,24093.5,24349.75,24452.25,23981.5,23,0,24093.5,24232.25,24307.5,24363.0,24411.5,24349.75,,24168.0,2026-04-03 00:00:00+00:00,3.0,-0.3082588546838849,,0.5758814618050501,0.31053657832020853,0.22832459117556603,-0.054385748881502494,True
2026-04-07 00:00:00+00:00,24348.75,24399.25,24451.5,23941.5,23,1,24348.75,24228.5,24216.25,24370.0,24121.25,24399.25,24363.0,24349.75,2026-04-06 00:00:00+00:00,1.0,-0.004106818345162022,-0.602347822517757,-0.4938651881513434,-0.05056029056689226,0.6349042481804679,0.12002462043496642,True
2026-04-08 00:00:00+00:00,24514.0,25039.0,25257.0,24355.0,23,2,24514.0,25192.0,25213.0,25079.75,25080.75,25039.0,24370.0,24399.25,2026-04-07 00:00:00+00:00,1.0,0.47030134122976186,3.459171112022985,2.7657665007750687,0.08335979676088456,-0.5284972038234192,-0.16248168342986036,True
2026-04-09 00:00:00+00:00,25037.75,25244.75,25269.75,24953.0,23,3,25037.75,25030.0,25029.25,25248.75,25033.0,25244.75,25079.75,25039.0,2026-04-08 00:00:00+00:00,1.0,-0.004992212149046438,-0.20135766903577323,-0.030953260576527253,-0.002996404314825618,0.8769739404896226,-0.015842368434082488,True
2026-04-10 00:00:00+00:00,25237.0,25281.25,25393.0,25193.0,23,4,25237.0,25261.75,25304.0,25284.25,25319.0,25281.25,25248.75,25244.75,2026-04-09 00:00:00+00:00,1.0,-0.030699452361382384,0.2188227139957366,0.09807029361652564,0.16724890397536996,-0.07805090104331391,-0.011865093882557076,True
2026-04-13 00:00:00+00:00,24992.0,25585.5,25599.25,24922.0,23,0,24992.0,25080.0,25168.25,25537.75,25308.0,25585.5,25284.25,25281.25,2026-04-10 00:00:00+00:00,3.0,-1.1441285537700852,-0.45878363012546997,0.35211267605634866,0.35187400318978934,1.468119555392211,0.1869781010464866,True
2026-04-14 00:00:00+00:00,25575.25,25990.0,26003.25,25560.0,23,1,25575.25,25574.5,25675.5,26001.25,25721.5,25990.0,25537.75,25585.5,2026-04-13 00:00:00+00:00,1.0,-0.040061753727693716,0.539397558516308,-0.002932522653742442,0.39492463195760497,1.2687192070261588,-0.04326715061775399,True
2026-04-15 00:00:00+00:00,25985.75,26359.5,26377.5,25933.75,23,2,25985.75,25979.0,25990.0,26363.5,26069.25,26359.5,26001.25,25990.0,2026-04-14 00:00:00+00:00,1.0,-0.016352443247402704,-0.04326715061775399,-0.02597577518447247,0.04234189152776402,1.4370911889188154,-0.015172492271509075,True
2026-04-16 00:00:00+00:00,26350.0,26464.25,26564.0,26275.5,23,3,26350.0,26455.75,26402.0,26483.75,26321.25,26464.25,26363.5,26359.5,2026-04-15 00:00:00+00:00,1.0,-0.03604013733189415,0.14603523811329566,0.40132827324477205,-0.2031694433157205,0.30963563366410707,-0.07363005616651819,True
2026-04-17 00:00:00+00:00,26460.0,26825.5,26884.75,26440.0,23,4,26460.0,26466.0,26742.0,26827.5,26731.75,26825.5,26483.75,26464.25,2026-04-16 00:00:00+00:00,1.0,-0.01605940088987845,0.9751262566668251,0.02267573696144165,1.0428474268873167,0.31972178595467415,-0.007455036809245197,True
2026-04-20 00:00:00+00:00,26638.75,26774.25,26827.75,26568.75,21,0,26638.75,26636.0,26751.75,26745.0,26782.75,26774.25,26827.5,26825.5,2026-04-17 00:00:00+00:00,3.0,-0.696165961491868,-0.2823595191501216,-0.0103233072122344,0.4345622465835808,-0.02523199416860633,0.1093662366797643,True
2026-04-21 00:00:00+00:00,26776.75,26721.25,26901.75,26551.75,23,1,26776.75,26826.5,26823.25,26641.5,26838.75,26721.25,26745.0,26774.25,2026-04-20 00:00:00+00:00,1.0,0.009337329710445985,0.29257805197233644,0.18579551289832352,-0.01211488639963898,-0.677583812550675,0.2993450068502046,True
2026-04-22 00:00:00+00:00,26729.5,27106.5,27136.0,26727.75,23,2,26729.5,26833.0,26821.75,27079.75,26864.25,27106.5,26641.5,26721.25,2026-04-21 00:00:00+00:00,1.0,0.030874304158667876,0.6765760186175696,0.38721263023999697,-0.041925986658220005,0.9619059159077903,0.09878230042743574,False
2026-04-23 00:00:00+00:00,27075.0,26942.75,27155.75,26681.75,23,3,27075.0,26979.0,27009.25,26926.5,27017.25,26942.75,27079.75,27106.5,2026-04-22 00:00:00+00:00,1.0,-0.11620828952465523,-0.26034213757512026,-0.3545706371191115,0.112124244782974,-0.30637651915547126,0.060349469853115956,True
2026-04-24 00:00:00+00:00,26992.0,27440.25,27462.5,26992.0,23,4,26992.0,27086.25,27238.0,27433.25,27193.75,27440.25,26926.5,26942.75,2026-04-23 00:00:00+00:00,1.0,0.18279500051034958,1.156852914415163,0.3491775340841663,0.5602473579768397,0.7168294294735311,0.025516480912757267,False
2026-04-27 00:00:00+00:00,27357.25,27418.5,27542.5,27298.5,23,0,27357.25,27449.25,27419.75,27445.0,27401.5,27418.5,27433.25,27440.25,2026-04-24 00:00:00+00:00,3.0,-0.3024753783219869,-0.04921035604603663,0.33629111113142596,-0.10747106022933606,0.09208690815927234,-0.09655674986336349,True
2026-04-28 00:00:00+00:00,27423.0,27191.5,27512.0,27009.5,23,1,27423.0,27363.0,27148.75,27169.25,27201.75,27191.5,27445.0,27418.5,2026-04-27 00:00:00+00:00,1.0,0.0164122763827379,-1.079431590453639,-0.21879444262116188,-0.782991631034613,0.07550992218794406,0.08189405301950448,True
2026-04-29 00:00:00+00:00,27197.25,27148.75,27414.0,27094.0,23,2,27197.25,27297.25,27225.75,27337.0,27220.75,27148.75,27169.25,27191.5,2026-04-28 00:00:00+00:00,1.0,0.021146314105502384,0.20795568519558216,0.3676842327808849,-0.2619311469103991,0.40862051550463185,-0.6886271353842788,True
2026-04-30 00:00:00+00:00,27207.0,27598.5,27622.75,27163.25,23,3,27207.0,27223.5,27522.75,27577.5,27247.25,27598.5,27337.0,27148.75,2026-04-29 00:00:00+00:00,1.0,0.21455868133892775,0.679482020704536,0.060646157238952725,1.0992341175822373,0.1989263427528032,0.07614903453903032,False
2026-05-01 00:00:00+00:00,27631.75,27835.75,27917.0,27536.25,23,4,27631.75,27617.75,27576.5,27837.0,27873.5,27835.75,27577.5,27598.5,2026-04-30 00:00:00+00:00,1.0,0.12047756218636074,-0.0036261445018559435,-0.05066635301781419,-0.14936046564256733,0.9446448969230969,-0.004490426410896919,True
2026-05-05 00:00:00+00:00,27760.0,28207.25,28247.0,27731.75,23,1,27760.0,27852.5,27973.5,28135.5,28085.0,28207.25,27780.25,27743.0,2026-05-04 00:00:00+00:00,1.0,0.061276718451508394,0.6956380882101598,0.3332132564841439,0.43443137958889544,0.5791195238350477,0.25501590517318373,True
2026-05-06 00:00:00+00:00,28250.0,28712.25,28800.0,28243.0,23,2,28250.0,28354.25,28457.75,28711.25,28468.25,28712.25,28135.5,28207.25,2026-05-05 00:00:00+00:00,1.0,0.1515567806149143,1.1453501803771138,0.36902654867256857,0.36502464357195397,0.8907942476126918,0.003482955287559264,False
2026-05-07 00:00:00+00:00,28662.75,28644.0,28944.75,28552.0,23,3,28662.75,28720.0,28755.25,28683.75,28781.5,28644.0,28711.25,28712.25,2026-05-06 00:00:00+00:00,1.0,-0.17240028210955272,0.15325003265269643,0.19973659191807602,0.12273676880223405,-0.24865024647673373,-0.1385802065629549,True
2026-05-08 00:00:00+00:00,28582.0,29332.5,29386.75,28541.0,23,4,28582.0,28803.75,28911.5,29340.0,29106.5,29332.5,28683.75,28644.0,2026-05-07 00:00:00+00:00,1.0,-0.21645021645021467,0.7940035734518736,0.7758379399622095,0.37408323568979274,1.4821091953029164,-0.02556237218813706,True
2026-05-11 00:00:00+00:00,29281.75,29400.0,29480.0,29225.75,23,0,29281.75,29321.5,29297.0,29429.25,29311.25,29400.0,29340.0,29332.5,2026-05-08 00:00:00+00:00,3.0,-0.1730162788715628,-0.1465576005453273,0.13575008324298032,-0.08355643469808438,0.45141140731133067,-0.09939091210275919,True
2026-05-12 00:00:00+00:00,29399.0,29134.25,29455.75,28742.0,23,1,29399.0,29282.25,29222.75,29174.5,29129.0,29134.25,29429.25,29400.0,2026-05-11 00:00:00+00:00,1.0,-0.0034013605442195782,-0.7016828495459482,-0.3971223511003763,-0.20319476816159643,-0.16511108639672978,-0.13796294709420565,True
2026-05-13 00:00:00+00:00,29143.75,29536.0,29565.5,29055.5,23,2,29143.75,29296.25,29237.5,29476.0,29170.25,29536.0,29174.5,29134.25,2026-05-12 00:00:00+00:00,1.0,0.032607669667150674,0.21594200414745135,0.523268282221756,-0.2005376114690427,0.8157332193244882,0.20355543493011385,True
2026-05-14 00:00:00+00:00,29537.0,29688.5,29782.0,29448.25,23,3,29537.0,29603.75,29494.25,29686.75,29542.0,29688.5,29476.0,29536.0,2026-05-13 00:00:00+00:00,1.0,0.003385698808244797,0.061914778124583236,0.22598774418525203,-0.36988557192922933,0.6526695881400535,0.005894885765544977,True
2026-05-15 00:00:00+00:00,29690.0,29231.75,29734.0,29089.75,23,4,29690.0,29281.75,29191.0,29231.25,29144.0,29231.75,29686.75,29688.5,2026-05-14 00:00:00+00:00,1.0,0.00505246139077542,-1.669936924722304,-1.3750421017177494,-0.3099200013660375,0.13788496454387733,0.001710498182605491,True
2026-05-18 00:00:00+00:00,29270.25,29076.0,29419.75,28814.75,23,0,29270.25,29042.0,29408.25,29098.75,29242.5,29076.0,29231.25,29231.75,2026-05-15 00:00:00+00:00,3.0,0.13170610722930132,0.6055163566388799,-0.7798020174067499,1.2611046071207221,-1.052425764878906,-0.07818205249365828,True
2026-05-19 00:00:00+00:00,29100.0,28899.25,29188.5,28663.0,23,1,29100.0,28936.25,28912.25,28923.25,28936.75,28899.25,29098.75,29076.0,2026-05-18 00:00:00+00:00,1.0,0.08254230293025522,-0.640921001761241,-0.5627147766323004,-0.08294094777312466,0.038046156905813255,-0.08297822685900957,True
2026-05-20 00:00:00+00:00,28929.75,29390.5,29397.5,28797.25,23,2,28929.75,28952.5,29103.75,29396.0,29100.75,29390.5,28923.25,28899.25,2026-05-19 00:00:00+00:00,1.0,0.10553907108314942,0.6240654145021729,0.07863877150684484,0.5224073914169791,1.0041661297942595,-0.01871002857531945,True
2026-05-21 00:00:00+00:00,29253.0,29455.5,29554.0,29113.0,23,3,29253.0,29366.25,29193.5,29445.25,29287.5,29455.5,29396.0,29390.5,2026-05-20 00:00:00+00:00,1.0,-0.467838247052621,-0.6888692339093727,0.38713978053532827,-0.5882603328651093,0.8623494956069067,0.03481036839558804,True
2026-05-22 00:00:00+00:00,29444.0,29558.75,29749.0,29436.0,23,4,29444.0,29545.25,29594.25,29551.25,29643.0,29558.75,29445.25,29455.5,2026-05-21 00:00:00+00:00,1.0,-0.03904194462833743,0.5060238917991899,0.3438731150658958,0.1658473020197837,-0.14529849548476914,0.025379637071187844,True
2026-05-27 00:00:00+00:00,30050.0,30125.25,30379.0,29877.5,23,2,30050.0,30103.5,30260.75,30047.25,30060.75,30125.25,30079.25,30044.25,2026-05-26 00:00:00+00:00,1.0,0.01913843747138877,0.6034060024767918,0.178036605657228,0.5223645091102291,-0.7055343968672245,0.2595911439482901,True
2026-05-28 00:00:00+00:00,30120.0,30313.0,30344.5,29763.0,23,3,30120.0,29905.5,30056.75,30306.75,29992.25,30313.0,30047.25,30125.25,2026-05-27 00:00:00+00:00,1.0,-0.017427241267709004,0.031616870096273786,-0.7121513944223112,0.5057598100683736,0.831759920816455,0.020622468591979803,True
2026-05-29 00:00:00+00:00,30328.0,30405.25,30536.0,30216.5,23,4,30328.0,30301.0,30349.5,30396.25,30518.0,30405.25,30306.75,30313.0,2026-05-28 00:00:00+00:00,1.0,0.04948371985615818,0.14105768516914363,-0.0890266420469521,0.16006072406851146,0.15403878152853157,0.029608915573464678,True
2026-06-01 00:00:00+00:00,30379.25,30522.5,30693.0,30291.5,23,0,30379.25,30579.5,30449.0,30571.25,30314.5,30522.5,30396.25,30405.25,2026-05-29 00:00:00+00:00,3.0,-0.08551154817013629,0.17354114405558896,0.6591670301274721,-0.4267564871891283,0.40149101776740803,-0.15946354826839038,True
2026-06-02 00:00:00+00:00,30544.75,30743.0,30763.25,30317.75,23,1,30544.75,30476.0,30529.75,30707.25,30603.0,30743.0,30571.25,30522.5,2026-06-01 00:00:00+00:00,1.0,0.07289704316488788,-0.13574845647462697,-0.2250795963299801,0.1763682898018093,0.5814001097290245,0.11642201760171389,True
2026-06-03 00:00:00+00:00,30741.75,30495.0,30807.75,30478.25,23,2,30741.75,30689.75,30716.75,30635.75,30562.0,30495.0,30707.25,30743.0,2026-06-02 00:00:00+00:00,1.0,-0.004065966236221907,0.0309373193627005,-0.16915107305212063,0.08797725625004915,-0.26369977292519664,-0.4594305672294574,True
2026-06-04 00:00:00+00:00,30453.0,30399.5,30603.25,30151.0,23,3,30453.0,30484.5,30310.25,30485.25,30247.75,30399.5,30635.75,30495.0,2026-06-03 00:00:00+00:00,1.0,-0.13772749631086878,-1.0624841892233783,0.10343808491775075,-0.5716019616526458,0.5773624433978553,-0.28128357156329553,True
2026-06-05 00:00:00+00:00,30414.0,29026.5,30422.0,28781.25,23,4,30414.0,30170.25,30054.25,29016.5,29774.25,29026.5,30485.25,30399.5,2026-06-04 00:00:00+00:00,1.0,0.04769815293015345,-1.4137984763123113,-0.8014401262576465,-0.38448471590391,-3.452922631574573,0.03446315027657576,True
2026-06-08 00:00:00+00:00,28898.5,29435.25,29743.0,28872.25,23,0,28898.5,29016.75,29484.5,29452.75,29350.25,29435.25,29016.5,29026.5,2026-06-05 00:00:00+00:00,3.0,-0.4409763491981411,1.6128754329433281,0.40919078844923185,1.6119999655371364,-0.10768369821431145,-0.05941720212883084,True
2026-06-09 00:00:00+00:00,29435.0,29140.5,29848.25,28227.75,23,1,29435.0,29634.75,29735.75,29117.0,29672.75,29140.5,29452.75,29435.25,2026-06-08 00:00:00+00:00,1.0,-0.0008493218165317451,0.9608610401405704,0.6786138950229281,0.34081610271725626,-2.080828632201981,0.08070886423738877,True
2026-06-10 00:00:00+00:00,29094.75,28472.0,29250.0,28409.0,23,2,29094.75,28945.0,28833.25,28527.25,29021.25,28472.0,29117.0,29140.5,2026-06-09 00:00:00+00:00,1.0,-0.1569979924846865,-0.9745166054195176,-0.5146976688234162,-0.3860770426671323,-1.0612747435686187,-0.19367446914791975,True
2026-06-11 00:00:00+00:00,28455.0,29433.25,29544.25,28265.75,23,3,28455.0,28746.0,28814.5,29457.75,28899.5,29433.25,28527.25,28472.0,2026-06-10 00:00:00+00:00,1.0,-0.05970778308513891,1.0069319685563904,1.0226673695308275,0.23829402351631668,2.232383001613769,-0.08316996376165342,True
2026-06-12 00:00:00+00:00,29456.75,29662.0,29760.0,29230.0,23,4,29456.75,29401.75,29412.25,29650.5,29354.0,29662.0,29457.75,29433.25,2026-06-11 00:00:00+00:00,1.0,0.07984167565593392,-0.15445850412879603,-0.18671442029416507,0.03571215999047528,0.810036634395539,0.03878518068836101,True
2026-06-15 00:00:00+00:00,30074.0,30832.0,30915.0,29987.75,23,0,30074.0,30235.75,30581.25,30872.75,30703.75,30832.0,29650.5,29662.0,2026-06-12 00:00:00+00:00,3.0,1.3889825365787978,3.139070167450808,0.5378399946798007,1.1426870509248177,0.9531984467606724,-0.13199342462203445,False
2026-06-16 00:00:00+00:00,30838.0,30300.5,30975.5,30272.25,23,1,30838.0,30806.5,30826.0,30309.75,30808.0,30300.5,30872.75,30832.0,2026-06-15 00:00:00+00:00,1.0,0.019460300985985057,-0.15142803929031334,-0.10214670212076449,0.06329832989790951,-1.6747226367352264,-0.03051823258192199,True
2026-06-17 00:00:00+00:00,30306.5,30141.75,30584.5,29923.0,23,2,30306.5,30501.25,30491.25,29994.75,30346.0,30141.75,30309.75,30300.5,2026-06-16 00:00:00+00:00,1.0,0.01980165343806739,0.598817212283187,0.6426014221371679,-0.032785541576163535,-1.6283359980322265,0.49008576500888523,True
2026-06-18 00:00:00+00:00,30142.5,30726.5,30783.25,30096.0,23,3,30142.5,30353.75,30514.0,30693.5,30469.25,30726.5,29994.75,30141.75,2026-06-17 00:00:00+00:00,1.0,0.002488243051579353,1.7311362821827103,0.7008376876503242,0.5279413581517955,0.58825457167202,0.10751462035936132,True
2026-06-22 00:00:00+00:00,30577.0,30662.5,30968.0,30337.5,23,0,30577.0,30641.5,30801.0,30654.0,30936.25,30662.5,,30506.5,2026-06-19 00:00:00+00:00,3.0,0.23109829052825326,,0.2109428655525436,0.5205358745492328,-0.477257231908057,0.027728844522734164,True
2026-06-23 00:00:00+00:00,30662.75,29752.0,30701.25,29577.25,23,1,30662.75,30107.25,29735.0,29651.0,29926.0,29752.0,30654.0,30662.5,2026-06-22 00:00:00+00:00,1.0,0.000815328169578855,-2.9979774254583424,-1.8116444219778094,-1.236413156299565,-0.2824953758197357,0.3406293211021483,True
2026-06-24 00:00:00+00:00,29770.0,30095.25,30157.75,29264.75,23,2,29770.0,29819.5,29764.25,29514.0,29684.25,30095.25,29651.0,29752.0,2026-06-23 00:00:00+00:00,1.0,0.060500134444740894,0.38194327341405376,0.1662747732616765,-0.18528144335082652,-0.8407737470287335,1.9694043504777436,True
2026-06-25 00:00:00+00:00,30089.75,29759.25,30263.75,29295.75,23,3,30089.75,30091.0,30202.75,29749.25,29316.75,29759.25,29514.0,30095.25,2026-06-24 00:00:00+00:00,1.0,-0.018275309226534198,2.3336382733617933,0.00415423856960917,0.3713735003821661,-1.5015189014245367,0.033614292797290446,True
2026-06-26 00:00:00+00:00,29742.0,29368.25,29892.75,29160.5,23,4,29742.0,29326.5,29317.25,29317.75,29444.0,29368.25,29749.25,29759.25,2026-06-25 00:00:00+00:00,1.0,-0.0579651704932127,-1.4521374488432492,-1.3970143231793464,-0.031541438630589,0.001705480561775552,0.17225059903982487,True
2026-06-29 00:00:00+00:00,29504.5,29995.0,30069.5,29273.75,23,0,29504.5,29670.25,29705.75,30047.5,29618.75,29995.0,29317.75,29368.25,2026-06-26 00:00:00+00:00,3.0,0.4639363938947705,1.3234303450980978,0.5617787117219386,0.11964846942644769,1.1504506703247763,-0.17472335468841083,True
2026-06-30 00:00:00+00:00,30007.25,30500.75,30599.75,29934.75,23,1,30007.25,30167.75,30014.25,30514.0,30366.75,30500.75,30047.5,29995.0,2026-06-29 00:00:00+00:00,1.0,0.04084014002334602,-0.11065812463599833,0.5348707395712804,-0.5088215064099955,1.6650424381752016,-0.04342269122370457,True
2026-07-01 00:00:00+00:00,30505.75,30064.25,30553.75,30008.5,23,2,30505.75,30430.0,30267.75,30080.25,30280.0,30064.25,30514.0,30500.75,2026-06-30 00:00:00+00:00,1.0,0.016393039515416596,-0.8070066199121761,-0.24831384247232524,-0.5331909300032911,-0.6194712193671514,-0.05319104728185309,True
2026-07-02 00:00:00+00:00,30089.75,29551.75,30320.0,29328.5,23,3,30089.75,30052.0,30185.0,29539.5,30257.75,29551.75,30080.25,30064.25,2026-07-01 00:00:00+00:00,1.0,0.084818347372706,0.34823513767339165,-0.1254580048023035,0.4425662185544965,-2.138479377174096,0.04146989624063124,True
2026-07-06 00:00:00+00:00,29930.25,29947.75,30094.0,29683.0,23,0,29930.25,29791.5,29934.75,29951.0,29935.5,29947.75,,29768.0,2026-07-03 00:00:00+00:00,3.0,0.5450483740929934,,-0.4635778184278405,0.4808418508635004,0.054284735967402575,-0.010851056725991182,True
2026-07-07 00:00:00+00:00,29960.0,29419.5,29973.75,29210.0,23,1,29960.0,29688.75,29642.25,29395.5,29468.75,29419.5,29951.0,29947.75,2026-07-06 00:00:00+00:00,1.0,0.040904575468947435,-1.0308503889686516,-0.9053738317757021,-0.15662498421119553,-0.8324266882574705,0.08164514976782833,True
2026-07-08 00:00:00+00:00,29373.75,29391.25,29558.75,28909.75,23,2,29373.75,29346.75,29154.75,29457.75,29366.25,29391.25,29395.5,29419.5,2026-07-07 00:00:00+00:00,1.0,-0.15550910110641025,-0.8190029086084571,-0.09191880505553529,-0.6542462112499647,1.0392817636920126,-0.22574704449592753,True
2026-07-09 00:00:00+00:00,29412.0,29931.25,29993.5,29395.0,23,3,29412.0,29606.5,29735.25,29948.0,29909.75,29931.25,29457.75,29391.25,2026-07-08 00:00:00+00:00,1.0,0.07059924297196929,0.9420271405657266,0.6612947096423127,0.4348707209565372,0.7154807845906719,-0.05593027915052895,False
2026-07-10 00:00:00+00:00,29937.75,30032.25,30077.75,29675.0,23,4,29937.75,29847.25,29800.5,30037.25,29922.75,30032.25,29948.0,29931.25,2026-07-09 00:00:00+00:00,1.0,0.021716433493423892,-0.4925203686389712,-0.3022939265642899,-0.15663084538776184,0.7944497575544052,-0.016645997885955666,True
2026-07-13 00:00:00+00:00,29894.25,29428.75,30041.0,29386.5,23,0,29894.25,29650.5,29719.25,29466.5,29631.0,29428.75,30037.25,30032.25,2026-07-10 00:00:00+00:00,3.0,-0.4595060310166543,-1.058685465546949,-0.8153741940339687,0.23186792802818434,-0.8504588776634625,-0.12811158434153924,True
2026-07-14 00:00:00+00:00,29446.0,29793.5,29921.75,29303.5,23,1,29446.0,29592.0,29773.75,29786.75,29780.25,29793.5,29466.5,29428.75,2026-07-13 00:00:00+00:00,1.0,0.058616149173862375,1.0427095175877588,0.4958228621884109,0.6141862665585363,0.04366262227633033,0.022661082528308008,True
2026-07-15 00:00:00+00:00,29805.0,29707.5,30062.5,29397.0,23,2,29805.0,30031.75,29980.0,29700.5,29823.5,29707.5,29786.75,29793.5,2026-07-14 00:00:00+00:00,1.0,0.03859902327689735,0.6487783997918495,0.760778392887107,-0.17231763050771232,-0.9322881921280834,0.02356862679080418,True
2026-07-16 00:00:00+00:00,29709.0,29179.0,29797.0,29078.5,23,3,29709.0,29687.75,29393.25,29217.0,29346.5,29179.0,29700.5,29707.5,2026-07-15 00:00:00+00:00,1.0,0.005049229992426518,-1.0344943687816688,-0.071527146655892,-0.9919916463861367,-0.5996274654895273,-0.13006126570147547,True
2026-07-17 00:00:00+00:00,29191.0,28773.25,29220.0,28408.25,19,4,29191.0,,28664.0,28764.25,28678.25,28773.25,29217.0,29179.0,2026-07-16 00:00:00+00:00,1.0,0.04112546694541308,-1.8927336824451468,,,0.34974183644991275,0.03128883944478744,True
2026-07-20 00:00:00+00:00,28733.75,28777.0,29192.5,28709.75,23,0,28733.75,28808.0,29025.25,28785.75,28995.75,28777.0,28764.25,28773.25,2026-07-17 00:00:00+00:00,3.0,-0.1372802863771061,0.9073763438991023,0.25840692565362033,0.7541307970008404,-0.8251436249472444,-0.030396984619129874,True
2026-07-21 00:00:00+00:00,28778.75,29289.75,29364.75,28701.0,23,1,28778.75,29096.75,29173.5,29310.75,29153.75,29289.75,28785.75,28777.0,2026-07-20 00:00:00+00:00,1.0,0.00608124543906019,1.3470206612646862,1.1049819745471812,0.26377516389286537,0.4704612062316871,-0.07164606842199328,True
2026-07-22 00:00:00+00:00,29310.5,29165.0,29342.25,28952.0,23,2,29310.5,29168.0,29017.5,29159.5,29275.75,29165.0,29310.75,29289.75,2026-07-21 00:00:00+00:00,1.0,0.07084389590215068,-1.0004861697500034,-0.4861738967264273,-0.5159764125068578,0.48935986904454776,0.0188617774653288,True
2026-07-23 00:00:00+00:00,29115.75,28739.25,29282.5,28432.5,23,3,29115.75,29086.0,28786.5,28614.25,28706.5,28739.25,29159.5,29165.0,2026-07-22 00:00:00+00:00,1.0,-0.16886679238813374,-1.2791714535571597,-0.102178374247619,-1.029705012720894,-0.5983707640734415,0.4368452781393861,True
2026-07-24 00:00:00+00:00,28700.25,28282.25,28736.0,28212.5,23,4,28700.25,28546.25,28592.0,28283.25,28322.5,28282.25,28614.25,28739.25,2026-07-23 00:00:00+00:00,1.0,-0.1357029150029998,-0.07775845950881433,-0.5365806918058214,0.16026623461926626,-1.0798475097929527,-0.003535661566478332,False
2026-07-27 00:00:00+00:00,28594.5,28210.0,28763.25,27939.0,23,0,28594.5,28695.75,28690.5,28193.0,28348.25,28210.0,28283.25,28282.25,2026-07-24 00:00:00+00:00,3.0,1.104049359580661,1.4398981729468963,0.3540890730734825,-0.018295392174794145,-1.73402345724194,0.060298655694679404,True
2026-07-28 00:00:00+00:00,28210.5,27960.5,28228.0,27603.5,23,1,28210.5,27882.5,27993.75,27919.5,27663.0,27960.5,28193.0,28210.0,2026-07-27 00:00:00+00:00,1.0,0.001772421127266277,-0.7067357145390751,-1.1626876517608742,0.39899578588720175,-0.26523777628935097,0.14685076738480962,True
2026-07-29 00:00:00+00:00,27966.5,27259.25,28178.25,27201.5,23,2,27966.5,27794.0,27908.5,27338.75,27734.0,27259.25,27919.5,27960.5,2026-07-28 00:00:00+00:00,1.0,0.021458843725974397,-0.0393989863715305,-0.6168093969570743,0.4119594157012241,-2.0414927351881995,-0.29079603127428744,True
2026-07-30 00:00:00+00:00,27211.25,28333.5,28414.5,27202.0,23,3,27211.25,27485.75,27807.0,28230.25,28152.25,28333.5,27338.75,27259.25,2026-07-29 00:00:00+00:00,1.0,-0.17608701633390345,1.712770335147007,1.0087739446001276,1.1687874625942563,1.5220987521127771,0.3657424216930494,True
2026-07-31 00:00:00+00:00,28317.0,28404.25,28725.75,28079.75,23,4,28317.0,28585.5,28471.0,28403.5,28356.0,28404.25,28230.25,28333.5,2026-07-30 00:00:00+00:00,1.0,-0.05823495155911074,0.8528086007031366,0.948193664583119,-0.4005527277815668,-0.23708334796810338,0.0026405196542622633,True
2026-08-03 00:00:00+00:00,28601.0,28929.25,28964.25,28313.5,23,0,28601.0,28642.5,28459.25,28900.5,28623.75,28929.25,28403.5,28404.25,2026-07-31 00:00:00+00:00,3.0,0.6926780323367021,0.1962786276339168,0.14509982168455782,-0.6397835384481132,1.550462503403982,0.0994792477638784,True
2026-08-04 00:00:00+00:00,28930.0,29818.25,29956.5,28831.75,23,1,28930.0,29073.5,29203.25,29875.0,29464.25,29818.25,28900.5,28929.25,2026-08-03 00:00:00+00:00,1.0,0.002592531780121199,1.047559730800507,0.49602488765987385,0.4462826973016698,2.3002576767996663,-0.1899581589958177,True
2026-08-05 00:00:00+00:00,29777.25,29600.25,30074.0,29530.75,23,2,29777.25,29978.5,29917.25,29607.5,30041.0,29600.25,29875.0,29818.25,2026-08-04 00:00:00+00:00,1.0,-0.13749968559523262,0.14142259414224867,0.6758515309506441,-0.2043130910485802,-1.0353558565710408,-0.02448703875707059,True
2026-08-06 00:00:00+00:00,29569.5,29504.25,29686.25,29241.25,23,3,29569.5,29581.0,29400.25,29497.0,29529.0,29504.25,29607.5,29600.25,2026-08-05 00:00:00+00:00,1.0,-0.1038842577343102,-0.6999915561935355,0.038891425286191605,-0.6110341097326,0.3290788343636608,0.024578770722438747,True
2026-08-07 00:00:00+00:00,29514.25,29834.75,29867.75,29453.5,23,4,29514.25,29523.5,29843.25,29834.25,29679.75,29834.75,29497.0,29504.25,2026-08-06 00:00:00+00:00,1.0,0.0338934221340903,1.1738481879513207,0.03134079300677328,1.083035547953326,-0.03015757332059943,0.0016759261586951624,True
2026-08-10 00:00:00+00:00,29851.75,29764.25,29984.0,29718.75,23,0,29851.75,29929.75,29778.5,29744.25,29806.75,29764.25,29834.25,29834.75,2026-08-07 00:00:00+00:00,3.0,0.056980534443895614,-0.18686576669432187,0.2612912140829371,-0.5053500279821876,-0.11501586715247925,0.06723988670078729,True
2026-08-11 00:00:00+00:00,29764.5,29646.75,29886.75,29533.5,23,1,29764.5,29792.5,29832.25,29635.75,29732.25,29646.75,29744.25,29764.25,2026-08-10 00:00:00+00:00,1.0,0.0008399338132125678,0.2958555014834774,0.09407179693929901,0.13342284131911963,-0.6586831365384738,0.03711733295090891,True
2026-08-12 00:00:00+00:00,29657.75,29805.75,30001.75,29624.5,23,2,29657.75,29715.0,29920.75,29852.75,29907.5,29805.75,29635.75,29646.75,2026-08-11 00:00:00+00:00,1.0,0.03710356109860591,0.9616763537281914,0.19303554720098148,0.69241124011441,-0.22726703040532037,-0.15743943187813692,True
2026-08-13 00:00:00+00:00,29826.0,30214.25,30272.75,29780.5,23,3,29826.0,29885.25,29881.25,30193.75,30175.75,30214.25,29852.75,29805.75,2026-08-12 00:00:00+00:00,1.0,0.06793991092322038,0.09546859167077759,0.19865218265942008,-0.01338452915735644,1.0458063166701503,0.0678948457876194,True
2026-08-14 00:00:00+00:00,30210.75,30141.75,30283.0,30028.5,23,4,30210.75,30174.75,30268.5,30144.25,30225.75,30141.75,30193.75,30214.25,2026-08-13 00:00:00+00:00,1.0,-0.011583938042480924,0.24756779134753604,-0.11916288076264658,0.3106902294136571,-0.4104927564960281,-0.008293455634156288,True
2026-08-17 00:00:00+00:00,30192.25,30078.25,30343.0,30054.5,23,0,30192.25,30274.75,30202.25,30090.5,30235.25,30078.25,30144.25,30141.75,2026-08-14 00:00:00+00:00,3.0,0.16754169880648373,0.19240817071248806,0.27324892977502735,-0.23947348863326834,-0.3700055459444296,-0.04071052325484992,True
2026-08-18 00:00:00+00:00,30077.25,29559.5,30121.25,29514.0,23,1,30077.25,29841.5,29713.25,29586.5,29647.0,29559.5,30090.5,30078.25,2026-08-17 00:00:00+00:00,1.0,-0.003324661507897453,-1.2537179508482765,-0.7838150096833973,-0.42977062144999856,-0.42657736868232377,-0.0912578371892625,True
2026-08-19 00:00:00+00:00,29569.0,29561.0,29757.25,29375.75,23,2,29569.0,29455.75,29743.0,29521.5,29497.5,29561.0,29586.5,29559.5,2026-08-18 00:00:00+00:00,1.0,0.03213856797306125,0.5289574637081129,-0.38300246880178523,0.9751916009607564,-0.7447130417240988,0.1338007892552895,True
2026-08-20 00:00:00+00:00,29561.25,29317.25,29689.75,29202.75,23,3,29561.25,29607.0,29346.75,29305.25,29354.0,29317.25,29521.5,29561.0,2026-08-19 00:00:00+00:00,1.0,0.0008457088731761431,-0.5919414663889011,0.1547634149435595,-0.879015097780933,-0.14141259253580563,0.04094829424761137,True
2026-08-21 00:00:00+00:00,29327.25,29387.75,29539.0,29220.0,23,4,29327.25,29364.75,29511.75,29395.25,29303.25,29387.75,29305.25,29317.25,2026-08-20 00:00:00+00:00,1.0,0.03410961123571088,0.7046518968444326,0.12786742705164222,0.5006002094347872,-0.39475802011063044,-0.025514326294218126,True
2026-08-24 00:00:00+00:00,29321.0,29131.25,29480.5,28946.75,23,0,29321.0,29200.25,29205.75,29099.5,29023.0,29131.25,29395.25,29387.75,2026-08-21 00:00:00+00:00,3.0,-0.22713545609990282,-0.6446619777004781,-0.41182087923331556,0.018835455175891802,-0.3637982246646687,0.10910840392446275,True
2026-08-25 00:00:00+00:00,29140.5,29287.5,29425.75,29017.0,23,1,29140.5,29232.25,29334.0,29270.5,29310.0,29287.5,29099.5,29131.25,2026-08-24 00:00:00+00:00,1.0,0.031752842737620135,0.8058557707177005,0.3148538974966142,0.3480744725431695,-0.21647235290107592,0.058078953212281625,True
2026-08-26 00:00:00+00:00,29288.0,29432.5,29437.75,29096.0,23,2,29288.0,29242.25,29151.75,29297.25,29331.25,29432.5,29270.5,29287.5,2026-08-25 00:00:00+00:00,1.0,0.0017072129748108011,-0.4056985702328264,-0.15620732040425578,-0.30948370935889313,0.49911240320048567,0.4616474242463031,True
2026-08-27 00:00:00+00:00,29499.5,29635.25,29708.0,29401.75,23,3,29499.5,29437.5,29522.0,29692.0,29483.5,29635.25,29297.25,29432.5,2026-08-26 00:00:00+00:00,1.0,0.22763951414253025,0.7671368473150197,-0.21017305378057127,0.2870488322717524,0.5758417451392273,-0.19112892361579092,True
2026-08-28 00:00:00+00:00,29632.0,29509.5,29811.5,29436.25,23,4,29632.0,29599.25,29659.5,29496.25,29632.0,29509.5,29692.0,29635.25,2026-08-27 00:00:00+00:00,1.0,-0.01096666975982652,-0.10945709281960925,-0.11052240820734749,0.20355245487639895,-0.5504138640233358,0.04492096452939354,True
2026-08-31 00:00:00+00:00,29457.25,29521.0,29538.25,29273.5,23,0,29457.25,29462.0,29389.5,29507.25,29439.0,29521.0,29496.25,29509.5,2026-08-28 00:00:00+00:00,3.0,-0.17706162422270744,-0.3619104123405492,0.016125062590699457,-0.246079695879442,0.40065329454397336,0.046598717264401124,True
2026-09-01 00:00:00+00:00,29519.75,29139.0,29571.25,29002.0,23,1,29519.75,29562.0,29125.75,29126.0,29108.75,29139.0,29507.25,29521.0,2026-08-31 00:00:00+00:00,1.0,-0.004234273906711383,-1.2929025917359338,0.1431245183309393,-1.4757120627833076,0.0008583469953471479,0.044633660646842266,True
2026-09-02 00:00:00+00:00,29136.5,29141.0,29213.0,28927.25,23,2,29136.5,29072.0,29040.25,29190.5,29060.25,29141.0,29126.0,29139.0,2026-09-01 00:00:00+00:00,1.0,-0.008579566903466063,-0.29441049234361083,-0.22137181885264479,-0.10921161254815459,0.5173853530875183,-0.1695757181274682,True
2026-09-03 00:00:00+00:00,29180.25,29502.25,29584.25,29075.0,23,3,29180.25,29186.75,29243.75,29530.75,29331.75,29502.25,29190.5,29141.0,2026-09-02 00:00:00+00:00,1.0,0.1346899557324699,0.18242236344017115,0.022275340341493255,0.19529409749285964,0.981406283393893,-0.09650957053241038,True
2026-09-04 00:00:00+00:00,29506.0,29565.25,29704.5,29468.0,23,4,29506.0,29620.25,29547.0,29569.25,29689.0,29565.25,29530.75,29502.25,2026-09-03 00:00:00+00:00,1.0,0.012710894931733385,0.05502738670708496,0.3872093811428279,-0.24729703496763067,0.07530375334212636,-0.013527566644400135,True
2026-09-09 00:00:00+00:00,29526.5,29460.0,29633.75,29333.0,23,2,29526.5,29622.0,29389.5,29454.5,29558.25,29460.0,29542.0,29525.75,2026-09-08 00:00:00+00:00,1.0,0.0025401556268622727,-0.5162142035068706,0.3234382673191982,-0.7848896090743351,0.2211674237397654,0.018672868322333613,True
2026-09-10 00:00:00+00:00,29456.5,29143.25,29508.25,29043.25,23,3,29456.5,29484.0,29058.75,29138.25,29099.5,29143.25,29454.5,29460.0,2026-09-09 00:00:00+00:00,1.0,-0.01188051595383266,-1.343597752465664,0.09335800247822768,-1.4423076923076872,0.27358368821783774,0.017159575472103228,True
2026-09-11 00:00:00+00:00,29141.0,29387.0,29500.25,29048.5,23,4,29141.0,29232.75,29470.5,29386.5,29473.0,29387.0,29138.25,29143.25,2026-09-10 00:00:00+00:00,1.0,-0.007720484160145258,1.1402537901212373,0.3148484952472552,0.8133001513713323,-0.28503079350536975,0.0017014615554700185,True
2026-09-14 00:00:00+00:00,29002.5,29489.75,29604.5,28816.25,23,0,29002.5,29025.5,28880.0,29448.5,29003.25,29489.75,29386.5,29387.0,2026-09-11 00:00:00+00:00,3.0,-1.3084016742096805,-1.723580555697346,0.07930350831824029,-0.5012833542919148,1.9684903047091362,0.14007504626720735,True
2026-09-15 00:00:00+00:00,29488.5,29277.0,29495.25,29207.5,23,1,29488.5,29378.25,29432.25,29251.5,29429.5,29277.0,29448.5,29489.75,2026-09-14 00:00:00+00:00,1.0,-0.004238760925401319,-0.05518107883253354,-0.37387456126964924,0.1838094508692656,-0.6141222638432309,0.08717501666581917,True
2026-09-16 00:00:00+00:00,29272.75,29263.75,29549.75,29053.0,23,2,29272.75,29334.0,29399.25,29254.25,29479.75,29263.75,29251.5,29277.0,2026-09-15 00:00:00+00:00,1.0,-0.014516514670215308,0.5051023024460255,0.20923896798217267,0.2224381264062103,-0.49320986079577356,0.03247391404668232,True
2026-09-17 00:00:00+00:00,29271.0,29720.5,29793.25,29247.75,23,3,29271.0,29372.5,29724.25,29744.75,29689.5,29720.5,29254.25,29263.75,2026-09-16 00:00:00+00:00,1.0,0.02477467856989435,1.606604168625081,0.3467595914044663,1.1975487275512897,0.06896725737401965,-0.08152699215827619,True
2026-09-18 00:00:00+00:00,29723.75,29917.25,29993.25,29648.0,23,4,29723.75,29846.25,29774.0,29915.75,29776.0,29917.25,29744.75,29720.5,2026-09-17 00:00:00+00:00,1.0,0.010935213068430372,0.09833668126308925,0.4121283485428284,-0.24207396239058765,0.4760865184389118,0.005014081211407451,True
2026-09-21 00:00:00+00:00,29946.5,30781.0,30862.75,29945.0,23,0,29946.5,30090.5,30223.75,30784.0,30416.25,30781.0,29915.75,29917.25,2026-09-18 00:00:00+00:00,3.0,0.09776968137111819,1.0295580087412048,0.4808575292605255,0.44283079377211987,1.8536746763720524,-0.009745322245324761,False
2026-09-22 00:00:00+00:00,30778.5,31002.0,31065.5,30670.0,23,1,30778.5,30816.5,30752.25,31030.5,30929.75,31002.0,30784.0,30781.0,2026-09-21 00:00:00+00:00,1.0,-0.008121893375778733,-0.10313799376299171,0.1234628068294441,-0.20849220385182887,0.9048118430358798,-0.0918451201237458,True
2026-09-23 00:00:00+00:00,31007.25,30776.0,31094.75,30642.75,23,2,31007.25,31030.5,30968.0,30769.5,30846.25,30776.0,31030.5,31002.0,2026-09-22 00:00:00+00:00,1.0,0.016934391329592735,-0.20141473711348112,0.07498246377863893,-0.20141473711348112,-0.6409842417979816,0.021124815157858023,True
2026-09-24 00:00:00+00:00,30781.0,30736.25,30827.5,30370.0,23,3,30781.0,30608.0,30486.5,30756.75,30578.75,30736.25,30769.5,30776.0,2026-09-23 00:00:00+00:00,1.0,0.016246425786325958,-0.9197419522579131,-0.5620350216042347,-0.3969550444328229,0.886457940399854,-0.06665203573199552,True
2026-09-25 00:00:00+00:00,30729.5,30921.75,30999.5,30679.0,23,4,30729.5,30849.5,30878.0,30891.5,30900.25,30921.75,30756.75,30736.25,2026-09-24 00:00:00+00:00,1.0,-0.02196103948920447,0.39422240646362905,0.39050423859809946,0.09238399325759428,0.04372044821556731,0.09792337698071307,True
2026-09-28 00:00:00+00:00,30844.5,30556.75,30898.25,30356.75,23,0,30844.5,30649.75,30739.75,30566.75,30650.75,30556.75,30891.5,30921.75,2026-09-25 00:00:00+00:00,3.0,-0.24982415290207838,-0.4912354531181662,-0.631392954983867,0.2936402417637929,-0.5627892224237319,-0.032715287035745,False
2026-09-29 00:00:00+00:00,30560.5,30652.75,30725.5,30372.25,23,1,30560.5,30430.25,30632.0,30617.25,30608.75,30652.75,30566.75,30556.75,2026-09-28 00:00:00+00:00,1.0,0.01227224753941325,0.2134672479082722,-0.4262037597552393,0.662991595534046,-0.04815225907547349,0.11594770921621311,True
2026-09-30 00:00:00+00:00,30657.0,30725.75,30906.0,30512.25,23,2,30657.0,30611.5,30713.75,30693.75,30841.25,30725.75,30617.25,30652.75,2026-09-29 00:00:00+00:00,1.0,0.013864987643841253,0.31518180110885474,-0.14841634863163033,0.3340247946033381,-0.06511741483863354,0.10425575239259022,True
2026-10-01 00:00:00+00:00,30707.75,30771.25,31151.5,30529.25,23,3,30707.75,31093.75,30818.75,30772.5,30749.5,30771.25,30693.75,30725.75,2026-09-30 00:00:00+00:00,1.0,-0.05858278479776713,0.40724903278355207,1.257011666435992,-0.8844221105527628,-0.15007097951733606,-0.004062068405230601,True
2026-10-02 00:00:00+00:00,30764.25,31061.75,31282.5,30760.25,23,4,30764.25,30874.0,31169.5,31069.75,31185.5,31061.75,30772.5,30771.25,2026-10-01 00:00:00+00:00,1.0,-0.022748507129222162,1.2901129255016741,0.356745248137047,0.9571160199520534,-0.3200243828101135,-0.025748517448642705,True
2026-10-05 00:00:00+00:00,31131.0,31339.5,31371.0,30957.5,23,0,31131.0,31045.5,30995.5,31338.5,31156.0,31339.5,31069.75,31061.75,2026-10-02 00:00:00+00:00,3.0,0.2229430086843065,-0.23897842757022447,-0.27464585140214437,-0.16105393696348447,1.1066122501653508,0.0031909631922344417,True
2026-10-06 00:00:00+00:00,31349.5,31500.5,31616.5,31309.25,23,1,31349.5,31379.5,31490.25,31480.75,31548.5,31500.5,31338.5,31339.5,2026-10-05 00:00:00+00:00,1.0,0.03190861373028042,0.48422866442234813,0.09569530614523813,0.35293742730126976,-0.030168067894031925,0.06273675182453253,True
2026-10-07 00:00:00+00:00,31510.0,31403.75,31521.0,31143.0,23,2,31510.0,31477.75,31259.25,31395.25,31238.75,31403.75,31480.75,31500.5,2026-10-06 00:00:00+00:00,1.0,0.030158251456335883,-0.7036045837535587,-0.10234846080608984,-0.694141099665635,0.43507121891919187,0.027074159307538537,True
